Workbook

Sheet 안내
A1: 성경 애니메이션 시리즈 제작표 (대한예수교장로회 합동측 기준)
A2: 창세기~요한계시록 66권 장면·주제 분할 · 시즌제 | 작성일 2026-10-22 | 개역개정 표기 기준
A4: 제작 변수 (노란 칸만 수정하세요)
A5: 시리즈 이름(가칭) | C5: 1분 성경 | D5: 참고 영상 분석 후 확정. 유튜브 제목안에 자동 반영
A6: 숏폼 1편 길이(초) | C6: 60 | D6: A타입 업로드본 길이. 권장 45~60초
A7: 롱폼에 넣는 A 1편 길이(초) | C7: 52 | D7: 롱폼으로 묶을 때 다음 편 예고(약 8초)를 뺀 길이
A8: 롱폼 인트로+아웃트로+연결(초) | C8: 120 | D8: 진행 캐릭터 인트로 30초 + 중간 질문 10초 + 아웃트로 60초 + 연결 20초
A9: 시즌1 시작일 (월요일) | C9: 46391 | D9: 예시 날짜입니다. 반드시 월요일로 입력하세요 (신약 월·수·금·토 계산 기준)
A10: 시즌2 시작일 (월요일) | C10: =안내!$C$9+7*(ROUNDUP(MAX(COUNTIFS(A타입_제작표!$C$2:$C$799,1,A타입_제작표!$D$2:$D$799,"구약")/7,COUNTIFS(A타입_제작표!$C$2:$C$799,1,A타입_제작표!$D$2:$D$799,"신약")/4),0)+1) -> 46580 | D10: 기본값: 시즌1이 끝난 뒤 1주 쉬고 시작. 원하는 월요일 날짜를 직접 입력해도 됩니다
A11: 시즌1 목표: 구약 편수 | C11: 182 | D11: 6개월(26주) × 매일 1편
A12: 시즌1 목표: 신약 편수 | C12: 104 | D12: 6개월(26주) × 주 4편
A14: 업로드 규칙
A15: 구약 트랙 | B15: 매일 1편 (월~일)
A16: 신약 트랙 | B16: 주 4편 (월·수·금·토)
A17: 시즌 1 (약 6개월) | B17: 구원 역사의 큰 줄기 + 누구나 아는 이야기 위주로 고른 편을 성경 순서대로 업로드
A18: 시즌 2 | B18: 시즌 1에서 다루지 않은 나머지 편을 성경 순서대로 업로드. 시즌 1 + 시즌 2 = 전체(빠짐없음, '누락점검' 시트에서 확인)
A19: 회차 번호 | B19: 트랙별로 이어서 매김 (예: 시즌1 구약 #001~#182 → 시즌2 구약 #183~). 성경 순서는 A코드로 유지
A20: 롱폼 | B20: 시즌 중에는 '롱폼_시즌별'(시즌·트랙별 7편 이상 묶음)을 올리고, 전체 완료 후 '롱폼_통합본'(성경 순서 84편)을 정주행·교회 교육용으로 사용
A22: 전체 규모 (자동 계산)
A23: 숏폼 총 편수 | C23: =COUNTA(A타입_제작표!$B$2:$B$799) -> 798 | D23: 편
A24: 시즌1 구약 / 신약 | C24: =COUNTIFS(A타입_제작표!$C$2:$C$799,1,A타입_제작표!$D$2:$D$799,"구약")&" / "&COUNTIFS(A타입_제작표!$C$2:$C$799,1,A타입_제작표!$D$2:$D$799,"신약") -> 182 / 104 | D24: 편
A25: 시즌2 구약 / 신약 | C25: =COUNTIFS(A타입_제작표!$C$2:$C$799,2,A타입_제작표!$D$2:$D$799,"구약")&" / "&COUNTIFS(A타입_제작표!$C$2:$C$799,2,A타입_제작표!$D$2:$D$799,"신약") -> 339 / 173 | D25: 편
A26: 시즌1 종료일 | C26: =_xlfn.MAXIFS(A타입_제작표!$U$2:$U$799,A타입_제작표!$C$2:$C$799,1) -> 46572
A27: 시즌2 종료일 (전체 완주) | C27: =_xlfn.MAXIFS(A타입_제작표!$U$2:$U$799,A타입_제작표!$C$2:$C$799,2) -> 46918
A28: 시즌1 기간 | C28: =ROUND((C26-안내!$C$9+1)/7,1) -> 26 | D28: 주
A29: 전체 기간 | C29: =ROUND((C27-안내!$C$9+1)/7,1) -> 75.4 | D29: 주 (쉬는 주 포함)
A30: 시즌별 롱폼 편수 | C30: =COUNTA(롱폼_시즌별!$B$2:$B$86) -> 85 | D30: 편
A31: 통합본 롱폼 편수 | C31: =COUNTA(롱폼_통합본!$B$2:$B$85) -> 84 | D31: 편
A32: 숏폼 총 분량 | C32: =ROUND(C23*안내!$C$6/3600,1) -> 13.3 | D32: 시간
A34: 분할 기준
A35: A타입 (숏폼·릴스) | B35: 45~60초, 장면 1개 · 메시지 1개. 이야기 책은 '장면형', 시가서·서신서·예언 등은 '주제형'으로 분할
A36: 롱폼 | B36: A타입 7편 이상을 하나의 이야기 단위로 묶어 약 8분 이상
A37: 진행 캐릭터 (절충안) | B37: A타입: 마지막 2~3초 등장(다음 편 안내) / 롱폼: 인트로·중간 질문·아웃트로 진행
A38: 스토리형 원칙 | B38: 쉬운 말 내레이션 + 핵심 구절 1개만 개역개정 인용. 성경에 없는 대사·장면은 최소화하고 '상상 장면'으로 감수
A39: 구속사 관점 | B39: 모든 롱폼에 '그리스도 연결점'을 두어 도덕 교훈에 그치지 않고 그리스도를 가리키도록 구성
A40: 시즌1 연결 내레이션 | B40: 시즌1은 중간 편을 건너뛰므로, A타입 '연결 내레이션' 칸에 적힌 건너뛴 내용을 1~2문장으로 요약해 흐름을 이어 줌
A41: 선별 분할한 책 | B41: 시편: 150편 중 대표 시편 31편을 5권 구조 순서로 선별; 마가복음: 마태복음과 겹치는 사건은 제외, 마가 고유 장면 위주 선별; 누가복음: 탄생 이야기와 누가 고유 비유·장면 위주 선별; 요한복음: 21장 전체를 다루되 일부 강화(講話)는 대표 단락으로 압축; 역대상: 사무엘서와 겹치는 내용은 압축, 역대기 고유 관점 중심; 역대하: 열왕기와 겹치는 내용은 압축, 역대기 고유 관점 중심
A43: 시트 구성
A44: A타입_제작표 | B44: 숏폼 전체 798편: 시즌, 트랙 회차, 본문, 제목, 첫 3초 훅, 핵심 구절, 메시지, 인물, 배경, 교리·연출 주의, 연결 내레이션, 업로드일, 제작 상태
A45: 롱폼_시즌별 | B45: 시즌 중 올릴 롱폼: 시즌·트랙별 묶음, 공개 예정일
A46: 롱폼_통합본 | B46: 성경 순서 롱폼 84편: 진행자 인트로 질문, 그리스도 연결점, 핵심 교리
A47: 누락점검 | B47: 시즌1+시즌2=전체, 중복·미배정·회차 연속성·권별 장 점검 (모두 '정상'이어야 함)
A48: 권별요약 | B48: 66권별 편수(시즌별), 분량, 분할 방식
A49: 인물_캐릭터시트 | B49: 주요 인물 외형·의상 가안과 삼위 하나님·천사·사탄 표현 규칙, 진행 캐릭터(가안)
A50: 교리감수_기준 | B50: 합동측 신앙 표준, 핵심 교리 체크, 이단 해석 경계 목록, 감수 절차
A51: 제작템플릿 | B51: A·롱폼 구성 공식, 프롬프트 5블록, 기술 규격, 메타데이터, 저작권·업로드 체크리스트
A52: 절기특집 | B52: 교회 절기별 추천 편성
A53: 표기통일 | B53: 개역개정 기준 용어·인명 표기
A55: ※ 노란 칸 = 수정 가능한 입력칸 / 상태 열은 목록에서 선택 / 그 외 숫자는 수식으로 자동 계산
A56: ※ 시즌 배정을 바꾸려면 data/시즌1_선정.lst 를 고친 뒤 scripts/build_xlsx.py 로 다시 만드세요 (누락 점검이 함께 실행됨)

Sheet A타입_제작표
A1: 순번 | B1: A코드 | C1: 시즌 | D1: 트랙 | E1: 트랙 회차 | F1: 회차 표기 | G1: 통합본 B | H1: 시즌 롱폼 | I1: 책 | J1: 본문 | K1: 유형 | L1: 제목 | M1: 첫 3초 훅 | N1: 핵심 구절 | O1: 한 줄 메시지 | P1: 등장인물 | Q1: 장소·배경 | R1: 교리·연출 주의 | S1: 연결 내레이션 | T1: 유튜브 제목안 | U1: 업로드 예정일 | V1: 요일 | W1: 다음 편 예고 | X1: 대본 | Y1: 교리감수 | Z1: 영상 | AA1: 업로드 | AB1: 비고 | AC1: 트랙키 | AD1: 시즌 내 순서
A2: 1 | B2: A0001 | C2: 1 | D2: 구약 | E2: =IF(C2=1,COUNTIFS($C$2:C2,1,$D$2:D2,D2),COUNTIFS($C$2:$C$799,1,$D$2:$D$799,D2)+COUNTIFS($C$2:C2,2,$D$2:D2,D2)) -> 1 | F2: =D2&" #"&TEXT(E2,"000") -> 구약 #001 | G2: B001 | H2: S1-L01 | I2: 창세기 | J2: 창 1:1-5 | K2: 장면 | L2: 태초에 | M2: 세상이 생기기 전엔 무엇이 있었을까? | N2: 창 1:1 | O2: 모든 것은 하나님에게서 시작되었습니다 | P2: 하나님(빛·음성) | Q2: 혼돈하고 깊은 물 위 | R2: 성부 하나님은 빛과 음성으로만 표현 | S2: 앞 편과 바로 이어짐 | T2: ="["&안내!$C$5&" "&F2&"] "&L2&" | "&J2 -> [1분 성경 구약 #001] 태초에 | 창 1:1-5 | U2: =IF(D2="구약",IF(C2=1,안내!$C$9,안내!$C$10)+AD2-1,IF(C2=1,안내!$C$9,안내!$C$10)+7*INT((AD2-1)/4)+CHOOSE(MOD(AD2-1,4)+1,0,2,4,5)) -> 46391 | V2: =CHOOSE(WEEKDAY(U2,2),"월","화","수","목","금","토","일") -> 월 | W2: =IFERROR(IF(INDEX($C$2:$C$799,MATCH(D2&"#"&(E2+1),$AC$2:$AC$799,0))=C2,"다음 편: ","시즌1 완결 · 시즌2 첫 편: ")&INDEX($L$2:$L$799,MATCH(D2&"#"&(E2+1),$AC$2:$AC$799,0)),"구약 트랙 완결") -> 다음 편: 하늘과 바다와 땅 | X2: 미착수 | Y2: 미착수 | Z2: 미착수 | AA2: 미착수 | AC2: =D2&"#"&E2 -> 구약#1 | AD2: =COUNTIFS($C$2:C2,C2,$D$2:D2,D2) -> 1
A3: 2 | B3: A0002 | C3: 1 | D3: 구약 | E3: =IF(C3=1,COUNTIFS($C$2:C3,1,$D$2:D3,D3),COUNTIFS($C$2:$C$799,1,$D$2:$D$799,D3)+COUNTIFS($C$2:C3,2,$D$2:D3,D3)) -> 2 | F3: =D3&" #"&TEXT(E3,"000") -> 구약 #002 | G3: B001 | H3: S1-L01 | I3: 창세기 | J3: 창 1:6-13 | K3: 장면 | L3: 하늘과 바다와 땅 | M3: 하나님이 바다를 한쪽으로 모으셨다? | N3: 창 1:10 | O3: 하나님은 혼돈을 질서로 바꾸십니다 | P3: 하나님(음성) | Q3: 물이 나뉘는 하늘, 처음 드러난 땅 | R3: 진화론 등 과학 논쟁 연출 지양, 창조 사실에 집중 | S3: 앞 편과 바로 이어짐 | T3: ="["&안내!$C$5&" "&F3&"] "&L3&" | "&J3 -> [1분 성경 구약 #002] 하늘과 바다와 땅 | 창 1:6-13 | U3: =IF(D3="구약",IF(C3=1,안내!$C$9,안내!$C$10)+AD3-1,IF(C3=1,안내!$C$9,안내!$C$10)+7*INT((AD3-1)/4)+CHOOSE(MOD(AD3-1,4)+1,0,2,4,5)) -> 46392 | V3: =CHOOSE(WEEKDAY(U3,2),"월","화","수","목","금","토","일") -> 화 | W3: =IFERROR(IF(INDEX($C$2:$C$799,MATCH(D3&"#"&(E3+1),$AC$2:$AC$799,0))=C3,"다음 편: ","시즌1 완결 · 시즌2 첫 편: ")&INDEX($L$2:$L$799,MATCH(D3&"#"&(E3+1),$AC$2:$AC$799,0)),"구약 트랙 완결") -> 다음 편: 해·달·별, 그리고 생명들 | X3: 미착수 | Y3: 미착수 | Z3: 미착수 | AA3: 미착수 | AC3: =D3&"#"&E3 -> 구약#2 | AD3: =COUNTIFS($C$2:C3,C3,$D$2:D3,D3) -> 2
A4: 3 | B4: A0003 | C4: 1 | D4: 구약 | E4: =IF(C4=1,COUNTIFS($C$2:C4,1,$D$2:D4,D4),COUNTIFS($C$2:$C$799,1,$D$2:$D$799,D4)+COUNTIFS($C$2:C4,2,$D$2:D4,D4)) -> 3 | F4: =D4&" #"&TEXT(E4,"000") -> 구약 #003 | G4: B001 | H4: S1-L01 | I4: 창세기 | J4: 창 1:14-25 | K4: 장면 | L4: 해·달·별, 그리고 생명들 | M4: 해보다 식물이 먼저 만들어졌다? | N4: 창 1:25 | O4: 하나님이 지으신 모든 것이 좋았습니다 | P4: 하나님(음성) | Q4: 별이 빛나는 하늘, 바다 생물, 들짐승 | S4: 앞 편과 바로 이어짐 | T4: ="["&안내!$C$5&" "&F4&"] "&L4&" | "&J4 -> [1분 성경 구약 #003] 해·달·별, 그리고 생명들 | 창 1:14-25 | U4: =IF(D4="구약",IF(C4=1,안내!$C$9,안내!$C$10)+AD4-1,IF(C4=1,안내!$C$9,안내!$C$10)+7*INT((AD4-1)/4)+CHOOSE(MOD(AD4-1,4)+1,0,2,4,5)) -> 46393 | V4: =CHOOSE(WEEKDAY(U4,2),"월","화","수","목","금","토","일") -> 수 | W4: =IFERROR(IF(INDEX($C$2:$C$799,MATCH(D4&"#"&(E4+1),$AC$2:$AC$799,0))=C4,"다음 편: ","시즌1 완결 · 시즌2 첫 편: ")&INDEX($L$2:$L$799,MATCH(D4&"#"&(E4+1),$AC$2:$AC$799,0)),"구약 트랙 완결") -> 다음 편: 하나님의 형상, 사람 | X4: 미착수 | Y4: 미착수 | Z4: 미착수 | AA4: 미착수 | AC4: =D4&"#"&E4 -> 구약#3 | AD4: =COUNTIFS($C$2:C4,C4,$D$2:D4,D4) -> 3
A5: 4 | B5: A0004 | C5: 1 | D5: 구약 | E5: =IF(C5=1,COUNTIFS($C$2:C5,1,$D$2:D5,D5),COUNTIFS($C$2:$C$799,1,$D$2:$D$799,D5)+COUNTIFS($C$2:C5,2,$D$2:D5,D5)) -> 4 | F5: =D5&" #"&TEXT(E5,"000") -> 구약 #004 | G5: B001 | H5: S1-L01 | I5: 창세기 | J5: 창 1:26-2:3 | K5: 장면 | L5: 하나님의 형상, 사람 | M5: 사람만 특별하게 만드신 이유가 있다? | N5: 창 1:27 | O5: 사람은 하나님의 형상으로 지음받은 존재입니다 | P5: 아담·하와 | Q5: 에덴 | R5: 노출 없는 자연스러운 연출(실루엣·식물로 가림) | S5: 앞 편과 바로 이어짐 | T5: ="["&안내!$C$5&" "&F5&"] "&L5&" | "&J5 -> [1분 성경 구약 #004] 하나님의 형상, 사람 | 창 1:26-2:3 | U5: =IF(D5="구약",IF(C5=1,안내!$C$9,안내!$C$10)+AD5-1,IF(C5=1,안내!$C$9,안내!$C$10)+7*INT((AD5-1)/4)+CHOOSE(MOD(AD5-1,4)+1,0,2,4,5)) -> 46394 | V5: =CHOOSE(WEEKDAY(U5,2),"월","화","수","목","금","토","일") -> 목 | W5: =IFERROR(IF(INDEX($C$2:$C$799,MATCH(D5&"#"&(E5+1),$AC$2:$AC$799,0))=C5,"다음 편: ","시즌1 완결 · 시즌2 첫 편: ")&INDEX($L$2:$L$799,MATCH(D5&"#"&(E5+1),$AC$2:$AC$799,0)),"구약 트랙 완결") -> 다음 편: 에덴동산과 한 가지 명령 | X5: 미착수 | Y5: 미착수 | Z5: 미착수 | AA5: 미착수 | AC5: =D5&"#"&E5 -> 구약#4 | AD5: =COUNTIFS($C$2:C5,C5,$D$2:D5,D5) -> 4
A6: 5 | B6: A0005 | C6: 1 | D6: 구약 | E6: =IF(C6=1,COUNTIFS($C$2:C6,1,$D$2:D6,D6),COUNTIFS($C$2:$C$799,1,$D$2:$D$799,D6)+COUNTIFS($C$2:C6,2,$D$2:D6,D6)) -> 5 | F6: =D6&" #"&TEXT(E6,"000") -> 구약 #005 | G6: B001 | H6: S1-L01 | I6: 창세기 | J6: 창 2:4-17 | K6: 장면 | L6: 에덴동산과 한 가지 명령 | M6: 딱 하나만 먹지 말라고 하신 이유는? | N6: 창 2:17 | O6: 하나님의 말씀 안에 참 자유가 있습니다 | P6: 아담 | Q6: 에덴동산, 생명나무, 선악을 알게 하는 나무 | R6: 선악과는 '사과'로 단정하지 말고 '열매'로 표현 | S6: 앞 편과 바로 이어짐 | T6: ="["&안내!$C$5&" "&F6&"] "&L6&" | "&J6 -> [1분 성경 구약 #005] 에덴동산과 한 가지 명령 | 창 2:4-17 | U6: =IF(D6="구약",IF(C6=1,안내!$C$9,안내!$C$10)+AD6-1,IF(C6=1,안내!$C$9,안내!$C$10)+7*INT((AD6-1)/4)+CHOOSE(MOD(AD6-1,4)+1,0,2,4,5)) -> 46395 | V6: =CHOOSE(WEEKDAY(U6,2),"월","화","수","목","금","토","일") -> 금 | W6: =IFERROR(IF(INDEX($C$2:$C$799,MATCH(D6&"#"&(E6+1),$AC$2:$AC$799,0))=C6,"다음 편: ","시즌1 완결 · 시즌2 첫 편: ")&INDEX($L$2:$L$799,MATCH(D6&"#"&(E6+1),$AC$2:$AC$799,0)),"구약 트랙 완결") -> 다음 편: 첫 번째 가정 | X6: 미착수 | Y6: 미착수 | Z6: 미착수 | AA6: 미착수 | AC6: =D6&"#"&E6 -> 구약#5 | AD6: =COUNTIFS($C$2:C6,C6,$D$2:D6,D6) -> 5
A7: 6 | B7: A0006 | C7: 1 | D7: 구약 | E7: =IF(C7=1,COUNTIFS($C$2:C7,1,$D$2:D7,D7),COUNTIFS($C$2:$C$799,1,$D$2:$D$799,D7)+COUNTIFS($C$2:C7,2,$D$2:D7,D7)) -> 6 | F7: =D7&" #"&TEXT(E7,"000") -> 구약 #006 | G7: B001 | H7: S1-L01 | I7: 창세기 | J7: 창 2:18-25 | K7: 장면 | L7: 첫 번째 가정 | M7: 하나님이 '좋지 않다'고 하신 단 하나는? | N7: 창 2:24 | O7: 가정은 하나님이 세우신 첫 공동체입니다 | P7: 아담·하와 | Q7: 에덴동산 | S7: 앞 편과 바로 이어짐 | T7: ="["&안내!$C$5&" "&F7&"] "&L7&" | "&J7 -> [1분 성경 구약 #006] 첫 번째 가정 | 창 2:18-25 | U7: =IF(D7="구약",IF(C7=1,안내!$C$9,안내!$C$10)+AD7-1,IF(C7=1,안내!$C$9,안내!$C$10)+7*INT((AD7-1)/4)+CHOOSE(MOD(AD7-1,4)+1,0,2,4,5)) -> 46396 | V7: =CHOOSE(WEEKDAY(U7,2),"월","화","수","목","금","토","일") -> 토 | W7: =IFERROR(IF(INDEX($C$2:$C$799,MATCH(D7&"#"&(E7+1),$AC$2:$AC$799,0))=C7,"다음 편: ","시즌1 완결 · 시즌2 첫 편: ")&INDEX($L$2:$L$799,MATCH(D7&"#"&(E7+1),$AC$2:$AC$799,0)),"구약 트랙 완결") -> 다음 편: 뱀의 유혹 | X7: 미착수 | Y7: 미착수 | Z7: 미착수 | AA7: 미착수 | AC7: =D7&"#"&E7 -> 구약#6 | AD7: =COUNTIFS($C$2:C7,C7,$D$2:D7,D7) -> 6
A8: 7 | B8: A0007 | C8: 1 | D8: 구약 | E8: =IF(C8=1,COUNTIFS($C$2:C8,1,$D$2:D8,D8),COUNTIFS($C$2:$C$799,1,$D$2:$D$799,D8)+COUNTIFS($C$2:C8,2,$D$2:D8,D8)) -> 7 | F8: =D8&" #"&TEXT(E8,"000") -> 구약 #007 | G8: B001 | H8: S1-L01 | I8: 창세기 | J8: 창 3:1-7 | K8: 장면 | L8: 뱀의 유혹 | M8: 정말 하나님이 그렇게 말씀하셨니? | N8: 창 3:6 | O8: 죄는 하나님의 말씀을 의심하는 데서 시작됩니다 | P8: 하와·아담·뱀 | Q8: 선악을 알게 하는 나무 앞 | R8: 성적 타락 해석(통일교·JMS) 절대 금지. 뱀은 뱀으로 표현 | S8: 앞 편과 바로 이어짐 | T8: ="["&안내!$C$5&" "&F8&"] "&L8&" | "&J8 -> [1분 성경 구약 #007] 뱀의 유혹 | 창 3:1-7 | U8: =IF(D8="구약",IF(C8=1,안내!$C$9,안내!$C$10)+AD8-1,IF(C8=1,안내!$C$9,안내!$C$10)+7*INT((AD8-1)/4)+CHOOSE(MOD(AD8-1,4)+1,0,2,4,5)) -> 46397 | V8: =CHOOSE(WEEKDAY(U8,2),"월","화","수","목","금","토","일") -> 일 | W8: =IFERROR(IF(INDEX($C$2:$C$799,MATCH(D8&"#"&(E8+1),$AC$2:$AC$799,0))=C8,"다음 편: ","시즌1 완결 · 시즌2 첫 편: ")&INDEX($L$2:$L$799,MATCH(D8&"#"&(E8+1),$AC$2:$AC$799,0)),"구약 트랙 완결") -> 다음 편: 네가 어디 있느냐 | X8: 미착수 | Y8: 미착수 | Z8: 미착수 | AA8: 미착수 | AC8: =D8&"#"&E8 -> 구약#7 | AD8: =COUNTIFS($C$2:C8,C8,$D$2:D8,D8) -> 7
A9: 8 | B9: A0008 | C9: 1 | D9: 구약 | E9: =IF(C9=1,COUNTIFS($C$2:C9,1,$D$2:D9,D9),COUNTIFS($C$2:$C$799,1,$D$2:$D$799,D9)+COUNTIFS($C$2:C9,2,$D$2:D9,D9)) -> 8 | F9: =D9&" #"&TEXT(E9,"000") -> 구약 #008 | G9: B001 | H9: S1-L01 | I9: 창세기 | J9: 창 3:8-13 | K9: 장면 | L9: 네가 어디 있느냐 | M9: 하나님이 정말 몰라서 물으셨을까? | N9: 창 3:9 | O9: 하나님은 숨은 죄인을 먼저 찾아오십니다 | P9: 아담·하와·하나님(음성) | Q9: 저녁 바람 부는 동산 | S9: 앞 편과 바로 이어짐 | T9: ="["&안내!$C$5&" "&F9&"] "&L9&" | "&J9 -> [1분 성경 구약 #008] 네가 어디 있느냐 | 창 3:8-13 | U9: =IF(D9="구약",IF(C9=1,안내!$C$9,안내!$C$10)+AD9-1,IF(C9=1,안내!$C$9,안내!$C$10)+7*INT((AD9-1)/4)+CHOOSE(MOD(AD9-1,4)+1,0,2,4,5)) -> 46398 | V9: =CHOOSE(WEEKDAY(U9,2),"월","화","수","목","금","토","일") -> 월 | W9: =IFERROR(IF(INDEX($C$2:$C$799,MATCH(D9&"#"&(E9+1),$AC$2:$AC$799,0))=C9,"다음 편: ","시즌1 완결 · 시즌2 첫 편: ")&INDEX($L$2:$L$799,MATCH(D9&"#"&(E9+1),$AC$2:$AC$799,0)),"구약 트랙 완결") -> 다음 편: 첫 번째 복음 | X9: 미착수 | Y9: 미착수 | Z9: 미착수 | AA9: 미착수 | AC9: =D9&"#"&E9 -> 구약#8 | AD9: =COUNTIFS($C$2:C9,C9,$D$2:D9,D9) -> 8
A10: 9 | B10: A0009 | C10: 1 | D10: 구약 | E10: =IF(C10=1,COUNTIFS($C$2:C10,1,$D$2:D10,D10),COUNTIFS($C$2:$C$799,1,$D$2:$D$799,D10)+COUNTIFS($C$2:C10,2,$D$2:D10,D10)) -> 9 | F10: =D10&" #"&TEXT(E10,"000") -> 구약 #009 | G10: B001 | H10: S1-L01 | I10: 창세기 | J10: 창 3:14-19 | K10: 장면 | L10: 첫 번째 복음 | M10: 저주의 한가운데 숨겨진 약속이 있다? | N10: 창 3:15 | O10: 하나님은 심판 중에도 구원을 약속하셨습니다 | P10: 하나님(음성)·뱀·아담·하와 | Q10: 에덴동산 | R10: 3:15 원시복음 = 그리스도의 승리로 연결 | S10: 앞 편과 바로 이어짐 | T10: ="["&안내!$C$5&" "&F10&"] "&L10&" | "&J10 -> [1분 성경 구약 #009] 첫 번째 복음 | 창 3:14-19 | U10: =IF(D10="구약",IF(C10=1,안내!$C$9,안내!$C$10)+AD10-1,IF(C10=1,안내!$C$9,안내!$C$10)+7*INT((AD10-1)/4)+CHOOSE(MOD(AD10-1,4)+1,0,2,4,5)) -> 46399 | V10: =CHOOSE(WEEKDAY(U10,2),"월","화","수","목","금","토","일") -> 화 | W10: =IFERROR(IF(INDEX($C$2:$C$799,MATCH(D10&"#"&(E10+1),$AC$2:$AC$799,0))=C10,"다음 편: ","시즌1 완결 · 시즌2 첫 편: ")&INDEX($L$2:$L$799,MATCH(D10&"#"&(E10+1),$AC$2:$AC$799,0)),"구약 트랙 완결") -> 다음 편: 가죽옷과 에덴 밖으로 | X10: 미착수 | Y10: 미착수 | Z10: 미착수 | AA10: 미착수 | AC10: =D10&"#"&E10 -> 구약#9 | AD10: =COUNTIFS($C$2:C10,C10,$D$2:D10,D10) -> 9
A11: 10 | B11: A0010 | C11: 1 | D11: 구약 | E11: =IF(C11=1,COUNTIFS($C$2:C11,1,$D$2:D11,D11),COUNTIFS($C$2:$C$799,1,$D$2:$D$799,D11)+COUNTIFS($C$2:C11,2,$D$2:D11,D11)) -> 10 | F11: =D11&" #"&TEXT(E11,"000") -> 구약 #010 | G11: B001 | H11: S1-L01 | I11: 창세기 | J11: 창 3:20-24 | K11: 장면 | L11: 가죽옷과 에덴 밖으로 | M11: 하나님이 직접 옷을 만들어 입히셨다? | N11: 창 3:21 | O11: 죄인을 덮으시는 하나님의 은혜가 시작됩니다 | P11: 아담·하와·그룹(천사) | Q11: 에덴 동쪽, 불 칼 | R11: 그룹은 날개 달린 아기천사(큐피드)로 표현 금지 | S11: 앞 편과 바로 이어짐 | T11: ="["&안내!$C$5&" "&F11&"] "&L11&" | "&J11 -> [1분 성경 구약 #010] 가죽옷과 에덴 밖으로 | 창 3:20-24 | U11: =IF(D11="구약",IF(C11=1,안내!$C$9,안내!$C$10)+AD11-1,IF(C11=1,안내!$C$9,안내!$C$10)+7*INT((AD11-1)/4)+CHOOSE(MOD(AD11-1,4)+1,0,2,4,5)) -> 46400 | V11: =CHOOSE(WEEKDAY(U11,2),"월","화","수","목","금","토","일") -> 수 | W11: =IFERROR(IF(INDEX($C$2:$C$799,MATCH(D11&"#"&(E11+1),$AC$2:$AC$799,0))=C11,"다음 편: ","시즌1 완결 · 시즌2 첫 편: ")&INDEX($L$2:$L$799,MATCH(D11&"#"&(E11+1),$AC$2:$AC$799,0)),"구약 트랙 완결") -> 다음 편: 가인과 아벨 | X11: 미착수 | Y11: 미착수 | Z11: 미착수 | AA11: 미착수 | AC11: =D11&"#"&E11 -> 구약#10 | AD11: =COUNTIFS($C$2:C11,C11,$D$2:D11,D11) -> 10
A12: 11 | B12: A0011 | C12: 1 | D12: 구약 | E12: =IF(C12=1,COUNTIFS($C$2:C12,1,$D$2:D12,D12),COUNTIFS($C$2:$C$799,1,$D$2:$D$799,D12)+COUNTIFS($C$2:C12,2,$D$2:D12,D12)) -> 11 | F12: =D12&" #"&TEXT(E12,"000") -> 구약 #011 | G12: B002 | H12: S1-L02 | I12: 창세기 | J12: 창 4:1-8 | K12: 장면 | L12: 가인과 아벨 | M12: 형제 사이에 처음으로 일어난 비극 | N12: 창 4:7 | O12: 죄는 문 앞에 엎드려 우리를 노립니다 | P12: 가인·아벨 | Q12: 들판, 제단 | R12: 살해 장면 직접 묘사 금지(암시) | S12: 앞 편과 바로 이어짐 | T12: ="["&안내!$C$5&" "&F12&"] "&L12&" | "&J12 -> [1분 성경 구약 #011] 가인과 아벨 | 창 4:1-8 | U12: =IF(D12="구약",IF(C12=1,안내!$C$9,안내!$C$10)+AD12-1,IF(C12=1,안내!$C$9,안내!$C$10)+7*INT((AD12-1)/4)+CHOOSE(MOD(AD12-1,4)+1,0,2,4,5)) -> 46401 | V12: =CHOOSE(WEEKDAY(U12,2),"월","화","수","목","금","토","일") -> 목 | W12: =IFERROR(IF(INDEX($C$2:$C$799,MATCH(D12&"#"&(E12+1),$AC$2:$AC$799,0))=C12,"다음 편: ","시즌1 완결 · 시즌2 첫 편: ")&INDEX($L$2:$L$799,MATCH(D12&"#"&(E12+1),$AC$2:$AC$799,0)),"구약 트랙 완결") -> 다음 편: 하나님과 동행한 에녹 | X12: 미착수 | Y12: 미착수 | Z12: 미착수 | AA12: 미착수 | AC12: =D12&"#"&E12 -> 구약#11 | AD12: =COUNTIFS($C$2:C12,C12,$D$2:D12,D12) -> 11
A13: 12 | B13: A0012 | C13: 2 | D13: 구약 | E13: =IF(C13=1,COUNTIFS($C$2:C13,1,$D$2:D13,D13),COUNTIFS($C$2:$C$799,1,$D$2:$D$799,D13)+COUNTIFS($C$2:C13,2,$D$2:D13,D13)) -> 183 | F13: =D13&" #"&TEXT(E13,"000") -> 구약 #183 | G13: B002 | H13: S2-L01 | I13: 창세기 | J13: 창 4:9-16 | K13: 장면 | L13: 네 아우가 어디 있느냐 | M13: 땅이 소리쳐 하나님께 호소했다? | N13: 창 4:10 | O13: 하나님은 감춘 죄도 다 아십니다 | P13: 가인·하나님(음성) | Q13: 들판, 놋 땅 | R13: 가인의 표는 상상 묘사 지양 | S13: 시즌1 구약 #011 '가인과 아벨' 다음 이야기 | T13: ="["&안내!$C$5&" "&F13&"] "&L13&" | "&J13 -> [1분 성경 구약 #183] 네 아우가 어디 있느냐 | 창 4:9-16 | U13: =IF(D13="구약",IF(C13=1,안내!$C$9,안내!$C$10)+AD13-1,IF(C13=1,안내!$C$9,안내!$C$10)+7*INT((AD13-1)/4)+CHOOSE(MOD(AD13-1,4)+1,0,2,4,5)) -> 46580 | V13: =CHOOSE(WEEKDAY(U13,2),"월","화","수","목","금","토","일") -> 월 | W13: =IFERROR(IF(INDEX($C$2:$C$799,MATCH(D13&"#"&(E13+1),$AC$2:$AC$799,0))=C13,"다음 편: ","시즌1 완결 · 시즌2 첫 편: ")&INDEX($L$2:$L$799,MATCH(D13&"#"&(E13+1),$AC$2:$AC$799,0)),"구약 트랙 완결") -> 다음 편: 가인의 후손과 셋 | X13: 미착수 | Y13: 미착수 | Z13: 미착수 | AA13: 미착수 | AC13: =D13&"#"&E13 -> 구약#183 | AD13: =COUNTIFS($C$2:C13,C13,$D$2:D13,D13) -> 1
A14: 13 | B14: A0013 | C14: 2 | D14: 구약 | E14: =IF(C14=1,COUNTIFS($C$2:C14,1,$D$2:D14,D14),COUNTIFS($C$2:$C$799,1,$D$2:$D$799,D14)+COUNTIFS($C$2:C14,2,$D$2:D14,D14)) -> 184 | F14: =D14&" #"&TEXT(E14,"000") -> 구약 #184 | G14: B002 | H14: S2-L01 | I14: 창세기 | J14: 창 4:17-26 | K14: 장면 | L14: 가인의 후손과 셋 | M14: 모든 것이 무너진 뒤 시작된 한 가지 | N14: 창 4:26 | O14: 하나님은 끊어지지 않는 소망의 줄을 이어 가십니다 | P14: 라멕·셋·에노스 | Q14: 초기 도시 | S14: 시즌1 구약 #011 '가인과 아벨' 다음 이야기 | T14: ="["&안내!$C$5&" "&F14&"] "&L14&" | "&J14 -> [1분 성경 구약 #184] 가인의 후손과 셋 | 창 4:17-26 | U14: =IF(D14="구약",IF(C14=1,안내!$C$9,안내!$C$10)+AD14-1,IF(C14=1,안내!$C$9,안내!$C$10)+7*INT((AD14-1)/4)+CHOOSE(MOD(AD14-1,4)+1,0,2,4,5)) -> 46581 | V14: =CHOOSE(WEEKDAY(U14,2),"월","화","수","목","금","토","일") -> 화 | W14: =IFERROR(IF(INDEX($C$2:$C$799,MATCH(D14&"#"&(E14+1),$AC$2:$AC$799,0))=C14,"다음 편: ","시즌1 완결 · 시즌2 첫 편: ")&INDEX($L$2:$L$799,MATCH(D14&"#"&(E14+1),$AC$2:$AC$799,0)),"구약 트랙 완결") -> 다음 편: 노아의 실수와 세 아들 | X14: 미착수 | Y14: 미착수 | Z14: 미착수 | AA14: 미착수 | AC14: =D14&"#"&E14 -> 구약#184 | AD14: =COUNTIFS($C$2:C14,C14,$D$2:D14,D14) -> 2
A15: 14 | B15: A0014 | C15: 1 | D15: 구약 | E15: =IF(C15=1,COUNTIFS($C$2:C15,1,$D$2:D15,D15),COUNTIFS($C$2:$C$799,1,$D$2:$D$799,D15)+COUNTIFS($C$2:C15,2,$D$2:D15,D15)) -> 12 | F15: =D15&" #"&TEXT(E15,"000") -> 구약 #012 | G15: B002 | H15: S1-L02 | I15: 창세기 | J15: 창 5:1-32 | K15: 장면 | L15: 하나님과 동행한 에녹 | M15: 죽지 않고 하늘로 간 사람이 있다? | N15: 창 5:24 | O15: 하나님과 동행하는 삶이 가장 복된 삶입니다 | P15: 아담·에녹·므두셀라·노아 | Q15: 족보 두루마리 연출 | R15: 에녹서(위경) 내용 사용 금지 | S15: 앞에서 건너뛴 2편(시즌2): 창 4:9-16 네 아우가 어디 있느냐, 창 4:17-26 가인의 후손과 셋 → 연결 내레이션 1~2문장 필요 | T15: ="["&안내!$C$5&" "&F15&"] "&L15&" | "&J15 -> [1분 성경 구약 #012] 하나님과 동행한 에녹 | 창 5:1-32 | U15: =IF(D15="구약",IF(C15=1,안내!$C$9,안내!$C$10)+AD15-1,IF(C15=1,안내!$C$9,안내!$C$10)+7*INT((AD15-1)/4)+CHOOSE(MOD(AD15-1,4)+1,0,2,4,5)) -> 46402 | V15: =CHOOSE(WEEKDAY(U15,2),"월","화","수","목","금","토","일") -> 금 | W15: =IFERROR(IF(INDEX($C$2:$C$799,MATCH(D15&"#"&(E15+1),$AC$2:$AC$799,0))=C15,"다음 편: ","시즌1 완결 · 시즌2 첫 편: ")&INDEX($L$2:$L$799,MATCH(D15&"#"&(E15+1),$AC$2:$AC$799,0)),"구약 트랙 완결") -> 다음 편: 은혜를 입은 노아 | X15: 미착수 | Y15: 미착수 | Z15: 미착수 | AA15: 미착수 | AC15: =D15&"#"&E15 -> 구약#12 | AD15: =COUNTIFS($C$2:C15,C15,$D$2:D15,D15) -> 12
A16: 15 | B16: A0015 | C16: 1 | D16: 구약 | E16: =IF(C16=1,COUNTIFS($C$2:C16,1,$D$2:D16,D16),COUNTIFS($C$2:$C$799,1,$D$2:$D$799,D16)+COUNTIFS($C$2:C16,2,$D$2:D16,D16)) -> 13 | F16: =D16&" #"&TEXT(E16,"000") -> 구약 #013 | G16: B002 | H16: S1-L02 | I16: 창세기 | J16: 창 6:1-8 | K16: 장면 | L16: 은혜를 입은 노아 | M16: 하나님이 사람 지으신 것을 한탄하셨다? | N16: 창 6:8 | O16: 타락한 세상에서도 은혜는 있습니다 | P16: 노아 | Q16: 타락한 세상 | R16: 6:2 '하나님의 아들들' 거인·외계인 해석 연출 금지. '한탄'은 인간적 표현임을 설명 | S16: 앞 편과 바로 이어짐 | T16: ="["&안내!$C$5&" "&F16&"] "&L16&" | "&J16 -> [1분 성경 구약 #013] 은혜를 입은 노아 | 창 6:1-8 | U16: =IF(D16="구약",IF(C16=1,안내!$C$9,안내!$C$10)+AD16-1,IF(C16=1,안내!$C$9,안내!$C$10)+7*INT((AD16-1)/4)+CHOOSE(MOD(AD16-1,4)+1,0,2,4,5)) -> 46403 | V16: =CHOOSE(WEEKDAY(U16,2),"월","화","수","목","금","토","일") -> 토 | W16: =IFERROR(IF(INDEX($C$2:$C$799,MATCH(D16&"#"&(E16+1),$AC$2:$AC$799,0))=C16,"다음 편: ","시즌1 완결 · 시즌2 첫 편: ")&INDEX($L$2:$L$799,MATCH(D16&"#"&(E16+1),$AC$2:$AC$799,0)),"구약 트랙 완결") -> 다음 편: 방주를 지어라 | X16: 미착수 | Y16: 미착수 | Z16: 미착수 | AA16: 미착수 | AC16: =D16&"#"&E16 -> 구약#13 | AD16: =COUNTIFS($C$2:C16,C16,$D$2:D16,D16) -> 13
A17: 16 | B17: A0016 | C17: 1 | D17: 구약 | E17: =IF(C17=1,COUNTIFS($C$2:C17,1,$D$2:D17,D17),COUNTIFS($C$2:$C$799,1,$D$2:$D$799,D17)+COUNTIFS($C$2:C17,2,$D$2:D17,D17)) -> 14 | F17: =D17&" #"&TEXT(E17,"000") -> 구약 #014 | G17: B002 | H17: S1-L02 | I17: 창세기 | J17: 창 6:9-22 | K17: 장면 | L17: 방주를 지어라 | M17: 비 한 번 안 온 땅에서 배를 만들라고? | N17: 창 6:22 | O17: 믿음은 보이지 않는 것을 순종하는 것입니다 | P17: 노아·셈·함·야벳 | Q17: 방주 건축 현장 | S17: 앞 편과 바로 이어짐 | T17: ="["&안내!$C$5&" "&F17&"] "&L17&" | "&J17 -> [1분 성경 구약 #014] 방주를 지어라 | 창 6:9-22 | U17: =IF(D17="구약",IF(C17=1,안내!$C$9,안내!$C$10)+AD17-1,IF(C17=1,안내!$C$9,안내!$C$10)+7*INT((AD17-1)/4)+CHOOSE(MOD(AD17-1,4)+1,0,2,4,5)) -> 46404 | V17: =CHOOSE(WEEKDAY(U17,2),"월","화","수","목","금","토","일") -> 일 | W17: =IFERROR(IF(INDEX($C$2:$C$799,MATCH(D17&"#"&(E17+1),$AC$2:$AC$799,0))=C17,"다음 편: ","시즌1 완결 · 시즌2 첫 편: ")&INDEX($L$2:$L$799,MATCH(D17&"#"&(E17+1),$AC$2:$AC$799,0)),"구약 트랙 완결") -> 다음 편: 홍수 | X17: 미착수 | Y17: 미착수 | Z17: 미착수 | AA17: 미착수 | AC17: =D17&"#"&E17 -> 구약#14 | AD17: =COUNTIFS($C$2:C17,C17,$D$2:D17,D17) -> 14
A18: 17 | B18: A0017 | C18: 1 | D18: 구약 | E18: =IF(C18=1,COUNTIFS($C$2:C18,1,$D$2:D18,D18),COUNTIFS($C$2:$C$799,1,$D$2:$D$799,D18)+COUNTIFS($C$2:C18,2,$D$2:D18,D18)) -> 15 | F18: =D18&" #"&TEXT(E18,"000") -> 구약 #015 | G18: B002 | H18: S1-L02 | I18: 창세기 | J18: 창 7:1-24 | K18: 장면 | L18: 홍수 | M18: 40일 동안 그친 적 없는 비 | N18: 창 7:23 | O18: 하나님의 심판은 실제로 일어납니다 | P18: 노아 가족·동물들 | Q18: 방주 안과 밖 | R18: 익사 장면 직접 묘사 금지 | S18: 앞 편과 바로 이어짐 | T18: ="["&안내!$C$5&" "&F18&"] "&L18&" | "&J18 -> [1분 성경 구약 #015] 홍수 | 창 7:1-24 | U18: =IF(D18="구약",IF(C18=1,안내!$C$9,안내!$C$10)+AD18-1,IF(C18=1,안내!$C$9,안내!$C$10)+7*INT((AD18-1)/4)+CHOOSE(MOD(AD18-1,4)+1,0,2,4,5)) -> 46405 | V18: =CHOOSE(WEEKDAY(U18,2),"월","화","수","목","금","토","일") -> 월 | W18: =IFERROR(IF(INDEX($C$2:$C$799,MATCH(D18&"#"&(E18+1),$AC$2:$AC$799,0))=C18,"다음 편: ","시즌1 완결 · 시즌2 첫 편: ")&INDEX($L$2:$L$799,MATCH(D18&"#"&(E18+1),$AC$2:$AC$799,0)),"구약 트랙 완결") -> 다음 편: 비둘기와 감람나무 잎 | X18: 미착수 | Y18: 미착수 | Z18: 미착수 | AA18: 미착수 | AC18: =D18&"#"&E18 -> 구약#15 | AD18: =COUNTIFS($C$2:C18,C18,$D$2:D18,D18) -> 15
A19: 18 | B19: A0018 | C19: 1 | D19: 구약 | E19: =IF(C19=1,COUNTIFS($C$2:C19,1,$D$2:D19,D19),COUNTIFS($C$2:$C$799,1,$D$2:$D$799,D19)+COUNTIFS($C$2:C19,2,$D$2:D19,D19)) -> 16 | F19: =D19&" #"&TEXT(E19,"000") -> 구약 #016 | G19: B002 | H19: S1-L02 | I19: 창세기 | J19: 창 8:1-19 | K19: 장면 | L19: 비둘기와 감람나무 잎 | M19: 비둘기가 물고 온 작은 잎사귀 하나 | N19: 창 8:11 | O19: 하나님은 노아를 기억하셨습니다 | P19: 노아·까마귀·비둘기 | Q19: 아라랏 산, 물이 빠지는 땅 | S19: 앞 편과 바로 이어짐 | T19: ="["&안내!$C$5&" "&F19&"] "&L19&" | "&J19 -> [1분 성경 구약 #016] 비둘기와 감람나무 잎 | 창 8:1-19 | U19: =IF(D19="구약",IF(C19=1,안내!$C$9,안내!$C$10)+AD19-1,IF(C19=1,안내!$C$9,안내!$C$10)+7*INT((AD19-1)/4)+CHOOSE(MOD(AD19-1,4)+1,0,2,4,5)) -> 46406 | V19: =CHOOSE(WEEKDAY(U19,2),"월","화","수","목","금","토","일") -> 화 | W19: =IFERROR(IF(INDEX($C$2:$C$799,MATCH(D19&"#"&(E19+1),$AC$2:$AC$799,0))=C19,"다음 편: ","시즌1 완결 · 시즌2 첫 편: ")&INDEX($L$2:$L$799,MATCH(D19&"#"&(E19+1),$AC$2:$AC$799,0)),"구약 트랙 완결") -> 다음 편: 무지개 언약 | X19: 미착수 | Y19: 미착수 | Z19: 미착수 | AA19: 미착수 | AC19: =D19&"#"&E19 -> 구약#16 | AD19: =COUNTIFS($C$2:C19,C19,$D$2:D19,D19) -> 16
A20: 19 | B20: A0019 | C20: 1 | D20: 구약 | E20: =IF(C20=1,COUNTIFS($C$2:C20,1,$D$2:D20,D20),COUNTIFS($C$2:$C$799,1,$D$2:$D$799,D20)+COUNTIFS($C$2:C20,2,$D$2:D20,D20)) -> 17 | F20: =D20&" #"&TEXT(E20,"000") -> 구약 #017 | G20: B002 | H20: S1-L02 | I20: 창세기 | J20: 창 8:20-9:17 | K20: 장면 | L20: 무지개 언약 | M20: 무지개가 하나님의 약속이었다? | N20: 창 9:13 | O20: 하나님은 약속을 반드시 지키십니다 | P20: 노아 가족·하나님(음성) | Q20: 제단, 무지개 | R20: 무지개를 특정 단체 상징과 연결하지 말 것 | S20: 앞 편과 바로 이어짐 | T20: ="["&안내!$C$5&" "&F20&"] "&L20&" | "&J20 -> [1분 성경 구약 #017] 무지개 언약 | 창 8:20-9:17 | U20: =IF(D20="구약",IF(C20=1,안내!$C$9,안내!$C$10)+AD20-1,IF(C20=1,안내!$C$9,안내!$C$10)+7*INT((AD20-1)/4)+CHOOSE(MOD(AD20-1,4)+1,0,2,4,5)) -> 46407 | V20: =CHOOSE(WEEKDAY(U20,2),"월","화","수","목","금","토","일") -> 수 | W20: =IFERROR(IF(INDEX($C$2:$C$799,MATCH(D20&"#"&(E20+1),$AC$2:$AC$799,0))=C20,"다음 편: ","시즌1 완결 · 시즌2 첫 편: ")&INDEX($L$2:$L$799,MATCH(D20&"#"&(E20+1),$AC$2:$AC$799,0)),"구약 트랙 완결") -> 다음 편: 바벨탑 | X20: 미착수 | Y20: 미착수 | Z20: 미착수 | AA20: 미착수 | AC20: =D20&"#"&E20 -> 구약#17 | AD20: =COUNTIFS($C$2:C20,C20,$D$2:D20,D20) -> 17
A21: 20 | B21: A0020 | C21: 2 | D21: 구약 | E21: =IF(C21=1,COUNTIFS($C$2:C21,1,$D$2:D21,D21),COUNTIFS($C$2:$C$799,1,$D$2:$D$799,D21)+COUNTIFS($C$2:C21,2,$D$2:D21,D21)) -> 185 | F21: =D21&" #"&TEXT(E21,"000") -> 구약 #185 | G21: B002 | H21: S2-L01 | I21: 창세기 | J21: 창 9:18-29 | K21: 장면 | L21: 노아의 실수와 세 아들 | M21: 구원받은 의인도 넘어질 수 있다? | N21: 창 9:26 | O21: 의인도 은혜가 필요한 죄인입니다 | P21: 노아·셈·함·야벳 | Q21: 포도원, 장막 | R21: 노아 벗은 장면 직접 묘사 금지 | S21: 시즌1 구약 #017 '무지개 언약' 다음 이야기 | T21: ="["&안내!$C$5&" "&F21&"] "&L21&" | "&J21 -> [1분 성경 구약 #185] 노아의 실수와 세 아들 | 창 9:18-29 | U21: =IF(D21="구약",IF(C21=1,안내!$C$9,안내!$C$10)+AD21-1,IF(C21=1,안내!$C$9,안내!$C$10)+7*INT((AD21-1)/4)+CHOOSE(MOD(AD21-1,4)+1,0,2,4,5)) -> 46582 | V21: =CHOOSE(WEEKDAY(U21,2),"월","화","수","목","금","토","일") -> 수 | W21: =IFERROR(IF(INDEX($C$2:$C$799,MATCH(D21&"#"&(E21+1),$AC$2:$AC$799,0))=C21,"다음 편: ","시즌1 완결 · 시즌2 첫 편: ")&INDEX($L$2:$L$799,MATCH(D21&"#"&(E21+1),$AC$2:$AC$799,0)),"구약 트랙 완결") -> 다음 편: 민족들의 시작 | X21: 미착수 | Y21: 미착수 | Z21: 미착수 | AA21: 미착수 | AC21: =D21&"#"&E21 -> 구약#185 | AD21: =COUNTIFS($C$2:C21,C21,$D$2:D21,D21) -> 3
A22: 21 | B22: A0021 | C22: 2 | D22: 구약 | E22: =IF(C22=1,COUNTIFS($C$2:C22,1,$D$2:D22,D22),COUNTIFS($C$2:$C$799,1,$D$2:$D$799,D22)+COUNTIFS($C$2:C22,2,$D$2:D22,D22)) -> 186 | F22: =D22&" #"&TEXT(E22,"000") -> 구약 #186 | G22: B002 | H22: S2-L01 | I22: 창세기 | J22: 창 10:1-32 | K22: 장면 | L22: 민족들의 시작 | M22: 모든 나라가 한 가족에서 나왔다? | N22: 창 10:32 | O22: 모든 민족은 한 하나님 아래 있습니다 | P22: 노아의 후손들 | Q22: 세계 지도 연출 | S22: 시즌1 구약 #017 '무지개 언약' 다음 이야기 | T22: ="["&안내!$C$5&" "&F22&"] "&L22&" | "&J22 -> [1분 성경 구약 #186] 민족들의 시작 | 창 10:1-32 | U22: =IF(D22="구약",IF(C22=1,안내!$C$9,안내!$C$10)+AD22-1,IF(C22=1,안내!$C$9,안내!$C$10)+7*INT((AD22-1)/4)+CHOOSE(MOD(AD22-1,4)+1,0,2,4,5)) -> 46583 | V22: =CHOOSE(WEEKDAY(U22,2),"월","화","수","목","금","토","일") -> 목 | W22: =IFERROR(IF(INDEX($C$2:$C$799,MATCH(D22&"#"&(E22+1),$AC$2:$AC$799,0))=C22,"다음 편: ","시즌1 완결 · 시즌2 첫 편: ")&INDEX($L$2:$L$799,MATCH(D22&"#"&(E22+1),$AC$2:$AC$799,0)),"구약 트랙 완결") -> 다음 편: 셈에서 아브람까지 | X22: 미착수 | Y22: 미착수 | Z22: 미착수 | AA22: 미착수 | AC22: =D22&"#"&E22 -> 구약#186 | AD22: =COUNTIFS($C$2:C22,C22,$D$2:D22,D22) -> 4
A23: 22 | B23: A0022 | C23: 1 | D23: 구약 | E23: =IF(C23=1,COUNTIFS($C$2:C23,1,$D$2:D23,D23),COUNTIFS($C$2:$C$799,1,$D$2:$D$799,D23)+COUNTIFS($C$2:C23,2,$D$2:D23,D23)) -> 18 | F23: =D23&" #"&TEXT(E23,"000") -> 구약 #018 | G23: B002 | H23: S1-L02 | I23: 창세기 | J23: 창 11:1-9 | K23: 장면 | L23: 바벨탑 | M23: 하늘까지 닿으려던 사람들 | N23: 창 11:9 | O23: 하나님 없이 쌓는 이름은 무너집니다 | P23: 바벨 사람들 | Q23: 시날 평지, 벽돌 탑 | S23: 앞에서 건너뛴 2편(시즌2): 창 9:18-29 노아의 실수와 세 아들, 창 10:1-32 민족들의 시작 → 연결 내레이션 1~2문장 필요 | T23: ="["&안내!$C$5&" "&F23&"] "&L23&" | "&J23 -> [1분 성경 구약 #018] 바벨탑 | 창 11:1-9 | U23: =IF(D23="구약",IF(C23=1,안내!$C$9,안내!$C$10)+AD23-1,IF(C23=1,안내!$C$9,안내!$C$10)+7*INT((AD23-1)/4)+CHOOSE(MOD(AD23-1,4)+1,0,2,4,5)) -> 46408 | V23: =CHOOSE(WEEKDAY(U23,2),"월","화","수","목","금","토","일") -> 목 | W23: =IFERROR(IF(INDEX($C$2:$C$799,MATCH(D23&"#"&(E23+1),$AC$2:$AC$799,0))=C23,"다음 편: ","시즌1 완결 · 시즌2 첫 편: ")&INDEX($L$2:$L$799,MATCH(D23&"#"&(E23+1),$AC$2:$AC$799,0)),"구약 트랙 완결") -> 다음 편: 떠나라 | X23: 미착수 | Y23: 미착수 | Z23: 미착수 | AA23: 미착수 | AC23: =D23&"#"&E23 -> 구약#18 | AD23: =COUNTIFS($C$2:C23,C23,$D$2:D23,D23) -> 18
A24: 23 | B24: A0023 | C24: 2 | D24: 구약 | E24: =IF(C24=1,COUNTIFS($C$2:C24,1,$D$2:D24,D24),COUNTIFS($C$2:$C$799,1,$D$2:$D$799,D24)+COUNTIFS($C$2:C24,2,$D$2:D24,D24)) -> 187 | F24: =D24&" #"&TEXT(E24,"000") -> 구약 #187 | G24: B002 | H24: S2-L01 | I24: 창세기 | J24: 창 11:10-32 | K24: 장면 | L24: 셈에서 아브람까지 | M24: 하나님이 한 사람을 선택하신 이유는? | N24: 창 11:31 | O24: 하나님은 한 가정을 통해 세상을 구원하실 계획을 세우셨습니다 | P24: 셈·데라·아브람·사래·롯 | Q24: 갈대아 우르, 하란 | S24: 시즌1 구약 #018 '바벨탑' 다음 이야기 | T24: ="["&안내!$C$5&" "&F24&"] "&L24&" | "&J24 -> [1분 성경 구약 #187] 셈에서 아브람까지 | 창 11:10-32 | U24: =IF(D24="구약",IF(C24=1,안내!$C$9,안내!$C$10)+AD24-1,IF(C24=1,안내!$C$9,안내!$C$10)+7*INT((AD24-1)/4)+CHOOSE(MOD(AD24-1,4)+1,0,2,4,5)) -> 46584 | V24: =CHOOSE(WEEKDAY(U24,2),"월","화","수","목","금","토","일") -> 금 | W24: =IFERROR(IF(INDEX($C$2:$C$799,MATCH(D24&"#"&(E24+1),$AC$2:$AC$799,0))=C24,"다음 편: ","시즌1 완결 · 시즌2 첫 편: ")&INDEX($L$2:$L$799,MATCH(D24&"#"&(E24+1),$AC$2:$AC$799,0)),"구약 트랙 완결") -> 다음 편: 애굽에서의 거짓말 | X24: 미착수 | Y24: 미착수 | Z24: 미착수 | AA24: 미착수 | AC24: =D24&"#"&E24 -> 구약#187 | AD24: =COUNTIFS($C$2:C24,C24,$D$2:D24,D24) -> 5
A25: 24 | B25: A0024 | C25: 1 | D25: 구약 | E25: =IF(C25=1,COUNTIFS($C$2:C25,1,$D$2:D25,D25),COUNTIFS($C$2:$C$799,1,$D$2:$D$799,D25)+COUNTIFS($C$2:C25,2,$D$2:D25,D25)) -> 19 | F25: =D25&" #"&TEXT(E25,"000") -> 구약 #019 | G25: B003 | H25: S1-L03 | I25: 창세기 | J25: 창 12:1-9 | K25: 장면 | L25: 떠나라 | M25: 75세에 모든 것을 두고 떠나라고? | N25: 창 12:2 | O25: 믿음은 하나님의 약속을 붙잡고 떠나는 것입니다 | P25: 아브람·사래·롯 | Q25: 하란에서 가나안 세겜 | S25: 앞에서 건너뛴 1편(시즌2): 창 11:10-32 셈에서 아브람까지 → 연결 내레이션 1~2문장 필요 | T25: ="["&안내!$C$5&" "&F25&"] "&L25&" | "&J25 -> [1분 성경 구약 #019] 떠나라 | 창 12:1-9 | U25: =IF(D25="구약",IF(C25=1,안내!$C$9,안내!$C$10)+AD25-1,IF(C25=1,안내!$C$9,안내!$C$10)+7*INT((AD25-1)/4)+CHOOSE(MOD(AD25-1,4)+1,0,2,4,5)) -> 46409 | V25: =CHOOSE(WEEKDAY(U25,2),"월","화","수","목","금","토","일") -> 금 | W25: =IFERROR(IF(INDEX($C$2:$C$799,MATCH(D25&"#"&(E25+1),$AC$2:$AC$799,0))=C25,"다음 편: ","시즌1 완결 · 시즌2 첫 편: ")&INDEX($L$2:$L$799,MATCH(D25&"#"&(E25+1),$AC$2:$AC$799,0)),"구약 트랙 완결") -> 다음 편: 하늘의 별을 세어 보라 | X25: 미착수 | Y25: 미착수 | Z25: 미착수 | AA25: 미착수 | AC25: =D25&"#"&E25 -> 구약#19 | AD25: =COUNTIFS($C$2:C25,C25,$D$2:D25,D25) -> 19
A26: 25 | B26: A0025 | C26: 2 | D26: 구약 | E26: =IF(C26=1,COUNTIFS($C$2:C26,1,$D$2:D26,D26),COUNTIFS($C$2:$C$799,1,$D$2:$D$799,D26)+COUNTIFS($C$2:C26,2,$D$2:D26,D26)) -> 188 | F26: =D26&" #"&TEXT(E26,"000") -> 구약 #188 | G26: B003 | H26: S2-L01 | I26: 창세기 | J26: 창 12:10-20 | K26: 장면 | L26: 애굽에서의 거짓말 | M26: 아내를 누이라고 소개한 믿음의 조상? | N26: 창 12:17 | O26: 하나님은 우리의 실수 속에서도 약속을 지키십니다 | P26: 아브람·사래·바로 | Q26: 애굽 궁전 | S26: 시즌1 구약 #019 '떠나라' 다음 이야기 | T26: ="["&안내!$C$5&" "&F26&"] "&L26&" | "&J26 -> [1분 성경 구약 #188] 애굽에서의 거짓말 | 창 12:10-20 | U26: =IF(D26="구약",IF(C26=1,안내!$C$9,안내!$C$10)+AD26-1,IF(C26=1,안내!$C$9,안내!$C$10)+7*INT((AD26-1)/4)+CHOOSE(MOD(AD26-1,4)+1,0,2,4,5)) -> 46585 | V26: =CHOOSE(WEEKDAY(U26,2),"월","화","수","목","금","토","일") -> 토 | W26: =IFERROR(IF(INDEX($C$2:$C$799,MATCH(D26&"#"&(E26+1),$AC$2:$AC$799,0))=C26,"다음 편: ","시즌1 완결 · 시즌2 첫 편: ")&INDEX($L$2:$L$799,MATCH(D26&"#"&(E26+1),$AC$2:$AC$799,0)),"구약 트랙 완결") -> 다음 편: 롯과 갈라서다 | X26: 미착수 | Y26: 미착수 | Z26: 미착수 | AA26: 미착수 | AC26: =D26&"#"&E26 -> 구약#188 | AD26: =COUNTIFS($C$2:C26,C26,$D$2:D26,D26) -> 6
A27: 26 | B27: A0026 | C27: 2 | D27: 구약 | E27: =IF(C27=1,COUNTIFS($C$2:C27,1,$D$2:D27,D27),COUNTIFS($C$2:$C$799,1,$D$2:$D$799,D27)+COUNTIFS($C$2:C27,2,$D$2:D27,D27)) -> 189 | F27: =D27&" #"&TEXT(E27,"000") -> 구약 #189 | G27: B003 | H27: S2-L01 | I27: 창세기 | J27: 창 13:1-18 | K27: 장면 | L27: 롯과 갈라서다 | M27: 좋은 땅을 양보하면 손해일까? | N27: 창 13:9 | O27: 하나님께 맡긴 사람은 양보할 수 있습니다 | P27: 아브람·롯 | Q27: 벧엘, 요단 들판 | S27: 시즌1 구약 #019 '떠나라' 다음 이야기 | T27: ="["&안내!$C$5&" "&F27&"] "&L27&" | "&J27 -> [1분 성경 구약 #189] 롯과 갈라서다 | 창 13:1-18 | U27: =IF(D27="구약",IF(C27=1,안내!$C$9,안내!$C$10)+AD27-1,IF(C27=1,안내!$C$9,안내!$C$10)+7*INT((AD27-1)/4)+CHOOSE(MOD(AD27-1,4)+1,0,2,4,5)) -> 46586 | V27: =CHOOSE(WEEKDAY(U27,2),"월","화","수","목","금","토","일") -> 일 | W27: =IFERROR(IF(INDEX($C$2:$C$799,MATCH(D27&"#"&(E27+1),$AC$2:$AC$799,0))=C27,"다음 편: ","시즌1 완결 · 시즌2 첫 편: ")&INDEX($L$2:$L$799,MATCH(D27&"#"&(E27+1),$AC$2:$AC$799,0)),"구약 트랙 완결") -> 다음 편: 롯을 구하고 멜기세덱을 만나다 | X27: 미착수 | Y27: 미착수 | Z27: 미착수 | AA27: 미착수 | AC27: =D27&"#"&E27 -> 구약#189 | AD27: =COUNTIFS($C$2:C27,C27,$D$2:D27,D27) -> 7
A28: 27 | B28: A0027 | C28: 2 | D28: 구약 | E28: =IF(C28=1,COUNTIFS($C$2:C28,1,$D$2:D28,D28),COUNTIFS($C$2:$C$799,1,$D$2:$D$799,D28)+COUNTIFS($C$2:C28,2,$D$2:D28,D28)) -> 190 | F28: =D28&" #"&TEXT(E28,"000") -> 구약 #190 | G28: B003 | H28: S2-L01 | I28: 창세기 | J28: 창 14:1-24 | K28: 장면 | L28: 롯을 구하고 멜기세덱을 만나다 | M28: 318명으로 왕들의 연합군을 이겼다? | N28: 창 14:20 | O28: 모든 승리는 하나님께로부터 옵니다 | P28: 아브람·롯·멜기세덱 | Q28: 단까지의 추격, 살렘 | R28: 멜기세덱 = 그리스도의 예표(히 7)로만 설명, 특정인 대입 금지 | S28: 시즌1 구약 #019 '떠나라' 다음 이야기 | T28: ="["&안내!$C$5&" "&F28&"] "&L28&" | "&J28 -> [1분 성경 구약 #190] 롯을 구하고 멜기세덱을 만나다 | 창 14:1-24 | U28: =IF(D28="구약",IF(C28=1,안내!$C$9,안내!$C$10)+AD28-1,IF(C28=1,안내!$C$9,안내!$C$10)+7*INT((AD28-1)/4)+CHOOSE(MOD(AD28-1,4)+1,0,2,4,5)) -> 46587 | V28: =CHOOSE(WEEKDAY(U28,2),"월","화","수","목","금","토","일") -> 월 | W28: =IFERROR(IF(INDEX($C$2:$C$799,MATCH(D28&"#"&(E28+1),$AC$2:$AC$799,0))=C28,"다음 편: ","시즌1 완결 · 시즌2 첫 편: ")&INDEX($L$2:$L$799,MATCH(D28&"#"&(E28+1),$AC$2:$AC$799,0)),"구약 트랙 완결") -> 다음 편: 하갈과 이스마엘 | X28: 미착수 | Y28: 미착수 | Z28: 미착수 | AA28: 미착수 | AC28: =D28&"#"&E28 -> 구약#190 | AD28: =COUNTIFS($C$2:C28,C28,$D$2:D28,D28) -> 8
A29: 28 | B29: A0028 | C29: 1 | D29: 구약 | E29: =IF(C29=1,COUNTIFS($C$2:C29,1,$D$2:D29,D29),COUNTIFS($C$2:$C$799,1,$D$2:$D$799,D29)+COUNTIFS($C$2:C29,2,$D$2:D29,D29)) -> 20 | F29: =D29&" #"&TEXT(E29,"000") -> 구약 #020 | G29: B003 | H29: S1-L03 | I29: 창세기 | J29: 창 15:1-21 | K29: 장면 | L29: 하늘의 별을 세어 보라 | M29: 밤하늘의 별을 세라고 하신 이유 | N29: 창 15:6 | O29: 하나님은 믿음을 의로 여기십니다 | P29: 아브람·하나님(음성) | Q29: 별이 가득한 밤하늘, 쪼갠 제물 사이 횃불 | R29: 이신칭의 핵심 구절 | S29: 앞에서 건너뛴 3편(시즌2): 창 12:10-20 애굽에서의 거짓말, 창 13:1-18 롯과 갈라서다, 창 14:1-24 롯을 구하고 멜기세덱을 만나다 → 연결 내레이션 1~2문장 필요 | T29: ="["&안내!$C$5&" "&F29&"] "&L29&" | "&J29 -> [1분 성경 구약 #020] 하늘의 별을 세어 보라 | 창 15:1-21 | U29: =IF(D29="구약",IF(C29=1,안내!$C$9,안내!$C$10)+AD29-1,IF(C29=1,안내!$C$9,안내!$C$10)+7*INT((AD29-1)/4)+CHOOSE(MOD(AD29-1,4)+1,0,2,4,5)) -> 46410 | V29: =CHOOSE(WEEKDAY(U29,2),"월","화","수","목","금","토","일") -> 토 | W29: =IFERROR(IF(INDEX($C$2:$C$799,MATCH(D29&"#"&(E29+1),$AC$2:$AC$799,0))=C29,"다음 편: ","시즌1 완결 · 시즌2 첫 편: ")&INDEX($L$2:$L$799,MATCH(D29&"#"&(E29+1),$AC$2:$AC$799,0)),"구약 트랙 완결") -> 다음 편: 세 나그네 | X29: 미착수 | Y29: 미착수 | Z29: 미착수 | AA29: 미착수 | AC29: =D29&"#"&E29 -> 구약#20 | AD29: =COUNTIFS($C$2:C29,C29,$D$2:D29,D29) -> 20
A30: 29 | B30: A0029 | C30: 2 | D30: 구약 | E30: =IF(C30=1,COUNTIFS($C$2:C30,1,$D$2:D30,D30),COUNTIFS($C$2:$C$799,1,$D$2:$D$799,D30)+COUNTIFS($C$2:C30,2,$D$2:D30,D30)) -> 191 | F30: =D30&" #"&TEXT(E30,"000") -> 구약 #191 | G30: B003 | H30: S2-L01 | I30: 창세기 | J30: 창 16:1-16 | K30: 장면 | L30: 하갈과 이스마엘 | M30: 기다리다 지쳐 선택한 지름길 | N30: 창 16:13 | O30: 하나님은 버려진 사람도 보고 계십니다 | P30: 사래·하갈·아브람·여호와의 사자 | Q30: 광야의 샘 | R30: 여호와의 사자는 빛나는 형체로 | S30: 시즌1 구약 #020 '하늘의 별을 세어 보라' 다음 이야기 | T30: ="["&안내!$C$5&" "&F30&"] "&L30&" | "&J30 -> [1분 성경 구약 #191] 하갈과 이스마엘 | 창 16:1-16 | U30: =IF(D30="구약",IF(C30=1,안내!$C$9,안내!$C$10)+AD30-1,IF(C30=1,안내!$C$9,안내!$C$10)+7*INT((AD30-1)/4)+CHOOSE(MOD(AD30-1,4)+1,0,2,4,5)) -> 46588 | V30: =CHOOSE(WEEKDAY(U30,2),"월","화","수","목","금","토","일") -> 화 | W30: =IFERROR(IF(INDEX($C$2:$C$799,MATCH(D30&"#"&(E30+1),$AC$2:$AC$799,0))=C30,"다음 편: ","시즌1 완결 · 시즌2 첫 편: ")&INDEX($L$2:$L$799,MATCH(D30&"#"&(E30+1),$AC$2:$AC$799,0)),"구약 트랙 완결") -> 다음 편: 이름이 바뀌다 | X30: 미착수 | Y30: 미착수 | Z30: 미착수 | AA30: 미착수 | AC30: =D30&"#"&E30 -> 구약#191 | AD30: =COUNTIFS($C$2:C30,C30,$D$2:D30,D30) -> 9
A31: 30 | B31: A0030 | C31: 2 | D31: 구약 | E31: =IF(C31=1,COUNTIFS($C$2:C31,1,$D$2:D31,D31),COUNTIFS($C$2:$C$799,1,$D$2:$D$799,D31)+COUNTIFS($C$2:C31,2,$D$2:D31,D31)) -> 192 | F31: =D31&" #"&TEXT(E31,"000") -> 구약 #192 | G31: B003 | H31: S2-L01 | I31: 창세기 | J31: 창 17:1-27 | K31: 장면 | L31: 이름이 바뀌다 | M31: 99세에 이름을 바꾼 이유 | N31: 창 17:5 | O31: 하나님의 언약은 정체성을 새롭게 합니다 | P31: 아브라함·사라 | Q31: 장막 | R31: 할례 장면 직접 묘사 금지 | S31: 시즌1 구약 #020 '하늘의 별을 세어 보라' 다음 이야기 | T31: ="["&안내!$C$5&" "&F31&"] "&L31&" | "&J31 -> [1분 성경 구약 #192] 이름이 바뀌다 | 창 17:1-27 | U31: =IF(D31="구약",IF(C31=1,안내!$C$9,안내!$C$10)+AD31-1,IF(C31=1,안내!$C$9,안내!$C$10)+7*INT((AD31-1)/4)+CHOOSE(MOD(AD31-1,4)+1,0,2,4,5)) -> 46589 | V31: =CHOOSE(WEEKDAY(U31,2),"월","화","수","목","금","토","일") -> 수 | W31: =IFERROR(IF(INDEX($C$2:$C$799,MATCH(D31&"#"&(E31+1),$AC$2:$AC$799,0))=C31,"다음 편: ","시즌1 완결 · 시즌2 첫 편: ")&INDEX($L$2:$L$799,MATCH(D31&"#"&(E31+1),$AC$2:$AC$799,0)),"구약 트랙 완결") -> 다음 편: 의인 열 명만 있다면 | X31: 미착수 | Y31: 미착수 | Z31: 미착수 | AA31: 미착수 | AC31: =D31&"#"&E31 -> 구약#192 | AD31: =COUNTIFS($C$2:C31,C31,$D$2:D31,D31) -> 10
A32: 31 | B32: A0031 | C32: 1 | D32: 구약 | E32: =IF(C32=1,COUNTIFS($C$2:C32,1,$D$2:D32,D32),COUNTIFS($C$2:$C$799,1,$D$2:$D$799,D32)+COUNTIFS($C$2:C32,2,$D$2:D32,D32)) -> 21 | F32: =D32&" #"&TEXT(E32,"000") -> 구약 #021 | G32: B004 | H32: S1-L03 | I32: 창세기 | J32: 창 18:1-15 | K32: 장면 | L32: 세 나그네 | M32: 99세 할아버지에게 아들이 생긴다고? | N32: 창 18:14 | O32: 하나님께 능하지 못한 일은 없습니다 | P32: 아브라함·사라·세 사람 | Q32: 마므레 상수리나무, 장막 | R32: 여호와의 현현은 얼굴 묘사 없이 빛과 실루엣으로 | S32: 앞에서 건너뛴 2편(시즌2): 창 16:1-16 하갈과 이스마엘, 창 17:1-27 이름이 바뀌다 → 연결 내레이션 1~2문장 필요 | T32: ="["&안내!$C$5&" "&F32&"] "&L32&" | "&J32 -> [1분 성경 구약 #021] 세 나그네 | 창 18:1-15 | U32: =IF(D32="구약",IF(C32=1,안내!$C$9,안내!$C$10)+AD32-1,IF(C32=1,안내!$C$9,안내!$C$10)+7*INT((AD32-1)/4)+CHOOSE(MOD(AD32-1,4)+1,0,2,4,5)) -> 46411 | V32: =CHOOSE(WEEKDAY(U32,2),"월","화","수","목","금","토","일") -> 일 | W32: =IFERROR(IF(INDEX($C$2:$C$799,MATCH(D32&"#"&(E32+1),$AC$2:$AC$799,0))=C32,"다음 편: ","시즌1 완결 · 시즌2 첫 편: ")&INDEX($L$2:$L$799,MATCH(D32&"#"&(E32+1),$AC$2:$AC$799,0)),"구약 트랙 완결") -> 다음 편: 웃음이라는 이름의 아이 | X32: 미착수 | Y32: 미착수 | Z32: 미착수 | AA32: 미착수 | AC32: =D32&"#"&E32 -> 구약#21 | AD32: =COUNTIFS($C$2:C32,C32,$D$2:D32,D32) -> 21
A33: 32 | B33: A0032 | C33: 2 | D33: 구약 | E33: =IF(C33=1,COUNTIFS($C$2:C33,1,$D$2:D33,D33),COUNTIFS($C$2:$C$799,1,$D$2:$D$799,D33)+COUNTIFS($C$2:C33,2,$D$2:D33,D33)) -> 193 | F33: =D33&" #"&TEXT(E33,"000") -> 구약 #193 | G33: B004 | H33: S2-L02 | I33: 창세기 | J33: 창 18:16-33 | K33: 장면 | L33: 의인 열 명만 있다면 | M33: 하나님께 여섯 번이나 다시 부탁한 사람 | N33: 창 18:25 | O33: 하나님은 의로우신 재판장이십니다 | P33: 아브라함 | Q33: 소돔이 내려다보이는 언덕 | S33: 시즌1 구약 #021 '세 나그네' 다음 이야기 | T33: ="["&안내!$C$5&" "&F33&"] "&L33&" | "&J33 -> [1분 성경 구약 #193] 의인 열 명만 있다면 | 창 18:16-33 | U33: =IF(D33="구약",IF(C33=1,안내!$C$9,안내!$C$10)+AD33-1,IF(C33=1,안내!$C$9,안내!$C$10)+7*INT((AD33-1)/4)+CHOOSE(MOD(AD33-1,4)+1,0,2,4,5)) -> 46590 | V33: =CHOOSE(WEEKDAY(U33,2),"월","화","수","목","금","토","일") -> 목 | W33: =IFERROR(IF(INDEX($C$2:$C$799,MATCH(D33&"#"&(E33+1),$AC$2:$AC$799,0))=C33,"다음 편: ","시즌1 완결 · 시즌2 첫 편: ")&INDEX($L$2:$L$799,MATCH(D33&"#"&(E33+1),$AC$2:$AC$799,0)),"구약 트랙 완결") -> 다음 편: 소돔과 고모라 | X33: 미착수 | Y33: 미착수 | Z33: 미착수 | AA33: 미착수 | AC33: =D33&"#"&E33 -> 구약#193 | AD33: =COUNTIFS($C$2:C33,C33,$D$2:D33,D33) -> 11
A34: 33 | B34: A0033 | C34: 2 | D34: 구약 | E34: =IF(C34=1,COUNTIFS($C$2:C34,1,$D$2:D34,D34),COUNTIFS($C$2:$C$799,1,$D$2:$D$799,D34)+COUNTIFS($C$2:C34,2,$D$2:D34,D34)) -> 194 | F34: =D34&" #"&TEXT(E34,"000") -> 구약 #194 | G34: B004 | H34: S2-L02 | I34: 창세기 | J34: 창 19:1-29 | K34: 장면 | L34: 소돔과 고모라 | M34: 뒤를 돌아본 여인이 소금 기둥이 되었다? | N34: 창 19:26 | O34: 심판에서 건져 주신 은혜를 붙잡아야 합니다 | P34: 롯·롯의 아내·두 천사 | Q34: 소돔 성문, 불타는 성 | R34: 성적 묘사·19:30-38 장면 제외 | S34: 시즌1 구약 #021 '세 나그네' 다음 이야기 | T34: ="["&안내!$C$5&" "&F34&"] "&L34&" | "&J34 -> [1분 성경 구약 #194] 소돔과 고모라 | 창 19:1-29 | U34: =IF(D34="구약",IF(C34=1,안내!$C$9,안내!$C$10)+AD34-1,IF(C34=1,안내!$C$9,안내!$C$10)+7*INT((AD34-1)/4)+CHOOSE(MOD(AD34-1,4)+1,0,2,4,5)) -> 46591 | V34: =CHOOSE(WEEKDAY(U34,2),"월","화","수","목","금","토","일") -> 금 | W34: =IFERROR(IF(INDEX($C$2:$C$799,MATCH(D34&"#"&(E34+1),$AC$2:$AC$799,0))=C34,"다음 편: ","시즌1 완결 · 시즌2 첫 편: ")&INDEX($L$2:$L$799,MATCH(D34&"#"&(E34+1),$AC$2:$AC$799,0)),"구약 트랙 완결") -> 다음 편: 같은 실수를 또? | X34: 미착수 | Y34: 미착수 | Z34: 미착수 | AA34: 미착수 | AC34: =D34&"#"&E34 -> 구약#194 | AD34: =COUNTIFS($C$2:C34,C34,$D$2:D34,D34) -> 12
A35: 34 | B35: A0034 | C35: 2 | D35: 구약 | E35: =IF(C35=1,COUNTIFS($C$2:C35,1,$D$2:D35,D35),COUNTIFS($C$2:$C$799,1,$D$2:$D$799,D35)+COUNTIFS($C$2:C35,2,$D$2:D35,D35)) -> 195 | F35: =D35&" #"&TEXT(E35,"000") -> 구약 #195 | G35: B004 | H35: S2-L02 | I35: 창세기 | J35: 창 20:1-18 | K35: 장면 | L35: 같은 실수를 또? | M35: 하나님이 꿈에 나타나 왕을 막으셨다 | N35: 창 20:6 | O35: 하나님은 약속의 가정을 지키십니다 | P35: 아브라함·사라·아비멜렉 | Q35: 그랄 | S35: 시즌1 구약 #021 '세 나그네' 다음 이야기 | T35: ="["&안내!$C$5&" "&F35&"] "&L35&" | "&J35 -> [1분 성경 구약 #195] 같은 실수를 또? | 창 20:1-18 | U35: =IF(D35="구약",IF(C35=1,안내!$C$9,안내!$C$10)+AD35-1,IF(C35=1,안내!$C$9,안내!$C$10)+7*INT((AD35-1)/4)+CHOOSE(MOD(AD35-1,4)+1,0,2,4,5)) -> 46592 | V35: =CHOOSE(WEEKDAY(U35,2),"월","화","수","목","금","토","일") -> 토 | W35: =IFERROR(IF(INDEX($C$2:$C$799,MATCH(D35&"#"&(E35+1),$AC$2:$AC$799,0))=C35,"다음 편: ","시즌1 완결 · 시즌2 첫 편: ")&INDEX($L$2:$L$799,MATCH(D35&"#"&(E35+1),$AC$2:$AC$799,0)),"구약 트랙 완결") -> 다음 편: 광야에서 우는 아이 | X35: 미착수 | Y35: 미착수 | Z35: 미착수 | AA35: 미착수 | AC35: =D35&"#"&E35 -> 구약#195 | AD35: =COUNTIFS($C$2:C35,C35,$D$2:D35,D35) -> 13
A36: 35 | B36: A0035 | C36: 1 | D36: 구약 | E36: =IF(C36=1,COUNTIFS($C$2:C36,1,$D$2:D36,D36),COUNTIFS($C$2:$C$799,1,$D$2:$D$799,D36)+COUNTIFS($C$2:C36,2,$D$2:D36,D36)) -> 22 | F36: =D36&" #"&TEXT(E36,"000") -> 구약 #022 | G36: B004 | H36: S1-L03 | I36: 창세기 | J36: 창 21:1-7 | K36: 장면 | L36: 웃음이라는 이름의 아이 | M36: 100세에 아버지가 된 사람 | N36: 창 21:6 | O36: 하나님은 약속하신 때에 반드시 이루십니다 | P36: 아브라함·사라·이삭 | Q36: 장막 | S36: 앞에서 건너뛴 3편(시즌2): 창 18:16-33 의인 열 명만 있다면, 창 19:1-29 소돔과 고모라, 창 20:1-18 같은 실수를 또? → 연결 내레이션 1~2문장 필요 | T36: ="["&안내!$C$5&" "&F36&"] "&L36&" | "&J36 -> [1분 성경 구약 #022] 웃음이라는 이름의 아이 | 창 21:1-7 | U36: =IF(D36="구약",IF(C36=1,안내!$C$9,안내!$C$10)+AD36-1,IF(C36=1,안내!$C$9,안내!$C$10)+7*INT((AD36-1)/4)+CHOOSE(MOD(AD36-1,4)+1,0,2,4,5)) -> 46412 | V36: =CHOOSE(WEEKDAY(U36,2),"월","화","수","목","금","토","일") -> 월 | W36: =IFERROR(IF(INDEX($C$2:$C$799,MATCH(D36&"#"&(E36+1),$AC$2:$AC$799,0))=C36,"다음 편: ","시즌1 완결 · 시즌2 첫 편: ")&INDEX($L$2:$L$799,MATCH(D36&"#"&(E36+1),$AC$2:$AC$799,0)),"구약 트랙 완결") -> 다음 편: 모리아 산 | X36: 미착수 | Y36: 미착수 | Z36: 미착수 | AA36: 미착수 | AC36: =D36&"#"&E36 -> 구약#22 | AD36: =COUNTIFS($C$2:C36,C36,$D$2:D36,D36) -> 22
A37: 36 | B37: A0036 | C37: 2 | D37: 구약 | E37: =IF(C37=1,COUNTIFS($C$2:C37,1,$D$2:D37,D37),COUNTIFS($C$2:$C$799,1,$D$2:$D$799,D37)+COUNTIFS($C$2:C37,2,$D$2:D37,D37)) -> 196 | F37: =D37&" #"&TEXT(E37,"000") -> 구약 #196 | G37: B004 | H37: S2-L02 | I37: 창세기 | J37: 창 21:8-34 | K37: 장면 | L37: 광야에서 우는 아이 | M37: 하나님이 아이의 울음소리를 들으셨다 | N37: 창 21:17 | O37: 하나님은 약한 자의 울음을 들으십니다 | P37: 하갈·이스마엘·아비멜렉 | Q37: 브엘세바 광야의 샘 | S37: 시즌1 구약 #022 '웃음이라는 이름의 아이' 다음 이야기 | T37: ="["&안내!$C$5&" "&F37&"] "&L37&" | "&J37 -> [1분 성경 구약 #196] 광야에서 우는 아이 | 창 21:8-34 | U37: =IF(D37="구약",IF(C37=1,안내!$C$9,안내!$C$10)+AD37-1,IF(C37=1,안내!$C$9,안내!$C$10)+7*INT((AD37-1)/4)+CHOOSE(MOD(AD37-1,4)+1,0,2,4,5)) -> 46593 | V37: =CHOOSE(WEEKDAY(U37,2),"월","화","수","목","금","토","일") -> 일 | W37: =IFERROR(IF(INDEX($C$2:$C$799,MATCH(D37&"#"&(E37+1),$AC$2:$AC$799,0))=C37,"다음 편: ","시즌1 완결 · 시즌2 첫 편: ")&INDEX($L$2:$L$799,MATCH(D37&"#"&(E37+1),$AC$2:$AC$799,0)),"구약 트랙 완결") -> 다음 편: 사라의 죽음과 막벨라 굴 | X37: 미착수 | Y37: 미착수 | Z37: 미착수 | AA37: 미착수 | AC37: =D37&"#"&E37 -> 구약#196 | AD37: =COUNTIFS($C$2:C37,C37,$D$2:D37,D37) -> 14
A38: 37 | B38: A0037 | C38: 1 | D38: 구약 | E38: =IF(C38=1,COUNTIFS($C$2:C38,1,$D$2:D38,D38),COUNTIFS($C$2:$C$799,1,$D$2:$D$799,D38)+COUNTIFS($C$2:C38,2,$D$2:D38,D38)) -> 23 | F38: =D38&" #"&TEXT(E38,"000") -> 구약 #023 | G38: B004 | H38: S1-L03 | I38: 창세기 | J38: 창 22:1-19 | K38: 장면 | L38: 모리아 산 | M38: 가장 사랑하는 아들을 바치라고? | N38: 창 22:14 | O38: 여호와 이레, 하나님이 준비하십니다 | P38: 아브라함·이삭 | Q38: 모리아 산, 제단, 숫양 | R38: 인신제사 정당화 아님. 대속(어린양 그리스도) 예표로 설명. 칼 장면 절제 | S38: 앞에서 건너뛴 1편(시즌2): 창 21:8-34 광야에서 우는 아이 → 연결 내레이션 1~2문장 필요 | T38: ="["&안내!$C$5&" "&F38&"] "&L38&" | "&J38 -> [1분 성경 구약 #023] 모리아 산 | 창 22:1-19 | U38: =IF(D38="구약",IF(C38=1,안내!$C$9,안내!$C$10)+AD38-1,IF(C38=1,안내!$C$9,안내!$C$10)+7*INT((AD38-1)/4)+CHOOSE(MOD(AD38-1,4)+1,0,2,4,5)) -> 46413 | V38: =CHOOSE(WEEKDAY(U38,2),"월","화","수","목","금","토","일") -> 화 | W38: =IFERROR(IF(INDEX($C$2:$C$799,MATCH(D38&"#"&(E38+1),$AC$2:$AC$799,0))=C38,"다음 편: ","시즌1 완결 · 시즌2 첫 편: ")&INDEX($L$2:$L$799,MATCH(D38&"#"&(E38+1),$AC$2:$AC$799,0)),"구약 트랙 완결") -> 다음 편: 낙타에게 물을 주는 여인 | X38: 미착수 | Y38: 미착수 | Z38: 미착수 | AA38: 미착수 | AC38: =D38&"#"&E38 -> 구약#23 | AD38: =COUNTIFS($C$2:C38,C38,$D$2:D38,D38) -> 23
A39: 38 | B39: A0038 | C39: 2 | D39: 구약 | E39: =IF(C39=1,COUNTIFS($C$2:C39,1,$D$2:D39,D39),COUNTIFS($C$2:$C$799,1,$D$2:$D$799,D39)+COUNTIFS($C$2:C39,2,$D$2:D39,D39)) -> 197 | F39: =D39&" #"&TEXT(E39,"000") -> 구약 #197 | G39: B004 | H39: S2-L02 | I39: 창세기 | J39: 창 22:20-23:20 | K39: 장면 | L39: 사라의 죽음과 막벨라 굴 | M39: 약속의 땅에서 처음 산 땅이 무덤? | N39: 창 23:19 | O39: 약속을 믿는 사람은 죽음 앞에서도 소망이 있습니다 | P39: 아브라함·헷 족속 에브론 | Q39: 헤브론 막벨라 굴 | S39: 시즌1 구약 #023 '모리아 산' 다음 이야기 | T39: ="["&안내!$C$5&" "&F39&"] "&L39&" | "&J39 -> [1분 성경 구약 #197] 사라의 죽음과 막벨라 굴 | 창 22:20-23:20 | U39: =IF(D39="구약",IF(C39=1,안내!$C$9,안내!$C$10)+AD39-1,IF(C39=1,안내!$C$9,안내!$C$10)+7*INT((AD39-1)/4)+CHOOSE(MOD(AD39-1,4)+1,0,2,4,5)) -> 46594 | V39: =CHOOSE(WEEKDAY(U39,2),"월","화","수","목","금","토","일") -> 월 | W39: =IFERROR(IF(INDEX($C$2:$C$799,MATCH(D39&"#"&(E39+1),$AC$2:$AC$799,0))=C39,"다음 편: ","시즌1 완결 · 시즌2 첫 편: ")&INDEX($L$2:$L$799,MATCH(D39&"#"&(E39+1),$AC$2:$AC$799,0)),"구약 트랙 완결") -> 다음 편: 가겠나이다 | X39: 미착수 | Y39: 미착수 | Z39: 미착수 | AA39: 미착수 | AC39: =D39&"#"&E39 -> 구약#197 | AD39: =COUNTIFS($C$2:C39,C39,$D$2:D39,D39) -> 15
A40: 39 | B40: A0039 | C40: 1 | D40: 구약 | E40: =IF(C40=1,COUNTIFS($C$2:C40,1,$D$2:D40,D40),COUNTIFS($C$2:$C$799,1,$D$2:$D$799,D40)+COUNTIFS($C$2:C40,2,$D$2:D40,D40)) -> 24 | F40: =D40&" #"&TEXT(E40,"000") -> 구약 #024 | G40: B005 | H40: S1-L03 | I40: 창세기 | J40: 창 24:1-27 | K40: 장면 | L40: 낙타에게 물을 주는 여인 | M40: 기도가 끝나기도 전에 응답이 왔다? | N40: 창 24:12 | O40: 하나님은 기도하는 사람의 길을 인도하십니다 | P40: 아브라함의 종·리브가 | Q40: 나홀 성 우물가 | S40: 앞에서 건너뛴 1편(시즌2): 창 22:20-23:20 사라의 죽음과 막벨라 굴 → 연결 내레이션 1~2문장 필요 | T40: ="["&안내!$C$5&" "&F40&"] "&L40&" | "&J40 -> [1분 성경 구약 #024] 낙타에게 물을 주는 여인 | 창 24:1-27 | U40: =IF(D40="구약",IF(C40=1,안내!$C$9,안내!$C$10)+AD40-1,IF(C40=1,안내!$C$9,안내!$C$10)+7*INT((AD40-1)/4)+CHOOSE(MOD(AD40-1,4)+1,0,2,4,5)) -> 46414 | V40: =CHOOSE(WEEKDAY(U40,2),"월","화","수","목","금","토","일") -> 수 | W40: =IFERROR(IF(INDEX($C$2:$C$799,MATCH(D40&"#"&(E40+1),$AC$2:$AC$799,0))=C40,"다음 편: ","시즌1 완결 · 시즌2 첫 편: ")&INDEX($L$2:$L$799,MATCH(D40&"#"&(E40+1),$AC$2:$AC$799,0)),"구약 트랙 완결") -> 다음 편: 배 속에서부터 싸운 쌍둥이 | X40: 미착수 | Y40: 미착수 | Z40: 미착수 | AA40: 미착수 | AC40: =D40&"#"&E40 -> 구약#24 | AD40: =COUNTIFS($C$2:C40,C40,$D$2:D40,D40) -> 24
A41: 40 | B41: A0040 | C41: 2 | D41: 구약 | E41: =IF(C41=1,COUNTIFS($C$2:C41,1,$D$2:D41,D41),COUNTIFS($C$2:$C$799,1,$D$2:$D$799,D41)+COUNTIFS($C$2:C41,2,$D$2:D41,D41)) -> 198 | F41: =D41&" #"&TEXT(E41,"000") -> 구약 #198 | G41: B005 | H41: S2-L02 | I41: 창세기 | J41: 창 24:28-67 | K41: 장면 | L41: 가겠나이다 | M41: 처음 본 사람에게 시집가겠다고? | N41: 창 24:58 | O41: 믿음은 하나님의 인도를 따라 결단하는 것입니다 | P41: 리브가·라반·이삭 | Q41: 브엘라해로이 들판, 해 질 녘 | S41: 시즌1 구약 #024 '낙타에게 물을 주는 여인' 다음 이야기 | T41: ="["&안내!$C$5&" "&F41&"] "&L41&" | "&J41 -> [1분 성경 구약 #198] 가겠나이다 | 창 24:28-67 | U41: =IF(D41="구약",IF(C41=1,안내!$C$9,안내!$C$10)+AD41-1,IF(C41=1,안내!$C$9,안내!$C$10)+7*INT((AD41-1)/4)+CHOOSE(MOD(AD41-1,4)+1,0,2,4,5)) -> 46595 | V41: =CHOOSE(WEEKDAY(U41,2),"월","화","수","목","금","토","일") -> 화 | W41: =IFERROR(IF(INDEX($C$2:$C$799,MATCH(D41&"#"&(E41+1),$AC$2:$AC$799,0))=C41,"다음 편: ","시즌1 완결 · 시즌2 첫 편: ")&INDEX($L$2:$L$799,MATCH(D41&"#"&(E41+1),$AC$2:$AC$799,0)),"구약 트랙 완결") -> 다음 편: 아브라함의 죽음 | X41: 미착수 | Y41: 미착수 | Z41: 미착수 | AA41: 미착수 | AC41: =D41&"#"&E41 -> 구약#198 | AD41: =COUNTIFS($C$2:C41,C41,$D$2:D41,D41) -> 16
A42: 41 | B42: A0041 | C42: 2 | D42: 구약 | E42: =IF(C42=1,COUNTIFS($C$2:C42,1,$D$2:D42,D42),COUNTIFS($C$2:$C$799,1,$D$2:$D$799,D42)+COUNTIFS($C$2:C42,2,$D$2:D42,D42)) -> 199 | F42: =D42&" #"&TEXT(E42,"000") -> 구약 #199 | G42: B005 | H42: S2-L02 | I42: 창세기 | J42: 창 25:1-18 | K42: 장면 | L42: 아브라함의 죽음 | M42: 175년 믿음의 여정이 끝나던 날 | N42: 창 25:8 | O42: 믿음의 사람은 하나님께로 돌아갑니다 | P42: 아브라함·이삭·이스마엘 | Q42: 막벨라 굴 | S42: 시즌1 구약 #024 '낙타에게 물을 주는 여인' 다음 이야기 | T42: ="["&안내!$C$5&" "&F42&"] "&L42&" | "&J42 -> [1분 성경 구약 #199] 아브라함의 죽음 | 창 25:1-18 | U42: =IF(D42="구약",IF(C42=1,안내!$C$9,안내!$C$10)+AD42-1,IF(C42=1,안내!$C$9,안내!$C$10)+7*INT((AD42-1)/4)+CHOOSE(MOD(AD42-1,4)+1,0,2,4,5)) -> 46596 | V42: =CHOOSE(WEEKDAY(U42,2),"월","화","수","목","금","토","일") -> 수 | W42: =IFERROR(IF(INDEX($C$2:$C$799,MATCH(D42&"#"&(E42+1),$AC$2:$AC$799,0))=C42,"다음 편: ","시즌1 완결 · 시즌2 첫 편: ")&INDEX($L$2:$L$799,MATCH(D42&"#"&(E42+1),$AC$2:$AC$799,0)),"구약 트랙 완결") -> 다음 편: 아버지의 실수를 아들도 | X42: 미착수 | Y42: 미착수 | Z42: 미착수 | AA42: 미착수 | AC42: =D42&"#"&E42 -> 구약#199 | AD42: =COUNTIFS($C$2:C42,C42,$D$2:D42,D42) -> 17
A43: 42 | B43: A0042 | C43: 1 | D43: 구약 | E43: =IF(C43=1,COUNTIFS($C$2:C43,1,$D$2:D43,D43),COUNTIFS($C$2:$C$799,1,$D$2:$D$799,D43)+COUNTIFS($C$2:C43,2,$D$2:D43,D43)) -> 25 | F43: =D43&" #"&TEXT(E43,"000") -> 구약 #025 | G43: B005 | H43: S1-L03 | I43: 창세기 | J43: 창 25:19-26 | K43: 장면 | L43: 배 속에서부터 싸운 쌍둥이 | M43: 태어나기 전부터 정해진 운명? | N43: 창 25:23 | O43: 하나님의 선택은 우리의 행위보다 앞섭니다 | P43: 이삭·리브가·에서·야곱 | Q43: 장막 | R43: 선택 교리(롬 9:11)와 연결, 숙명론으로 오해 않게 | S43: 앞에서 건너뛴 2편(시즌2): 창 24:28-67 가겠나이다, 창 25:1-18 아브라함의 죽음 → 연결 내레이션 1~2문장 필요 | T43: ="["&안내!$C$5&" "&F43&"] "&L43&" | "&J43 -> [1분 성경 구약 #025] 배 속에서부터 싸운 쌍둥이 | 창 25:19-26 | U43: =IF(D43="구약",IF(C43=1,안내!$C$9,안내!$C$10)+AD43-1,IF(C43=1,안내!$C$9,안내!$C$10)+7*INT((AD43-1)/4)+CHOOSE(MOD(AD43-1,4)+1,0,2,4,5)) -> 46415 | V43: =CHOOSE(WEEKDAY(U43,2),"월","화","수","목","금","토","일") -> 목 | W43: =IFERROR(IF(INDEX($C$2:$C$799,MATCH(D43&"#"&(E43+1),$AC$2:$AC$799,0))=C43,"다음 편: ","시즌1 완결 · 시즌2 첫 편: ")&INDEX($L$2:$L$799,MATCH(D43&"#"&(E43+1),$AC$2:$AC$799,0)),"구약 트랙 완결") -> 다음 편: 팥죽 한 그릇 | X43: 미착수 | Y43: 미착수 | Z43: 미착수 | AA43: 미착수 | AC43: =D43&"#"&E43 -> 구약#25 | AD43: =COUNTIFS($C$2:C43,C43,$D$2:D43,D43) -> 25
A44: 43 | B44: A0043 | C44: 1 | D44: 구약 | E44: =IF(C44=1,COUNTIFS($C$2:C44,1,$D$2:D44,D44),COUNTIFS($C$2:$C$799,1,$D$2:$D$799,D44)+COUNTIFS($C$2:C44,2,$D$2:D44,D44)) -> 26 | F44: =D44&" #"&TEXT(E44,"000") -> 구약 #026 | G44: B005 | H44: S1-L03 | I44: 창세기 | J44: 창 25:27-34 | K44: 장면 | L44: 팥죽 한 그릇 | M44: 배고파서 장자권을 팔았다? | N44: 창 25:34 | O44: 당장의 욕심이 영원한 복을 가볍게 만듭니다 | P44: 에서·야곱 | Q44: 장막 앞 화덕 | S44: 앞 편과 바로 이어짐 | T44: ="["&안내!$C$5&" "&F44&"] "&L44&" | "&J44 -> [1분 성경 구약 #026] 팥죽 한 그릇 | 창 25:27-34 | U44: =IF(D44="구약",IF(C44=1,안내!$C$9,안내!$C$10)+AD44-1,IF(C44=1,안내!$C$9,안내!$C$10)+7*INT((AD44-1)/4)+CHOOSE(MOD(AD44-1,4)+1,0,2,4,5)) -> 46416 | V44: =CHOOSE(WEEKDAY(U44,2),"월","화","수","목","금","토","일") -> 금 | W44: =IFERROR(IF(INDEX($C$2:$C$799,MATCH(D44&"#"&(E44+1),$AC$2:$AC$799,0))=C44,"다음 편: ","시즌1 완결 · 시즌2 첫 편: ")&INDEX($L$2:$L$799,MATCH(D44&"#"&(E44+1),$AC$2:$AC$799,0)),"구약 트랙 완결") -> 다음 편: 눈먼 아버지를 속이다 | X44: 미착수 | Y44: 미착수 | Z44: 미착수 | AA44: 미착수 | AC44: =D44&"#"&E44 -> 구약#26 | AD44: =COUNTIFS($C$2:C44,C44,$D$2:D44,D44) -> 26
A45: 44 | B45: A0044 | C45: 2 | D45: 구약 | E45: =IF(C45=1,COUNTIFS($C$2:C45,1,$D$2:D45,D45),COUNTIFS($C$2:$C$799,1,$D$2:$D$799,D45)+COUNTIFS($C$2:C45,2,$D$2:D45,D45)) -> 200 | F45: =D45&" #"&TEXT(E45,"000") -> 구약 #200 | G45: B005 | H45: S2-L02 | I45: 창세기 | J45: 창 26:1-16 | K45: 장면 | L45: 아버지의 실수를 아들도 | M45: 아버지와 똑같은 거짓말을 한 아들 | N45: 창 26:3 | O45: 하나님의 약속은 대를 이어 신실합니다 | P45: 이삭·리브가·아비멜렉 | Q45: 그랄 | S45: 시즌1 구약 #026 '팥죽 한 그릇' 다음 이야기 | T45: ="["&안내!$C$5&" "&F45&"] "&L45&" | "&J45 -> [1분 성경 구약 #200] 아버지의 실수를 아들도 | 창 26:1-16 | U45: =IF(D45="구약",IF(C45=1,안내!$C$9,안내!$C$10)+AD45-1,IF(C45=1,안내!$C$9,안내!$C$10)+7*INT((AD45-1)/4)+CHOOSE(MOD(AD45-1,4)+1,0,2,4,5)) -> 46597 | V45: =CHOOSE(WEEKDAY(U45,2),"월","화","수","목","금","토","일") -> 목 | W45: =IFERROR(IF(INDEX($C$2:$C$799,MATCH(D45&"#"&(E45+1),$AC$2:$AC$799,0))=C45,"다음 편: ","시즌1 완결 · 시즌2 첫 편: ")&INDEX($L$2:$L$799,MATCH(D45&"#"&(E45+1),$AC$2:$AC$799,0)),"구약 트랙 완결") -> 다음 편: 우물을 빼앗겨도 | X45: 미착수 | Y45: 미착수 | Z45: 미착수 | AA45: 미착수 | AC45: =D45&"#"&E45 -> 구약#200 | AD45: =COUNTIFS($C$2:C45,C45,$D$2:D45,D45) -> 18
A46: 45 | B46: A0045 | C46: 2 | D46: 구약 | E46: =IF(C46=1,COUNTIFS($C$2:C46,1,$D$2:D46,D46),COUNTIFS($C$2:$C$799,1,$D$2:$D$799,D46)+COUNTIFS($C$2:C46,2,$D$2:D46,D46)) -> 201 | F46: =D46&" #"&TEXT(E46,"000") -> 구약 #201 | G46: B005 | H46: S2-L02 | I46: 창세기 | J46: 창 26:17-35 | K46: 장면 | L46: 우물을 빼앗겨도 | M46: 빼앗기면 또 파고, 또 빼앗기면 또 판 사람 | N46: 창 26:22 | O46: 하나님이 넓은 곳을 주십니다(르호보트) | P46: 이삭·그랄 목자들 | Q46: 그랄 골짜기의 우물들 | S46: 시즌1 구약 #026 '팥죽 한 그릇' 다음 이야기 | T46: ="["&안내!$C$5&" "&F46&"] "&L46&" | "&J46 -> [1분 성경 구약 #201] 우물을 빼앗겨도 | 창 26:17-35 | U46: =IF(D46="구약",IF(C46=1,안내!$C$9,안내!$C$10)+AD46-1,IF(C46=1,안내!$C$9,안내!$C$10)+7*INT((AD46-1)/4)+CHOOSE(MOD(AD46-1,4)+1,0,2,4,5)) -> 46598 | V46: =CHOOSE(WEEKDAY(U46,2),"월","화","수","목","금","토","일") -> 금 | W46: =IFERROR(IF(INDEX($C$2:$C$799,MATCH(D46&"#"&(E46+1),$AC$2:$AC$799,0))=C46,"다음 편: ","시즌1 완결 · 시즌2 첫 편: ")&INDEX($L$2:$L$799,MATCH(D46&"#"&(E46+1),$AC$2:$AC$799,0)),"구약 트랙 완결") -> 다음 편: 형이 나를 죽이려 한다 | X46: 미착수 | Y46: 미착수 | Z46: 미착수 | AA46: 미착수 | AC46: =D46&"#"&E46 -> 구약#201 | AD46: =COUNTIFS($C$2:C46,C46,$D$2:D46,D46) -> 19
A47: 46 | B47: A0046 | C47: 1 | D47: 구약 | E47: =IF(C47=1,COUNTIFS($C$2:C47,1,$D$2:D47,D47),COUNTIFS($C$2:$C$799,1,$D$2:$D$799,D47)+COUNTIFS($C$2:C47,2,$D$2:D47,D47)) -> 27 | F47: =D47&" #"&TEXT(E47,"000") -> 구약 #027 | G47: B006 | H47: S1-L04 | I47: 창세기 | J47: 창 27:1-29 | K47: 장면 | L47: 눈먼 아버지를 속이다 | M47: 염소 가죽을 두르고 형인 척했다? | N47: 창 27:22 | O47: 속임수로 얻은 복은 평안을 주지 못합니다 | P47: 이삭·리브가·야곱 | Q47: 장막 | S47: 앞에서 건너뛴 2편(시즌2): 창 26:1-16 아버지의 실수를 아들도, 창 26:17-35 우물을 빼앗겨도 → 연결 내레이션 1~2문장 필요 | T47: ="["&안내!$C$5&" "&F47&"] "&L47&" | "&J47 -> [1분 성경 구약 #027] 눈먼 아버지를 속이다 | 창 27:1-29 | U47: =IF(D47="구약",IF(C47=1,안내!$C$9,안내!$C$10)+AD47-1,IF(C47=1,안내!$C$9,안내!$C$10)+7*INT((AD47-1)/4)+CHOOSE(MOD(AD47-1,4)+1,0,2,4,5)) -> 46417 | V47: =CHOOSE(WEEKDAY(U47,2),"월","화","수","목","금","토","일") -> 토 | W47: =IFERROR(IF(INDEX($C$2:$C$799,MATCH(D47&"#"&(E47+1),$AC$2:$AC$799,0))=C47,"다음 편: ","시즌1 완결 · 시즌2 첫 편: ")&INDEX($L$2:$L$799,MATCH(D47&"#"&(E47+1),$AC$2:$AC$799,0)),"구약 트랙 완결") -> 다음 편: 돌베개와 하늘 사다리 | X47: 미착수 | Y47: 미착수 | Z47: 미착수 | AA47: 미착수 | AC47: =D47&"#"&E47 -> 구약#27 | AD47: =COUNTIFS($C$2:C47,C47,$D$2:D47,D47) -> 27
A48: 47 | B48: A0047 | C48: 2 | D48: 구약 | E48: =IF(C48=1,COUNTIFS($C$2:C48,1,$D$2:D48,D48),COUNTIFS($C$2:$C$799,1,$D$2:$D$799,D48)+COUNTIFS($C$2:C48,2,$D$2:D48,D48)) -> 202 | F48: =D48&" #"&TEXT(E48,"000") -> 구약 #202 | G48: B006 | H48: S2-L03 | I48: 창세기 | J48: 창 27:30-28:9 | K48: 장면 | L48: 형이 나를 죽이려 한다 | M48: 축복 하나 때문에 형제가 원수가 되다 | N48: 창 27:41 | O48: 죄는 가정을 갈라 놓습니다 | P48: 에서·야곱·리브가·이삭 | Q48: 장막 | S48: 시즌1 구약 #027 '눈먼 아버지를 속이다' 다음 이야기 | T48: ="["&안내!$C$5&" "&F48&"] "&L48&" | "&J48 -> [1분 성경 구약 #202] 형이 나를 죽이려 한다 | 창 27:30-28:9 | U48: =IF(D48="구약",IF(C48=1,안내!$C$9,안내!$C$10)+AD48-1,IF(C48=1,안내!$C$9,안내!$C$10)+7*INT((AD48-1)/4)+CHOOSE(MOD(AD48-1,4)+1,0,2,4,5)) -> 46599 | V48: =CHOOSE(WEEKDAY(U48,2),"월","화","수","목","금","토","일") -> 토 | W48: =IFERROR(IF(INDEX($C$2:$C$799,MATCH(D48&"#"&(E48+1),$AC$2:$AC$799,0))=C48,"다음 편: ","시즌1 완결 · 시즌2 첫 편: ")&INDEX($L$2:$L$799,MATCH(D48&"#"&(E48+1),$AC$2:$AC$799,0)),"구약 트랙 완결") -> 다음 편: 사랑받지 못한 레아 | X48: 미착수 | Y48: 미착수 | Z48: 미착수 | AA48: 미착수 | AC48: =D48&"#"&E48 -> 구약#202 | AD48: =COUNTIFS($C$2:C48,C48,$D$2:D48,D48) -> 20
A49: 48 | B49: A0048 | C49: 1 | D49: 구약 | E49: =IF(C49=1,COUNTIFS($C$2:C49,1,$D$2:D49,D49),COUNTIFS($C$2:$C$799,1,$D$2:$D$799,D49)+COUNTIFS($C$2:C49,2,$D$2:D49,D49)) -> 28 | F49: =D49&" #"&TEXT(E49,"000") -> 구약 #028 | G49: B006 | H49: S1-L04 | I49: 창세기 | J49: 창 28:10-22 | K49: 장면 | L49: 돌베개와 하늘 사다리 | M49: 도망자가 꿈에서 본 하늘 계단 | N49: 창 28:15 | O49: 하나님은 도망자에게도 찾아오십니다 | P49: 야곱·천사들·하나님(음성) | Q49: 벧엘의 들판, 하늘 사다리 | R49: 사다리 위 하나님은 빛으로 | S49: 앞에서 건너뛴 1편(시즌2): 창 27:30-28:9 형이 나를 죽이려 한다 → 연결 내레이션 1~2문장 필요 | T49: ="["&안내!$C$5&" "&F49&"] "&L49&" | "&J49 -> [1분 성경 구약 #028] 돌베개와 하늘 사다리 | 창 28:10-22 | U49: =IF(D49="구약",IF(C49=1,안내!$C$9,안내!$C$10)+AD49-1,IF(C49=1,안내!$C$9,안내!$C$10)+7*INT((AD49-1)/4)+CHOOSE(MOD(AD49-1,4)+1,0,2,4,5)) -> 46418 | V49: =CHOOSE(WEEKDAY(U49,2),"월","화","수","목","금","토","일") -> 일 | W49: =IFERROR(IF(INDEX($C$2:$C$799,MATCH(D49&"#"&(E49+1),$AC$2:$AC$799,0))=C49,"다음 편: ","시즌1 완결 · 시즌2 첫 편: ")&INDEX($L$2:$L$799,MATCH(D49&"#"&(E49+1),$AC$2:$AC$799,0)),"구약 트랙 완결") -> 다음 편: 속이던 자가 속다 | X49: 미착수 | Y49: 미착수 | Z49: 미착수 | AA49: 미착수 | AC49: =D49&"#"&E49 -> 구약#28 | AD49: =COUNTIFS($C$2:C49,C49,$D$2:D49,D49) -> 28
A50: 49 | B50: A0049 | C50: 1 | D50: 구약 | E50: =IF(C50=1,COUNTIFS($C$2:C50,1,$D$2:D50,D50),COUNTIFS($C$2:$C$799,1,$D$2:$D$799,D50)+COUNTIFS($C$2:C50,2,$D$2:D50,D50)) -> 29 | F50: =D50&" #"&TEXT(E50,"000") -> 구약 #029 | G50: B006 | H50: S1-L04 | I50: 창세기 | J50: 창 29:1-30 | K50: 장면 | L50: 속이던 자가 속다 | M50: 7년을 일했는데 신부가 바뀌었다? | N50: 창 29:25 | O50: 우리가 뿌린 대로 거두게 하시며 하나님은 우리를 다듬으십니다 | P50: 야곱·라헬·레아·라반 | Q50: 하란 우물가, 혼인 잔치 | S50: 앞 편과 바로 이어짐 | T50: ="["&안내!$C$5&" "&F50&"] "&L50&" | "&J50 -> [1분 성경 구약 #029] 속이던 자가 속다 | 창 29:1-30 | U50: =IF(D50="구약",IF(C50=1,안내!$C$9,안내!$C$10)+AD50-1,IF(C50=1,안내!$C$9,안내!$C$10)+7*INT((AD50-1)/4)+CHOOSE(MOD(AD50-1,4)+1,0,2,4,5)) -> 46419 | V50: =CHOOSE(WEEKDAY(U50,2),"월","화","수","목","금","토","일") -> 월 | W50: =IFERROR(IF(INDEX($C$2:$C$799,MATCH(D50&"#"&(E50+1),$AC$2:$AC$799,0))=C50,"다음 편: ","시즌1 완결 · 시즌2 첫 편: ")&INDEX($L$2:$L$799,MATCH(D50&"#"&(E50+1),$AC$2:$AC$799,0)),"구약 트랙 완결") -> 다음 편: 얍복강의 씨름 | X50: 미착수 | Y50: 미착수 | Z50: 미착수 | AA50: 미착수 | AC50: =D50&"#"&E50 -> 구약#29 | AD50: =COUNTIFS($C$2:C50,C50,$D$2:D50,D50) -> 29
A51: 50 | B51: A0050 | C51: 2 | D51: 구약 | E51: =IF(C51=1,COUNTIFS($C$2:C51,1,$D$2:D51,D51),COUNTIFS($C$2:$C$799,1,$D$2:$D$799,D51)+COUNTIFS($C$2:C51,2,$D$2:D51,D51)) -> 203 | F51: =D51&" #"&TEXT(E51,"000") -> 구약 #203 | G51: B006 | H51: S2-L03 | I51: 창세기 | J51: 창 29:31-30:24 | K51: 장면 | L51: 사랑받지 못한 레아 | M51: 하나님은 가장 외로운 사람을 보셨다 | N51: 창 29:35 | O51: 하나님은 소외된 사람을 돌아보십니다 | P51: 레아·라헬·열한 아들 | Q51: 하란 장막들 | R51: 유다(메시아 계보) 탄생 강조 | S51: 시즌1 구약 #029 '속이던 자가 속다' 다음 이야기 | T51: ="["&안내!$C$5&" "&F51&"] "&L51&" | "&J51 -> [1분 성경 구약 #203] 사랑받지 못한 레아 | 창 29:31-30:24 | U51: =IF(D51="구약",IF(C51=1,안내!$C$9,안내!$C$10)+AD51-1,IF(C51=1,안내!$C$9,안내!$C$10)+7*INT((AD51-1)/4)+CHOOSE(MOD(AD51-1,4)+1,0,2,4,5)) -> 46600 | V51: =CHOOSE(WEEKDAY(U51,2),"월","화","수","목","금","토","일") -> 일 | W51: =IFERROR(IF(INDEX($C$2:$C$799,MATCH(D51&"#"&(E51+1),$AC$2:$AC$799,0))=C51,"다음 편: ","시즌1 완결 · 시즌2 첫 편: ")&INDEX($L$2:$L$799,MATCH(D51&"#"&(E51+1),$AC$2:$AC$799,0)),"구약 트랙 완결") -> 다음 편: 얼룩 양 떼 | X51: 미착수 | Y51: 미착수 | Z51: 미착수 | AA51: 미착수 | AC51: =D51&"#"&E51 -> 구약#203 | AD51: =COUNTIFS($C$2:C51,C51,$D$2:D51,D51) -> 21
A52: 51 | B52: A0051 | C52: 2 | D52: 구약 | E52: =IF(C52=1,COUNTIFS($C$2:C52,1,$D$2:D52,D52),COUNTIFS($C$2:$C$799,1,$D$2:$D$799,D52)+COUNTIFS($C$2:C52,2,$D$2:D52,D52)) -> 204 | F52: =D52&" #"&TEXT(E52,"000") -> 구약 #204 | G52: B006 | H52: S2-L03 | I52: 창세기 | J52: 창 30:25-43 | K52: 장면 | L52: 얼룩 양 떼 | M52: 아무도 원하지 않던 양으로 부자가 되다? | N52: 창 30:27 | O52: 복의 근원은 꾀가 아니라 하나님입니다 | P52: 야곱·라반 | Q52: 양 떼 목장 | R52: 얼룩 양 기법을 비법처럼 보이지 않게(31:9-12 하나님이 하심) | S52: 시즌1 구약 #029 '속이던 자가 속다' 다음 이야기 | T52: ="["&안내!$C$5&" "&F52&"] "&L52&" | "&J52 -> [1분 성경 구약 #204] 얼룩 양 떼 | 창 30:25-43 | U52: =IF(D52="구약",IF(C52=1,안내!$C$9,안내!$C$10)+AD52-1,IF(C52=1,안내!$C$9,안내!$C$10)+7*INT((AD52-1)/4)+CHOOSE(MOD(AD52-1,4)+1,0,2,4,5)) -> 46601 | V52: =CHOOSE(WEEKDAY(U52,2),"월","화","수","목","금","토","일") -> 월 | W52: =IFERROR(IF(INDEX($C$2:$C$799,MATCH(D52&"#"&(E52+1),$AC$2:$AC$799,0))=C52,"다음 편: ","시즌1 완결 · 시즌2 첫 편: ")&INDEX($L$2:$L$799,MATCH(D52&"#"&(E52+1),$AC$2:$AC$799,0)),"구약 트랙 완결") -> 다음 편: 20년 만의 귀향 | X52: 미착수 | Y52: 미착수 | Z52: 미착수 | AA52: 미착수 | AC52: =D52&"#"&E52 -> 구약#204 | AD52: =COUNTIFS($C$2:C52,C52,$D$2:D52,D52) -> 22
A53: 52 | B53: A0052 | C53: 2 | D53: 구약 | E53: =IF(C53=1,COUNTIFS($C$2:C53,1,$D$2:D53,D53),COUNTIFS($C$2:$C$799,1,$D$2:$D$799,D53)+COUNTIFS($C$2:C53,2,$D$2:D53,D53)) -> 205 | F53: =D53&" #"&TEXT(E53,"000") -> 구약 #205 | G53: B006 | H53: S2-L03 | I53: 창세기 | J53: 창 31:1-21 | K53: 장면 | L53: 20년 만의 귀향 | M53: 하나님이 돌아가라고 하셨다 | N53: 창 31:3 | O53: 하나님은 약속하신 땅으로 이끄십니다 | P53: 야곱·라헬·레아 | Q53: 하란에서 길르앗 | R53: 라헬의 드라빔은 우상으로 설명 | S53: 시즌1 구약 #029 '속이던 자가 속다' 다음 이야기 | T53: ="["&안내!$C$5&" "&F53&"] "&L53&" | "&J53 -> [1분 성경 구약 #205] 20년 만의 귀향 | 창 31:1-21 | U53: =IF(D53="구약",IF(C53=1,안내!$C$9,안내!$C$10)+AD53-1,IF(C53=1,안내!$C$9,안내!$C$10)+7*INT((AD53-1)/4)+CHOOSE(MOD(AD53-1,4)+1,0,2,4,5)) -> 46602 | V53: =CHOOSE(WEEKDAY(U53,2),"월","화","수","목","금","토","일") -> 화 | W53: =IFERROR(IF(INDEX($C$2:$C$799,MATCH(D53&"#"&(E53+1),$AC$2:$AC$799,0))=C53,"다음 편: ","시즌1 완결 · 시즌2 첫 편: ")&INDEX($L$2:$L$799,MATCH(D53&"#"&(E53+1),$AC$2:$AC$799,0)),"구약 트랙 완결") -> 다음 편: 미스바 | X53: 미착수 | Y53: 미착수 | Z53: 미착수 | AA53: 미착수 | AC53: =D53&"#"&E53 -> 구약#205 | AD53: =COUNTIFS($C$2:C53,C53,$D$2:D53,D53) -> 23
A54: 53 | B54: A0053 | C54: 2 | D54: 구약 | E54: =IF(C54=1,COUNTIFS($C$2:C54,1,$D$2:D54,D54),COUNTIFS($C$2:$C$799,1,$D$2:$D$799,D54)+COUNTIFS($C$2:C54,2,$D$2:D54,D54)) -> 206 | F54: =D54&" #"&TEXT(E54,"000") -> 구약 #206 | G54: B006 | H54: S2-L03 | I54: 창세기 | J54: 창 31:22-55 | K54: 장면 | L54: 미스바 | M54: 장인과 사위가 돌무더기를 쌓은 이유 | N54: 창 31:49 | O54: 하나님이 우리 사이를 지켜보십니다 | P54: 야곱·라반 | Q54: 길르앗 산, 돌무더기 | S54: 시즌1 구약 #029 '속이던 자가 속다' 다음 이야기 | T54: ="["&안내!$C$5&" "&F54&"] "&L54&" | "&J54 -> [1분 성경 구약 #206] 미스바 | 창 31:22-55 | U54: =IF(D54="구약",IF(C54=1,안내!$C$9,안내!$C$10)+AD54-1,IF(C54=1,안내!$C$9,안내!$C$10)+7*INT((AD54-1)/4)+CHOOSE(MOD(AD54-1,4)+1,0,2,4,5)) -> 46603 | V54: =CHOOSE(WEEKDAY(U54,2),"월","화","수","목","금","토","일") -> 수 | W54: =IFERROR(IF(INDEX($C$2:$C$799,MATCH(D54&"#"&(E54+1),$AC$2:$AC$799,0))=C54,"다음 편: ","시즌1 완결 · 시즌2 첫 편: ")&INDEX($L$2:$L$799,MATCH(D54&"#"&(E54+1),$AC$2:$AC$799,0)),"구약 트랙 완결") -> 다음 편: 형이 400명을 데리고 온다 | X54: 미착수 | Y54: 미착수 | Z54: 미착수 | AA54: 미착수 | AC54: =D54&"#"&E54 -> 구약#206 | AD54: =COUNTIFS($C$2:C54,C54,$D$2:D54,D54) -> 24
A55: 54 | B55: A0054 | C55: 2 | D55: 구약 | E55: =IF(C55=1,COUNTIFS($C$2:C55,1,$D$2:D55,D55),COUNTIFS($C$2:$C$799,1,$D$2:$D$799,D55)+COUNTIFS($C$2:C55,2,$D$2:D55,D55)) -> 207 | F55: =D55&" #"&TEXT(E55,"000") -> 구약 #207 | G55: B007 | H55: S2-L03 | I55: 창세기 | J55: 창 32:1-21 | K55: 장면 | L55: 형이 400명을 데리고 온다 | M55: 20년 전 원수가 군대를 끌고 온다면? | N55: 창 32:11 | O55: 두려울 때 우리는 기도합니다 | P55: 야곱·하나님의 사자들 | Q55: 마하나임, 얍복 근처 | S55: 시즌1 구약 #029 '속이던 자가 속다' 다음 이야기 | T55: ="["&안내!$C$5&" "&F55&"] "&L55&" | "&J55 -> [1분 성경 구약 #207] 형이 400명을 데리고 온다 | 창 32:1-21 | U55: =IF(D55="구약",IF(C55=1,안내!$C$9,안내!$C$10)+AD55-1,IF(C55=1,안내!$C$9,안내!$C$10)+7*INT((AD55-1)/4)+CHOOSE(MOD(AD55-1,4)+1,0,2,4,5)) -> 46604 | V55: =CHOOSE(WEEKDAY(U55,2),"월","화","수","목","금","토","일") -> 목 | W55: =IFERROR(IF(INDEX($C$2:$C$799,MATCH(D55&"#"&(E55+1),$AC$2:$AC$799,0))=C55,"다음 편: ","시즌1 완결 · 시즌2 첫 편: ")&INDEX($L$2:$L$799,MATCH(D55&"#"&(E55+1),$AC$2:$AC$799,0)),"구약 트랙 완결") -> 다음 편: 세겜의 비극 | X55: 미착수 | Y55: 미착수 | Z55: 미착수 | AA55: 미착수 | AC55: =D55&"#"&E55 -> 구약#207 | AD55: =COUNTIFS($C$2:C55,C55,$D$2:D55,D55) -> 25
A56: 55 | B56: A0055 | C56: 1 | D56: 구약 | E56: =IF(C56=1,COUNTIFS($C$2:C56,1,$D$2:D56,D56),COUNTIFS($C$2:$C$799,1,$D$2:$D$799,D56)+COUNTIFS($C$2:C56,2,$D$2:D56,D56)) -> 30 | F56: =D56&" #"&TEXT(E56,"000") -> 구약 #030 | G56: B007 | H56: S1-L04 | I56: 창세기 | J56: 창 32:22-32 | K56: 장면 | L56: 얍복강의 씨름 | M56: 밤새 하나님과 씨름한 사람 | N56: 창 32:28 | O56: 하나님은 우리를 꺾으시고 새 이름을 주십니다 | P56: 야곱·어떤 사람 | Q56: 얍복 나루, 새벽 | R56: 씨름 상대는 얼굴 묘사 없이 실루엣으로 | S56: 앞에서 건너뛴 5편(시즌2): 창 29:31-30:24 사랑받지 못한 레아, 창 30:25-43 얼룩 양 떼, 창 31:1-21 20년 만의 귀향 외 2편 → 연결 내레이션 1~2문장 필요 | T56: ="["&안내!$C$5&" "&F56&"] "&L56&" | "&J56 -> [1분 성경 구약 #030] 얍복강의 씨름 | 창 32:22-32 | U56: =IF(D56="구약",IF(C56=1,안내!$C$9,안내!$C$10)+AD56-1,IF(C56=1,안내!$C$9,안내!$C$10)+7*INT((AD56-1)/4)+CHOOSE(MOD(AD56-1,4)+1,0,2,4,5)) -> 46420 | V56: =CHOOSE(WEEKDAY(U56,2),"월","화","수","목","금","토","일") -> 화 | W56: =IFERROR(IF(INDEX($C$2:$C$799,MATCH(D56&"#"&(E56+1),$AC$2:$AC$799,0))=C56,"다음 편: ","시즌1 완결 · 시즌2 첫 편: ")&INDEX($L$2:$L$799,MATCH(D56&"#"&(E56+1),$AC$2:$AC$799,0)),"구약 트랙 완결") -> 다음 편: 형이 달려와 끌어안다 | X56: 미착수 | Y56: 미착수 | Z56: 미착수 | AA56: 미착수 | AC56: =D56&"#"&E56 -> 구약#30 | AD56: =COUNTIFS($C$2:C56,C56,$D$2:D56,D56) -> 30
A57: 56 | B57: A0056 | C57: 1 | D57: 구약 | E57: =IF(C57=1,COUNTIFS($C$2:C57,1,$D$2:D57,D57),COUNTIFS($C$2:$C$799,1,$D$2:$D$799,D57)+COUNTIFS($C$2:C57,2,$D$2:D57,D57)) -> 31 | F57: =D57&" #"&TEXT(E57,"000") -> 구약 #031 | G57: B007 | H57: S1-L04 | I57: 창세기 | J57: 창 33:1-20 | K57: 장면 | L57: 형이 달려와 끌어안다 | M57: 원수가 된 형과의 20년 만의 재회 | N57: 창 33:4 | O57: 하나님은 원수 된 마음도 녹이십니다 | P57: 야곱·에서 | Q57: 세일 길, 숙곳 | S57: 앞 편과 바로 이어짐 | T57: ="["&안내!$C$5&" "&F57&"] "&L57&" | "&J57 -> [1분 성경 구약 #031] 형이 달려와 끌어안다 | 창 33:1-20 | U57: =IF(D57="구약",IF(C57=1,안내!$C$9,안내!$C$10)+AD57-1,IF(C57=1,안내!$C$9,안내!$C$10)+7*INT((AD57-1)/4)+CHOOSE(MOD(AD57-1,4)+1,0,2,4,5)) -> 46421 | V57: =CHOOSE(WEEKDAY(U57,2),"월","화","수","목","금","토","일") -> 수 | W57: =IFERROR(IF(INDEX($C$2:$C$799,MATCH(D57&"#"&(E57+1),$AC$2:$AC$799,0))=C57,"다음 편: ","시즌1 완결 · 시즌2 첫 편: ")&INDEX($L$2:$L$799,MATCH(D57&"#"&(E57+1),$AC$2:$AC$799,0)),"구약 트랙 완결") -> 다음 편: 꿈꾸는 소년 | X57: 미착수 | Y57: 미착수 | Z57: 미착수 | AA57: 미착수 | AC57: =D57&"#"&E57 -> 구약#31 | AD57: =COUNTIFS($C$2:C57,C57,$D$2:D57,D57) -> 31
A58: 57 | B58: A0057 | C58: 2 | D58: 구약 | E58: =IF(C58=1,COUNTIFS($C$2:C58,1,$D$2:D58,D58),COUNTIFS($C$2:$C$799,1,$D$2:$D$799,D58)+COUNTIFS($C$2:C58,2,$D$2:D58,D58)) -> 208 | F58: =D58&" #"&TEXT(E58,"000") -> 구약 #208 | G58: B007 | H58: S2-L03 | I58: 창세기 | J58: 창 34:1-31 | K58: 장면 | L58: 세겜의 비극 | M58: 복수가 더 큰 죄를 낳았다 | N58: 창 34:30 | O58: 분노로 갚는 복수는 하나님의 방법이 아닙니다 | P58: 야곱·시므온·레위·디나 | Q58: 세겜 | R58: 성폭력 장면 절대 묘사 금지, 내레이션으로만 처리 | S58: 시즌1 구약 #031 '형이 달려와 끌어안다' 다음 이야기 | T58: ="["&안내!$C$5&" "&F58&"] "&L58&" | "&J58 -> [1분 성경 구약 #208] 세겜의 비극 | 창 34:1-31 | U58: =IF(D58="구약",IF(C58=1,안내!$C$9,안내!$C$10)+AD58-1,IF(C58=1,안내!$C$9,안내!$C$10)+7*INT((AD58-1)/4)+CHOOSE(MOD(AD58-1,4)+1,0,2,4,5)) -> 46605 | V58: =CHOOSE(WEEKDAY(U58,2),"월","화","수","목","금","토","일") -> 금 | W58: =IFERROR(IF(INDEX($C$2:$C$799,MATCH(D58&"#"&(E58+1),$AC$2:$AC$799,0))=C58,"다음 편: ","시즌1 완결 · 시즌2 첫 편: ")&INDEX($L$2:$L$799,MATCH(D58&"#"&(E58+1),$AC$2:$AC$799,0)),"구약 트랙 완결") -> 다음 편: 다시 벧엘로 | X58: 미착수 | Y58: 미착수 | Z58: 미착수 | AA58: 미착수 | AC58: =D58&"#"&E58 -> 구약#208 | AD58: =COUNTIFS($C$2:C58,C58,$D$2:D58,D58) -> 26
A59: 58 | B59: A0058 | C59: 2 | D59: 구약 | E59: =IF(C59=1,COUNTIFS($C$2:C59,1,$D$2:D59,D59),COUNTIFS($C$2:$C$799,1,$D$2:$D$799,D59)+COUNTIFS($C$2:C59,2,$D$2:D59,D59)) -> 209 | F59: =D59&" #"&TEXT(E59,"000") -> 구약 #209 | G59: B007 | H59: S2-L03 | I59: 창세기 | J59: 창 35:1-15 | K59: 장면 | L59: 다시 벧엘로 | M59: 우상을 땅에 묻고 다시 제단으로 | N59: 창 35:2 | O59: 회복은 우상을 버리는 데서 시작됩니다 | P59: 야곱 가족 | Q59: 벧엘 제단 | S59: 시즌1 구약 #031 '형이 달려와 끌어안다' 다음 이야기 | T59: ="["&안내!$C$5&" "&F59&"] "&L59&" | "&J59 -> [1분 성경 구약 #209] 다시 벧엘로 | 창 35:1-15 | U59: =IF(D59="구약",IF(C59=1,안내!$C$9,안내!$C$10)+AD59-1,IF(C59=1,안내!$C$9,안내!$C$10)+7*INT((AD59-1)/4)+CHOOSE(MOD(AD59-1,4)+1,0,2,4,5)) -> 46606 | V59: =CHOOSE(WEEKDAY(U59,2),"월","화","수","목","금","토","일") -> 토 | W59: =IFERROR(IF(INDEX($C$2:$C$799,MATCH(D59&"#"&(E59+1),$AC$2:$AC$799,0))=C59,"다음 편: ","시즌1 완결 · 시즌2 첫 편: ")&INDEX($L$2:$L$799,MATCH(D59&"#"&(E59+1),$AC$2:$AC$799,0)),"구약 트랙 완결") -> 다음 편: 라헬과 이삭의 죽음 | X59: 미착수 | Y59: 미착수 | Z59: 미착수 | AA59: 미착수 | AC59: =D59&"#"&E59 -> 구약#209 | AD59: =COUNTIFS($C$2:C59,C59,$D$2:D59,D59) -> 27
A60: 59 | B60: A0059 | C60: 2 | D60: 구약 | E60: =IF(C60=1,COUNTIFS($C$2:C60,1,$D$2:D60,D60),COUNTIFS($C$2:$C$799,1,$D$2:$D$799,D60)+COUNTIFS($C$2:C60,2,$D$2:D60,D60)) -> 210 | F60: =D60&" #"&TEXT(E60,"000") -> 구약 #210 | G60: B007 | H60: S2-L03 | I60: 창세기 | J60: 창 35:16-29 | K60: 장면 | L60: 라헬과 이삭의 죽음 | M60: 슬픔 속에 태어난 막내 베냐민 | N60: 창 35:18 | O60: 슬픔 속에서도 하나님의 약속은 이어집니다 | P60: 라헬·베냐민·이삭·에서 | Q60: 베들레헴 길, 헤브론 | S60: 시즌1 구약 #031 '형이 달려와 끌어안다' 다음 이야기 | T60: ="["&안내!$C$5&" "&F60&"] "&L60&" | "&J60 -> [1분 성경 구약 #210] 라헬과 이삭의 죽음 | 창 35:16-29 | U60: =IF(D60="구약",IF(C60=1,안내!$C$9,안내!$C$10)+AD60-1,IF(C60=1,안내!$C$9,안내!$C$10)+7*INT((AD60-1)/4)+CHOOSE(MOD(AD60-1,4)+1,0,2,4,5)) -> 46607 | V60: =CHOOSE(WEEKDAY(U60,2),"월","화","수","목","금","토","일") -> 일 | W60: =IFERROR(IF(INDEX($C$2:$C$799,MATCH(D60&"#"&(E60+1),$AC$2:$AC$799,0))=C60,"다음 편: ","시즌1 완결 · 시즌2 첫 편: ")&INDEX($L$2:$L$799,MATCH(D60&"#"&(E60+1),$AC$2:$AC$799,0)),"구약 트랙 완결") -> 다음 편: 에서의 후손 | X60: 미착수 | Y60: 미착수 | Z60: 미착수 | AA60: 미착수 | AC60: =D60&"#"&E60 -> 구약#210 | AD60: =COUNTIFS($C$2:C60,C60,$D$2:D60,D60) -> 28
A61: 60 | B61: A0060 | C61: 2 | D61: 구약 | E61: =IF(C61=1,COUNTIFS($C$2:C61,1,$D$2:D61,D61),COUNTIFS($C$2:$C$799,1,$D$2:$D$799,D61)+COUNTIFS($C$2:C61,2,$D$2:D61,D61)) -> 211 | F61: =D61&" #"&TEXT(E61,"000") -> 구약 #211 | G61: B007 | H61: S2-L03 | I61: 창세기 | J61: 창 36:1-43 | K61: 장면 | L61: 에서의 후손 | M61: 형 에서는 어떻게 되었을까? | N61: 창 36:8 | O61: 하나님은 모든 민족의 역사를 다스리십니다 | P61: 에서·에돔 족장들 | Q61: 세일 산 | S61: 시즌1 구약 #031 '형이 달려와 끌어안다' 다음 이야기 | T61: ="["&안내!$C$5&" "&F61&"] "&L61&" | "&J61 -> [1분 성경 구약 #211] 에서의 후손 | 창 36:1-43 | U61: =IF(D61="구약",IF(C61=1,안내!$C$9,안내!$C$10)+AD61-1,IF(C61=1,안내!$C$9,안내!$C$10)+7*INT((AD61-1)/4)+CHOOSE(MOD(AD61-1,4)+1,0,2,4,5)) -> 46608 | V61: =CHOOSE(WEEKDAY(U61,2),"월","화","수","목","금","토","일") -> 월 | W61: =IFERROR(IF(INDEX($C$2:$C$799,MATCH(D61&"#"&(E61+1),$AC$2:$AC$799,0))=C61,"다음 편: ","시즌1 완결 · 시즌2 첫 편: ")&INDEX($L$2:$L$799,MATCH(D61&"#"&(E61+1),$AC$2:$AC$799,0)),"구약 트랙 완결") -> 다음 편: 유다와 다말 | X61: 미착수 | Y61: 미착수 | Z61: 미착수 | AA61: 미착수 | AC61: =D61&"#"&E61 -> 구약#211 | AD61: =COUNTIFS($C$2:C61,C61,$D$2:D61,D61) -> 29
A62: 61 | B62: A0061 | C62: 1 | D62: 구약 | E62: =IF(C62=1,COUNTIFS($C$2:C62,1,$D$2:D62,D62),COUNTIFS($C$2:$C$799,1,$D$2:$D$799,D62)+COUNTIFS($C$2:C62,2,$D$2:D62,D62)) -> 32 | F62: =D62&" #"&TEXT(E62,"000") -> 구약 #032 | G62: B008 | H62: S1-L04 | I62: 창세기 | J62: 창 37:1-11 | K62: 장면 | L62: 꿈꾸는 소년 | M62: 형들이 내게 절하는 꿈을 꾸었다 | N62: 창 37:5 | O62: 하나님은 꿈을 통해 계획을 보여 주셨습니다 | P62: 요셉·야곱·형들 | Q62: 헤브론 골짜기, 채색옷 | S62: 앞에서 건너뛴 4편(시즌2): 창 34:1-31 세겜의 비극, 창 35:1-15 다시 벧엘로, 창 35:16-29 라헬과 이삭의 죽음 외 1편 → 연결 내레이션 1~2문장 필요 | T62: ="["&안내!$C$5&" "&F62&"] "&L62&" | "&J62 -> [1분 성경 구약 #032] 꿈꾸는 소년 | 창 37:1-11 | U62: =IF(D62="구약",IF(C62=1,안내!$C$9,안내!$C$10)+AD62-1,IF(C62=1,안내!$C$9,안내!$C$10)+7*INT((AD62-1)/4)+CHOOSE(MOD(AD62-1,4)+1,0,2,4,5)) -> 46422 | V62: =CHOOSE(WEEKDAY(U62,2),"월","화","수","목","금","토","일") -> 목 | W62: =IFERROR(IF(INDEX($C$2:$C$799,MATCH(D62&"#"&(E62+1),$AC$2:$AC$799,0))=C62,"다음 편: ","시즌1 완결 · 시즌2 첫 편: ")&INDEX($L$2:$L$799,MATCH(D62&"#"&(E62+1),$AC$2:$AC$799,0)),"구약 트랙 완결") -> 다음 편: 은 20개에 팔리다 | X62: 미착수 | Y62: 미착수 | Z62: 미착수 | AA62: 미착수 | AC62: =D62&"#"&E62 -> 구약#32 | AD62: =COUNTIFS($C$2:C62,C62,$D$2:D62,D62) -> 32
A63: 62 | B63: A0062 | C63: 1 | D63: 구약 | E63: =IF(C63=1,COUNTIFS($C$2:C63,1,$D$2:D63,D63),COUNTIFS($C$2:$C$799,1,$D$2:$D$799,D63)+COUNTIFS($C$2:C63,2,$D$2:D63,D63)) -> 33 | F63: =D63&" #"&TEXT(E63,"000") -> 구약 #033 | G63: B008 | H63: S1-L04 | I63: 창세기 | J63: 창 37:12-36 | K63: 장면 | L63: 은 20개에 팔리다 | M63: 형들이 동생을 구덩이에 던졌다 | N63: 창 37:28 | O63: 사람의 악 가운데서도 하나님의 계획은 진행됩니다 | P63: 요셉·르우벤·유다·이스마엘 상인 | Q63: 도단 들판, 빈 구덩이 | S63: 앞 편과 바로 이어짐 | T63: ="["&안내!$C$5&" "&F63&"] "&L63&" | "&J63 -> [1분 성경 구약 #033] 은 20개에 팔리다 | 창 37:12-36 | U63: =IF(D63="구약",IF(C63=1,안내!$C$9,안내!$C$10)+AD63-1,IF(C63=1,안내!$C$9,안내!$C$10)+7*INT((AD63-1)/4)+CHOOSE(MOD(AD63-1,4)+1,0,2,4,5)) -> 46423 | V63: =CHOOSE(WEEKDAY(U63,2),"월","화","수","목","금","토","일") -> 금 | W63: =IFERROR(IF(INDEX($C$2:$C$799,MATCH(D63&"#"&(E63+1),$AC$2:$AC$799,0))=C63,"다음 편: ","시즌1 완결 · 시즌2 첫 편: ")&INDEX($L$2:$L$799,MATCH(D63&"#"&(E63+1),$AC$2:$AC$799,0)),"구약 트랙 완결") -> 다음 편: 아무도 없는 집에서 | X63: 미착수 | Y63: 미착수 | Z63: 미착수 | AA63: 미착수 | AC63: =D63&"#"&E63 -> 구약#33 | AD63: =COUNTIFS($C$2:C63,C63,$D$2:D63,D63) -> 33
A64: 63 | B64: A0063 | C64: 2 | D64: 구약 | E64: =IF(C64=1,COUNTIFS($C$2:C64,1,$D$2:D64,D64),COUNTIFS($C$2:$C$799,1,$D$2:$D$799,D64)+COUNTIFS($C$2:C64,2,$D$2:D64,D64)) -> 212 | F64: =D64&" #"&TEXT(E64,"000") -> 구약 #212 | G64: B008 | H64: S2-L04 | I64: 창세기 | J64: 창 38:1-30 | K64: 장면 | L64: 유다와 다말 | M64: 메시아의 족보에 이름을 올린 여인 | N64: 창 38:26 | O64: 하나님은 죄인의 가문을 통해서도 구원을 이루십니다 | P64: 유다·다말·베레스 | Q64: 딤나 길 | R64: 성적 장면 완전 배제, 메시아 계보(마 1:3) 중심 | S64: 시즌1 구약 #033 '은 20개에 팔리다' 다음 이야기 | T64: ="["&안내!$C$5&" "&F64&"] "&L64&" | "&J64 -> [1분 성경 구약 #212] 유다와 다말 | 창 38:1-30 | U64: =IF(D64="구약",IF(C64=1,안내!$C$9,안내!$C$10)+AD64-1,IF(C64=1,안내!$C$9,안내!$C$10)+7*INT((AD64-1)/4)+CHOOSE(MOD(AD64-1,4)+1,0,2,4,5)) -> 46609 | V64: =CHOOSE(WEEKDAY(U64,2),"월","화","수","목","금","토","일") -> 화 | W64: =IFERROR(IF(INDEX($C$2:$C$799,MATCH(D64&"#"&(E64+1),$AC$2:$AC$799,0))=C64,"다음 편: ","시즌1 완결 · 시즌2 첫 편: ")&INDEX($L$2:$L$799,MATCH(D64&"#"&(E64+1),$AC$2:$AC$799,0)),"구약 트랙 완결") -> 다음 편: 막내를 데려오라 | X64: 미착수 | Y64: 미착수 | Z64: 미착수 | AA64: 미착수 | AC64: =D64&"#"&E64 -> 구약#212 | AD64: =COUNTIFS($C$2:C64,C64,$D$2:D64,D64) -> 30
A65: 64 | B65: A0064 | C65: 1 | D65: 구약 | E65: =IF(C65=1,COUNTIFS($C$2:C65,1,$D$2:D65,D65),COUNTIFS($C$2:$C$799,1,$D$2:$D$799,D65)+COUNTIFS($C$2:C65,2,$D$2:D65,D65)) -> 34 | F65: =D65&" #"&TEXT(E65,"000") -> 구약 #034 | G65: B008 | H65: S1-L04 | I65: 창세기 | J65: 창 39:1-23 | K65: 장면 | L65: 아무도 없는 집에서 | M65: 아무도 안 보는데 왜 거절했을까? | N65: 창 39:9 | O65: 하나님 앞에서 사는 사람은 죄를 이깁니다 | P65: 요셉·보디발·보디발의 아내 | Q65: 보디발의 집, 감옥 | R65: 유혹 장면 절제(옷자락만) | S65: 앞에서 건너뛴 1편(시즌2): 창 38:1-30 유다와 다말 → 연결 내레이션 1~2문장 필요 | T65: ="["&안내!$C$5&" "&F65&"] "&L65&" | "&J65 -> [1분 성경 구약 #034] 아무도 없는 집에서 | 창 39:1-23 | U65: =IF(D65="구약",IF(C65=1,안내!$C$9,안내!$C$10)+AD65-1,IF(C65=1,안내!$C$9,안내!$C$10)+7*INT((AD65-1)/4)+CHOOSE(MOD(AD65-1,4)+1,0,2,4,5)) -> 46424 | V65: =CHOOSE(WEEKDAY(U65,2),"월","화","수","목","금","토","일") -> 토 | W65: =IFERROR(IF(INDEX($C$2:$C$799,MATCH(D65&"#"&(E65+1),$AC$2:$AC$799,0))=C65,"다음 편: ","시즌1 완결 · 시즌2 첫 편: ")&INDEX($L$2:$L$799,MATCH(D65&"#"&(E65+1),$AC$2:$AC$799,0)),"구약 트랙 완결") -> 다음 편: 감옥의 두 꿈 | X65: 미착수 | Y65: 미착수 | Z65: 미착수 | AA65: 미착수 | AC65: =D65&"#"&E65 -> 구약#34 | AD65: =COUNTIFS($C$2:C65,C65,$D$2:D65,D65) -> 34
A66: 65 | B66: A0065 | C66: 1 | D66: 구약 | E66: =IF(C66=1,COUNTIFS($C$2:C66,1,$D$2:D66,D66),COUNTIFS($C$2:$C$799,1,$D$2:$D$799,D66)+COUNTIFS($C$2:C66,2,$D$2:D66,D66)) -> 35 | F66: =D66&" #"&TEXT(E66,"000") -> 구약 #035 | G66: B008 | H66: S1-L04 | I66: 창세기 | J66: 창 40:1-23 | K66: 장면 | L66: 감옥의 두 꿈 | M66: 꿈을 풀어 주고 2년 동안 잊혀지다 | N66: 창 40:8 | O66: 해석은 하나님께 있습니다 | P66: 요셉·술 맡은 관원장·떡 굽는 관원장 | Q66: 애굽 감옥 | R66: 처형 장면 묘사 금지 | S66: 앞 편과 바로 이어짐 | T66: ="["&안내!$C$5&" "&F66&"] "&L66&" | "&J66 -> [1분 성경 구약 #035] 감옥의 두 꿈 | 창 40:1-23 | U66: =IF(D66="구약",IF(C66=1,안내!$C$9,안내!$C$10)+AD66-1,IF(C66=1,안내!$C$9,안내!$C$10)+7*INT((AD66-1)/4)+CHOOSE(MOD(AD66-1,4)+1,0,2,4,5)) -> 46425 | V66: =CHOOSE(WEEKDAY(U66,2),"월","화","수","목","금","토","일") -> 일 | W66: =IFERROR(IF(INDEX($C$2:$C$799,MATCH(D66&"#"&(E66+1),$AC$2:$AC$799,0))=C66,"다음 편: ","시즌1 완결 · 시즌2 첫 편: ")&INDEX($L$2:$L$799,MATCH(D66&"#"&(E66+1),$AC$2:$AC$799,0)),"구약 트랙 완결") -> 다음 편: 살진 소와 마른 소 | X66: 미착수 | Y66: 미착수 | Z66: 미착수 | AA66: 미착수 | AC66: =D66&"#"&E66 -> 구약#35 | AD66: =COUNTIFS($C$2:C66,C66,$D$2:D66,D66) -> 35
A67: 66 | B67: A0066 | C67: 1 | D67: 구약 | E67: =IF(C67=1,COUNTIFS($C$2:C67,1,$D$2:D67,D67),COUNTIFS($C$2:$C$799,1,$D$2:$D$799,D67)+COUNTIFS($C$2:C67,2,$D$2:D67,D67)) -> 36 | F67: =D67&" #"&TEXT(E67,"000") -> 구약 #036 | G67: B008 | H67: S1-L04 | I67: 창세기 | J67: 창 41:1-36 | K67: 장면 | L67: 살진 소와 마른 소 | M67: 왕의 꿈을 아무도 풀지 못했다 | N67: 창 41:16 | O67: 지혜는 내게 있지 않고 하나님께 있습니다 | P67: 요셉·바로 | Q67: 바로의 궁전 | S67: 앞 편과 바로 이어짐 | T67: ="["&안내!$C$5&" "&F67&"] "&L67&" | "&J67 -> [1분 성경 구약 #036] 살진 소와 마른 소 | 창 41:1-36 | U67: =IF(D67="구약",IF(C67=1,안내!$C$9,안내!$C$10)+AD67-1,IF(C67=1,안내!$C$9,안내!$C$10)+7*INT((AD67-1)/4)+CHOOSE(MOD(AD67-1,4)+1,0,2,4,5)) -> 46426 | V67: =CHOOSE(WEEKDAY(U67,2),"월","화","수","목","금","토","일") -> 월 | W67: =IFERROR(IF(INDEX($C$2:$C$799,MATCH(D67&"#"&(E67+1),$AC$2:$AC$799,0))=C67,"다음 편: ","시즌1 완결 · 시즌2 첫 편: ")&INDEX($L$2:$L$799,MATCH(D67&"#"&(E67+1),$AC$2:$AC$799,0)),"구약 트랙 완결") -> 다음 편: 하루 만에 총리로 | X67: 미착수 | Y67: 미착수 | Z67: 미착수 | AA67: 미착수 | AC67: =D67&"#"&E67 -> 구약#36 | AD67: =COUNTIFS($C$2:C67,C67,$D$2:D67,D67) -> 36
A68: 67 | B68: A0067 | C68: 1 | D68: 구약 | E68: =IF(C68=1,COUNTIFS($C$2:C68,1,$D$2:D68,D68),COUNTIFS($C$2:$C$799,1,$D$2:$D$799,D68)+COUNTIFS($C$2:C68,2,$D$2:D68,D68)) -> 37 | F68: =D68&" #"&TEXT(E68,"000") -> 구약 #037 | G68: B008 | H68: S1-L04 | I68: 창세기 | J68: 창 41:37-57 | K68: 장면 | L68: 하루 만에 총리로 | M68: 감옥에서 나와 애굽 2인자가 되다 | N68: 창 41:52 | O68: 하나님은 고난의 땅에서 열매 맺게 하십니다 | P68: 요셉·바로·아스낫·므낫세·에브라임 | Q68: 애굽 궁전, 곡식 창고 | S68: 앞 편과 바로 이어짐 | T68: ="["&안내!$C$5&" "&F68&"] "&L68&" | "&J68 -> [1분 성경 구약 #037] 하루 만에 총리로 | 창 41:37-57 | U68: =IF(D68="구약",IF(C68=1,안내!$C$9,안내!$C$10)+AD68-1,IF(C68=1,안내!$C$9,안내!$C$10)+7*INT((AD68-1)/4)+CHOOSE(MOD(AD68-1,4)+1,0,2,4,5)) -> 46427 | V68: =CHOOSE(WEEKDAY(U68,2),"월","화","수","목","금","토","일") -> 화 | W68: =IFERROR(IF(INDEX($C$2:$C$799,MATCH(D68&"#"&(E68+1),$AC$2:$AC$799,0))=C68,"다음 편: ","시즌1 완결 · 시즌2 첫 편: ")&INDEX($L$2:$L$799,MATCH(D68&"#"&(E68+1),$AC$2:$AC$799,0)),"구약 트랙 완결") -> 다음 편: 꿈이 이루어지던 날 | X68: 미착수 | Y68: 미착수 | Z68: 미착수 | AA68: 미착수 | AC68: =D68&"#"&E68 -> 구약#37 | AD68: =COUNTIFS($C$2:C68,C68,$D$2:D68,D68) -> 37
A69: 68 | B69: A0068 | C69: 1 | D69: 구약 | E69: =IF(C69=1,COUNTIFS($C$2:C69,1,$D$2:D69,D69),COUNTIFS($C$2:$C$799,1,$D$2:$D$799,D69)+COUNTIFS($C$2:C69,2,$D$2:D69,D69)) -> 38 | F69: =D69&" #"&TEXT(E69,"000") -> 구약 #038 | G69: B009 | H69: S1-L05 | I69: 창세기 | J69: 창 42:1-28 | K69: 장면 | L69: 꿈이 이루어지던 날 | M69: 형들이 총리 앞에 엎드렸다 | N69: 창 42:6 | O69: 하나님의 말씀은 반드시 이루어집니다 | P69: 요셉·열 형제 | Q69: 애굽 곡식 창고 | S69: 앞 편과 바로 이어짐 | T69: ="["&안내!$C$5&" "&F69&"] "&L69&" | "&J69 -> [1분 성경 구약 #038] 꿈이 이루어지던 날 | 창 42:1-28 | U69: =IF(D69="구약",IF(C69=1,안내!$C$9,안내!$C$10)+AD69-1,IF(C69=1,안내!$C$9,안내!$C$10)+7*INT((AD69-1)/4)+CHOOSE(MOD(AD69-1,4)+1,0,2,4,5)) -> 46428 | V69: =CHOOSE(WEEKDAY(U69,2),"월","화","수","목","금","토","일") -> 수 | W69: =IFERROR(IF(INDEX($C$2:$C$799,MATCH(D69&"#"&(E69+1),$AC$2:$AC$799,0))=C69,"다음 편: ","시즌1 완결 · 시즌2 첫 편: ")&INDEX($L$2:$L$799,MATCH(D69&"#"&(E69+1),$AC$2:$AC$799,0)),"구약 트랙 완결") -> 다음 편: 은잔 사건 | X69: 미착수 | Y69: 미착수 | Z69: 미착수 | AA69: 미착수 | AC69: =D69&"#"&E69 -> 구약#38 | AD69: =COUNTIFS($C$2:C69,C69,$D$2:D69,D69) -> 38
A70: 69 | B70: A0069 | C70: 2 | D70: 구약 | E70: =IF(C70=1,COUNTIFS($C$2:C70,1,$D$2:D70,D70),COUNTIFS($C$2:$C$799,1,$D$2:$D$799,D70)+COUNTIFS($C$2:C70,2,$D$2:D70,D70)) -> 213 | F70: =D70&" #"&TEXT(E70,"000") -> 구약 #213 | G70: B009 | H70: S2-L04 | I70: 창세기 | J70: 창 42:29-43:34 | K70: 장면 | L70: 막내를 데려오라 | M70: 총리가 갑자기 방에 들어가 울었다 | N70: 창 43:30 | O70: 요셉은 형들을 미워하지 않았습니다 | P70: 요셉·베냐민·야곱·유다 | Q70: 가나안 장막, 요셉의 집 | S70: 시즌1 구약 #038 '꿈이 이루어지던 날' 다음 이야기 | T70: ="["&안내!$C$5&" "&F70&"] "&L70&" | "&J70 -> [1분 성경 구약 #213] 막내를 데려오라 | 창 42:29-43:34 | U70: =IF(D70="구약",IF(C70=1,안내!$C$9,안내!$C$10)+AD70-1,IF(C70=1,안내!$C$9,안내!$C$10)+7*INT((AD70-1)/4)+CHOOSE(MOD(AD70-1,4)+1,0,2,4,5)) -> 46610 | V70: =CHOOSE(WEEKDAY(U70,2),"월","화","수","목","금","토","일") -> 수 | W70: =IFERROR(IF(INDEX($C$2:$C$799,MATCH(D70&"#"&(E70+1),$AC$2:$AC$799,0))=C70,"다음 편: ","시즌1 완결 · 시즌2 첫 편: ")&INDEX($L$2:$L$799,MATCH(D70&"#"&(E70+1),$AC$2:$AC$799,0)),"구약 트랙 완결") -> 다음 편: 요셉이 살아 있다 | X70: 미착수 | Y70: 미착수 | Z70: 미착수 | AA70: 미착수 | AC70: =D70&"#"&E70 -> 구약#213 | AD70: =COUNTIFS($C$2:C70,C70,$D$2:D70,D70) -> 31
A71: 70 | B71: A0070 | C71: 1 | D71: 구약 | E71: =IF(C71=1,COUNTIFS($C$2:C71,1,$D$2:D71,D71),COUNTIFS($C$2:$C$799,1,$D$2:$D$799,D71)+COUNTIFS($C$2:C71,2,$D$2:D71,D71)) -> 39 | F71: =D71&" #"&TEXT(E71,"000") -> 구약 #039 | G71: B009 | H71: S1-L05 | I71: 창세기 | J71: 창 44:1-34 | K71: 장면 | L71: 은잔 사건 | M71: 제가 대신 종이 되겠습니다 | N71: 창 44:33 | O71: 대신 짐을 지는 사랑이 변화의 증거입니다 | P71: 요셉·유다·베냐민 | Q71: 요셉의 집 | R71: 대속의 예표로 연결 | S71: 앞에서 건너뛴 1편(시즌2): 창 42:29-43:34 막내를 데려오라 → 연결 내레이션 1~2문장 필요 | T71: ="["&안내!$C$5&" "&F71&"] "&L71&" | "&J71 -> [1분 성경 구약 #039] 은잔 사건 | 창 44:1-34 | U71: =IF(D71="구약",IF(C71=1,안내!$C$9,안내!$C$10)+AD71-1,IF(C71=1,안내!$C$9,안내!$C$10)+7*INT((AD71-1)/4)+CHOOSE(MOD(AD71-1,4)+1,0,2,4,5)) -> 46429 | V71: =CHOOSE(WEEKDAY(U71,2),"월","화","수","목","금","토","일") -> 목 | W71: =IFERROR(IF(INDEX($C$2:$C$799,MATCH(D71&"#"&(E71+1),$AC$2:$AC$799,0))=C71,"다음 편: ","시즌1 완결 · 시즌2 첫 편: ")&INDEX($L$2:$L$799,MATCH(D71&"#"&(E71+1),$AC$2:$AC$799,0)),"구약 트랙 완결") -> 다음 편: 내가 요셉이라 | X71: 미착수 | Y71: 미착수 | Z71: 미착수 | AA71: 미착수 | AC71: =D71&"#"&E71 -> 구약#39 | AD71: =COUNTIFS($C$2:C71,C71,$D$2:D71,D71) -> 39
A72: 71 | B72: A0071 | C72: 1 | D72: 구약 | E72: =IF(C72=1,COUNTIFS($C$2:C72,1,$D$2:D72,D72),COUNTIFS($C$2:$C$799,1,$D$2:$D$799,D72)+COUNTIFS($C$2:C72,2,$D$2:D72,D72)) -> 40 | F72: =D72&" #"&TEXT(E72,"000") -> 구약 #040 | G72: B009 | H72: S1-L05 | I72: 창세기 | J72: 창 45:1-15 | K72: 장면 | L72: 내가 요셉이라 | M72: 형들이 너무 놀라 대답도 못 했다 | N72: 창 45:5 | O72: 하나님이 생명을 구원하시려고 나를 먼저 보내셨습니다 | P72: 요셉·형제들 | Q72: 요셉의 집 | S72: 앞 편과 바로 이어짐 | T72: ="["&안내!$C$5&" "&F72&"] "&L72&" | "&J72 -> [1분 성경 구약 #040] 내가 요셉이라 | 창 45:1-15 | U72: =IF(D72="구약",IF(C72=1,안내!$C$9,안내!$C$10)+AD72-1,IF(C72=1,안내!$C$9,안내!$C$10)+7*INT((AD72-1)/4)+CHOOSE(MOD(AD72-1,4)+1,0,2,4,5)) -> 46430 | V72: =CHOOSE(WEEKDAY(U72,2),"월","화","수","목","금","토","일") -> 금 | W72: =IFERROR(IF(INDEX($C$2:$C$799,MATCH(D72&"#"&(E72+1),$AC$2:$AC$799,0))=C72,"다음 편: ","시즌1 완결 · 시즌2 첫 편: ")&INDEX($L$2:$L$799,MATCH(D72&"#"&(E72+1),$AC$2:$AC$799,0)),"구약 트랙 완결") -> 다음 편: 열두 아들을 위한 예언 | X72: 미착수 | Y72: 미착수 | Z72: 미착수 | AA72: 미착수 | AC72: =D72&"#"&E72 -> 구약#40 | AD72: =COUNTIFS($C$2:C72,C72,$D$2:D72,D72) -> 40
A73: 72 | B73: A0072 | C73: 2 | D73: 구약 | E73: =IF(C73=1,COUNTIFS($C$2:C73,1,$D$2:D73,D73),COUNTIFS($C$2:$C$799,1,$D$2:$D$799,D73)+COUNTIFS($C$2:C73,2,$D$2:D73,D73)) -> 214 | F73: =D73&" #"&TEXT(E73,"000") -> 구약 #214 | G73: B009 | H73: S2-L04 | I73: 창세기 | J73: 창 45:16-46:7 | K73: 장면 | L73: 요셉이 살아 있다 | M73: 죽은 줄 알았던 아들이 살아 있다면? | N73: 창 46:3 | O73: 두려워하지 말라, 하나님이 함께 가신다 | P73: 야곱·요셉의 형제들 | Q73: 가나안에서 애굽으로 가는 길, 브엘세바 | S73: 시즌1 구약 #040 '내가 요셉이라' 다음 이야기 | T73: ="["&안내!$C$5&" "&F73&"] "&L73&" | "&J73 -> [1분 성경 구약 #214] 요셉이 살아 있다 | 창 45:16-46:7 | U73: =IF(D73="구약",IF(C73=1,안내!$C$9,안내!$C$10)+AD73-1,IF(C73=1,안내!$C$9,안내!$C$10)+7*INT((AD73-1)/4)+CHOOSE(MOD(AD73-1,4)+1,0,2,4,5)) -> 46611 | V73: =CHOOSE(WEEKDAY(U73,2),"월","화","수","목","금","토","일") -> 목 | W73: =IFERROR(IF(INDEX($C$2:$C$799,MATCH(D73&"#"&(E73+1),$AC$2:$AC$799,0))=C73,"다음 편: ","시즌1 완결 · 시즌2 첫 편: ")&INDEX($L$2:$L$799,MATCH(D73&"#"&(E73+1),$AC$2:$AC$799,0)),"구약 트랙 완결") -> 다음 편: 바로를 축복한 노인 | X73: 미착수 | Y73: 미착수 | Z73: 미착수 | AA73: 미착수 | AC73: =D73&"#"&E73 -> 구약#214 | AD73: =COUNTIFS($C$2:C73,C73,$D$2:D73,D73) -> 32
A74: 73 | B74: A0073 | C74: 2 | D74: 구약 | E74: =IF(C74=1,COUNTIFS($C$2:C74,1,$D$2:D74,D74),COUNTIFS($C$2:$C$799,1,$D$2:$D$799,D74)+COUNTIFS($C$2:C74,2,$D$2:D74,D74)) -> 215 | F74: =D74&" #"&TEXT(E74,"000") -> 구약 #215 | G74: B009 | H74: S2-L04 | I74: 창세기 | J74: 창 46:8-47:12 | K74: 장면 | L74: 바로를 축복한 노인 | M74: 130년 나그네 인생을 고백하다 | N74: 창 47:9 | O74: 우리는 이 땅의 나그네입니다 | P74: 야곱·요셉·바로 | Q74: 고센 땅, 바로의 궁전 | S74: 시즌1 구약 #040 '내가 요셉이라' 다음 이야기 | T74: ="["&안내!$C$5&" "&F74&"] "&L74&" | "&J74 -> [1분 성경 구약 #215] 바로를 축복한 노인 | 창 46:8-47:12 | U74: =IF(D74="구약",IF(C74=1,안내!$C$9,안내!$C$10)+AD74-1,IF(C74=1,안내!$C$9,안내!$C$10)+7*INT((AD74-1)/4)+CHOOSE(MOD(AD74-1,4)+1,0,2,4,5)) -> 46612 | V74: =CHOOSE(WEEKDAY(U74,2),"월","화","수","목","금","토","일") -> 금 | W74: =IFERROR(IF(INDEX($C$2:$C$799,MATCH(D74&"#"&(E74+1),$AC$2:$AC$799,0))=C74,"다음 편: ","시즌1 완결 · 시즌2 첫 편: ")&INDEX($L$2:$L$799,MATCH(D74&"#"&(E74+1),$AC$2:$AC$799,0)),"구약 트랙 완결") -> 다음 편: 기근 속의 총리 | X74: 미착수 | Y74: 미착수 | Z74: 미착수 | AA74: 미착수 | AC74: =D74&"#"&E74 -> 구약#215 | AD74: =COUNTIFS($C$2:C74,C74,$D$2:D74,D74) -> 33
A75: 74 | B75: A0074 | C75: 2 | D75: 구약 | E75: =IF(C75=1,COUNTIFS($C$2:C75,1,$D$2:D75,D75),COUNTIFS($C$2:$C$799,1,$D$2:$D$799,D75)+COUNTIFS($C$2:C75,2,$D$2:D75,D75)) -> 216 | F75: =D75&" #"&TEXT(E75,"000") -> 구약 #216 | G75: B009 | H75: S2-L04 | I75: 창세기 | J75: 창 47:13-31 | K75: 장면 | L75: 기근 속의 총리 | M75: 돈이 다 떨어지자 땅까지 팔았다 | N75: 창 47:25 | O75: 하나님은 지혜로 생명을 보존하십니다 | P75: 요셉·애굽 백성·야곱 | Q75: 애굽 곡식 창고 | S75: 시즌1 구약 #040 '내가 요셉이라' 다음 이야기 | T75: ="["&안내!$C$5&" "&F75&"] "&L75&" | "&J75 -> [1분 성경 구약 #216] 기근 속의 총리 | 창 47:13-31 | U75: =IF(D75="구약",IF(C75=1,안내!$C$9,안내!$C$10)+AD75-1,IF(C75=1,안내!$C$9,안내!$C$10)+7*INT((AD75-1)/4)+CHOOSE(MOD(AD75-1,4)+1,0,2,4,5)) -> 46613 | V75: =CHOOSE(WEEKDAY(U75,2),"월","화","수","목","금","토","일") -> 토 | W75: =IFERROR(IF(INDEX($C$2:$C$799,MATCH(D75&"#"&(E75+1),$AC$2:$AC$799,0))=C75,"다음 편: ","시즌1 완결 · 시즌2 첫 편: ")&INDEX($L$2:$L$799,MATCH(D75&"#"&(E75+1),$AC$2:$AC$799,0)),"구약 트랙 완결") -> 다음 편: 엇갈린 두 손 | X75: 미착수 | Y75: 미착수 | Z75: 미착수 | AA75: 미착수 | AC75: =D75&"#"&E75 -> 구약#216 | AD75: =COUNTIFS($C$2:C75,C75,$D$2:D75,D75) -> 34
A76: 75 | B76: A0075 | C76: 2 | D76: 구약 | E76: =IF(C76=1,COUNTIFS($C$2:C76,1,$D$2:D76,D76),COUNTIFS($C$2:$C$799,1,$D$2:$D$799,D76)+COUNTIFS($C$2:C76,2,$D$2:D76,D76)) -> 217 | F76: =D76&" #"&TEXT(E76,"000") -> 구약 #217 | G76: B009 | H76: S2-L04 | I76: 창세기 | J76: 창 48:1-22 | K76: 장면 | L76: 엇갈린 두 손 | M76: 할아버지가 손을 바꿔서 축복했다? | N76: 창 48:14 | O76: 하나님의 은혜는 우리의 순서를 뒤집습니다 | P76: 야곱·요셉·에브라임·므낫세 | Q76: 야곱의 침상 | S76: 시즌1 구약 #040 '내가 요셉이라' 다음 이야기 | T76: ="["&안내!$C$5&" "&F76&"] "&L76&" | "&J76 -> [1분 성경 구약 #217] 엇갈린 두 손 | 창 48:1-22 | U76: =IF(D76="구약",IF(C76=1,안내!$C$9,안내!$C$10)+AD76-1,IF(C76=1,안내!$C$9,안내!$C$10)+7*INT((AD76-1)/4)+CHOOSE(MOD(AD76-1,4)+1,0,2,4,5)) -> 46614 | V76: =CHOOSE(WEEKDAY(U76,2),"월","화","수","목","금","토","일") -> 일 | W76: =IFERROR(IF(INDEX($C$2:$C$799,MATCH(D76&"#"&(E76+1),$AC$2:$AC$799,0))=C76,"다음 편: ","시즌1 완결 · 시즌2 첫 편: ")&INDEX($L$2:$L$799,MATCH(D76&"#"&(E76+1),$AC$2:$AC$799,0)),"구약 트랙 완결") -> 다음 편: 야곱의 장례 | X76: 미착수 | Y76: 미착수 | Z76: 미착수 | AA76: 미착수 | AC76: =D76&"#"&E76 -> 구약#217 | AD76: =COUNTIFS($C$2:C76,C76,$D$2:D76,D76) -> 35
A77: 76 | B77: A0076 | C77: 1 | D77: 구약 | E77: =IF(C77=1,COUNTIFS($C$2:C77,1,$D$2:D77,D77),COUNTIFS($C$2:$C$799,1,$D$2:$D$799,D77)+COUNTIFS($C$2:C77,2,$D$2:D77,D77)) -> 41 | F77: =D77&" #"&TEXT(E77,"000") -> 구약 #041 | G77: B009 | H77: S1-L05 | I77: 창세기 | J77: 창 49:1-28 | K77: 장면 | L77: 열두 아들을 위한 예언 | M77: 유다에게서 왕이 나리라 | N77: 창 49:10 | O77: 메시아는 유다 지파에서 오십니다 | P77: 야곱·열두 아들 | Q77: 야곱의 임종 자리 | R77: 49:10 메시아 예언 강조 | S77: 앞에서 건너뛴 4편(시즌2): 창 45:16-46:7 요셉이 살아 있다, 창 46:8-47:12 바로를 축복한 노인, 창 47:13-31 기근 속의 총리 외 1편 → 연결 내레이션 1~2문장 필요 | T77: ="["&안내!$C$5&" "&F77&"] "&L77&" | "&J77 -> [1분 성경 구약 #041] 열두 아들을 위한 예언 | 창 49:1-28 | U77: =IF(D77="구약",IF(C77=1,안내!$C$9,안내!$C$10)+AD77-1,IF(C77=1,안내!$C$9,안내!$C$10)+7*INT((AD77-1)/4)+CHOOSE(MOD(AD77-1,4)+1,0,2,4,5)) -> 46431 | V77: =CHOOSE(WEEKDAY(U77,2),"월","화","수","목","금","토","일") -> 토 | W77: =IFERROR(IF(INDEX($C$2:$C$799,MATCH(D77&"#"&(E77+1),$AC$2:$AC$799,0))=C77,"다음 편: ","시즌1 완결 · 시즌2 첫 편: ")&INDEX($L$2:$L$799,MATCH(D77&"#"&(E77+1),$AC$2:$AC$799,0)),"구약 트랙 완결") -> 다음 편: 악을 선으로 | X77: 미착수 | Y77: 미착수 | Z77: 미착수 | AA77: 미착수 | AC77: =D77&"#"&E77 -> 구약#41 | AD77: =COUNTIFS($C$2:C77,C77,$D$2:D77,D77) -> 41
A78: 77 | B78: A0077 | C78: 2 | D78: 구약 | E78: =IF(C78=1,COUNTIFS($C$2:C78,1,$D$2:D78,D78),COUNTIFS($C$2:$C$799,1,$D$2:$D$799,D78)+COUNTIFS($C$2:C78,2,$D$2:D78,D78)) -> 218 | F78: =D78&" #"&TEXT(E78,"000") -> 구약 #218 | G78: B009 | H78: S2-L04 | I78: 창세기 | J78: 창 49:29-50:14 | K78: 장면 | L78: 야곱의 장례 | M78: 애굽 사람들이 70일을 울었다 | N78: 창 50:3 | O78: 약속의 땅에 묻히기를 원한 믿음 | P78: 요셉·형제들·애굽 신하들 | Q78: 막벨라 굴로 가는 행렬 | S78: 시즌1 구약 #041 '열두 아들을 위한 예언' 다음 이야기 | T78: ="["&안내!$C$5&" "&F78&"] "&L78&" | "&J78 -> [1분 성경 구약 #218] 야곱의 장례 | 창 49:29-50:14 | U78: =IF(D78="구약",IF(C78=1,안내!$C$9,안내!$C$10)+AD78-1,IF(C78=1,안내!$C$9,안내!$C$10)+7*INT((AD78-1)/4)+CHOOSE(MOD(AD78-1,4)+1,0,2,4,5)) -> 46615 | V78: =CHOOSE(WEEKDAY(U78,2),"월","화","수","목","금","토","일") -> 월 | W78: =IFERROR(IF(INDEX($C$2:$C$799,MATCH(D78&"#"&(E78+1),$AC$2:$AC$799,0))=C78,"다음 편: ","시즌1 완결 · 시즌2 첫 편: ")&INDEX($L$2:$L$799,MATCH(D78&"#"&(E78+1),$AC$2:$AC$799,0)),"구약 트랙 완결") -> 다음 편: 다시 애굽으로 | X78: 미착수 | Y78: 미착수 | Z78: 미착수 | AA78: 미착수 | AC78: =D78&"#"&E78 -> 구약#218 | AD78: =COUNTIFS($C$2:C78,C78,$D$2:D78,D78) -> 36
A79: 78 | B79: A0078 | C79: 1 | D79: 구약 | E79: =IF(C79=1,COUNTIFS($C$2:C79,1,$D$2:D79,D79),COUNTIFS($C$2:$C$799,1,$D$2:$D$799,D79)+COUNTIFS($C$2:C79,2,$D$2:D79,D79)) -> 42 | F79: =D79&" #"&TEXT(E79,"000") -> 구약 #042 | G79: B009 | H79: S1-L05 | I79: 창세기 | J79: 창 50:15-26 | K79: 장면 | L79: 악을 선으로 | M79: 형들이 다시 두려워하자 요셉이 한 말 | N79: 창 50:20 | O79: 하나님은 악을 선으로 바꾸십니다 | P79: 요셉·형제들 | Q79: 애굽 | R79: 요셉의 유골(히 11:22) 출애굽 복선 | S79: 앞에서 건너뛴 1편(시즌2): 창 49:29-50:14 야곱의 장례 → 연결 내레이션 1~2문장 필요 | T79: ="["&안내!$C$5&" "&F79&"] "&L79&" | "&J79 -> [1분 성경 구약 #042] 악을 선으로 | 창 50:15-26 | U79: =IF(D79="구약",IF(C79=1,안내!$C$9,안내!$C$10)+AD79-1,IF(C79=1,안내!$C$9,안내!$C$10)+7*INT((AD79-1)/4)+CHOOSE(MOD(AD79-1,4)+1,0,2,4,5)) -> 46432 | V79: =CHOOSE(WEEKDAY(U79,2),"월","화","수","목","금","토","일") -> 일 | W79: =IFERROR(IF(INDEX($C$2:$C$799,MATCH(D79&"#"&(E79+1),$AC$2:$AC$799,0))=C79,"다음 편: ","시즌1 완결 · 시즌2 첫 편: ")&INDEX($L$2:$L$799,MATCH(D79&"#"&(E79+1),$AC$2:$AC$799,0)),"구약 트랙 완결") -> 다음 편: 나일강에 던져라 | X79: 미착수 | Y79: 미착수 | Z79: 미착수 | AA79: 미착수 | AC79: =D79&"#"&E79 -> 구약#42 | AD79: =COUNTIFS($C$2:C79,C79,$D$2:D79,D79) -> 42
A80: 79 | B80: A0079 | C80: 1 | D80: 구약 | E80: =IF(C80=1,COUNTIFS($C$2:C80,1,$D$2:D80,D80),COUNTIFS($C$2:$C$799,1,$D$2:$D$799,D80)+COUNTIFS($C$2:C80,2,$D$2:D80,D80)) -> 43 | F80: =D80&" #"&TEXT(E80,"000") -> 구약 #043 | G80: B010 | H80: S1-L05 | I80: 출애굽기 | J80: 출 1:1-22 | K80: 장면 | L80: 나일강에 던져라 | M80: 히브리 남자아이는 모두 강물에 던지라는 명령 | N80: 출 1:17 | O80: 하나님을 경외하는 사람은 왕의 명령보다 하나님을 따릅니다 | P80: 십브라·부아·바로 | Q80: 애굽 벽돌 공장, 나일강 | R80: 영아 살해 장면 묘사 금지 | S80: 앞 편과 바로 이어짐 | T80: ="["&안내!$C$5&" "&F80&"] "&L80&" | "&J80 -> [1분 성경 구약 #043] 나일강에 던져라 | 출 1:1-22 | U80: =IF(D80="구약",IF(C80=1,안내!$C$9,안내!$C$10)+AD80-1,IF(C80=1,안내!$C$9,안내!$C$10)+7*INT((AD80-1)/4)+CHOOSE(MOD(AD80-1,4)+1,0,2,4,5)) -> 46433 | V80: =CHOOSE(WEEKDAY(U80,2),"월","화","수","목","금","토","일") -> 월 | W80: =IFERROR(IF(INDEX($C$2:$C$799,MATCH(D80&"#"&(E80+1),$AC$2:$AC$799,0))=C80,"다음 편: ","시즌1 완결 · 시즌2 첫 편: ")&INDEX($L$2:$L$799,MATCH(D80&"#"&(E80+1),$AC$2:$AC$799,0)),"구약 트랙 완결") -> 다음 편: 갈대 상자 | X80: 미착수 | Y80: 미착수 | Z80: 미착수 | AA80: 미착수 | AC80: =D80&"#"&E80 -> 구약#43 | AD80: =COUNTIFS($C$2:C80,C80,$D$2:D80,D80) -> 43
A81: 80 | B81: A0080 | C81: 1 | D81: 구약 | E81: =IF(C81=1,COUNTIFS($C$2:C81,1,$D$2:D81,D81),COUNTIFS($C$2:$C$799,1,$D$2:$D$799,D81)+COUNTIFS($C$2:C81,2,$D$2:D81,D81)) -> 44 | F81: =D81&" #"&TEXT(E81,"000") -> 구약 #044 | G81: B010 | H81: S1-L05 | I81: 출애굽기 | J81: 출 2:1-10 | K81: 장면 | L81: 갈대 상자 | M81: 강물에 띄운 아기가 왕궁으로 갔다 | N81: 출 2:10 | O81: 하나님은 가장 위험한 곳에서 구원을 준비하십니다 | P81: 요게벳·미리암·바로의 딸·아기 모세 | Q81: 나일강 갈대숲 | S81: 앞 편과 바로 이어짐 | T81: ="["&안내!$C$5&" "&F81&"] "&L81&" | "&J81 -> [1분 성경 구약 #044] 갈대 상자 | 출 2:1-10 | U81: =IF(D81="구약",IF(C81=1,안내!$C$9,안내!$C$10)+AD81-1,IF(C81=1,안내!$C$9,안내!$C$10)+7*INT((AD81-1)/4)+CHOOSE(MOD(AD81-1,4)+1,0,2,4,5)) -> 46434 | V81: =CHOOSE(WEEKDAY(U81,2),"월","화","수","목","금","토","일") -> 화 | W81: =IFERROR(IF(INDEX($C$2:$C$799,MATCH(D81&"#"&(E81+1),$AC$2:$AC$799,0))=C81,"다음 편: ","시즌1 완결 · 시즌2 첫 편: ")&INDEX($L$2:$L$799,MATCH(D81&"#"&(E81+1),$AC$2:$AC$799,0)),"구약 트랙 완결") -> 다음 편: 왕자에서 도망자로 | X81: 미착수 | Y81: 미착수 | Z81: 미착수 | AA81: 미착수 | AC81: =D81&"#"&E81 -> 구약#44 | AD81: =COUNTIFS($C$2:C81,C81,$D$2:D81,D81) -> 44
A82: 81 | B82: A0081 | C82: 1 | D82: 구약 | E82: =IF(C82=1,COUNTIFS($C$2:C82,1,$D$2:D82,D82),COUNTIFS($C$2:$C$799,1,$D$2:$D$799,D82)+COUNTIFS($C$2:C82,2,$D$2:D82,D82)) -> 45 | F82: =D82&" #"&TEXT(E82,"000") -> 구약 #045 | G82: B010 | H82: S1-L05 | I82: 출애굽기 | J82: 출 2:11-25 | K82: 장면 | L82: 왕자에서 도망자로 | M82: 40년 왕궁 생활이 하루 만에 끝났다 | N82: 출 2:24 | O82: 하나님은 고통받는 백성의 신음을 들으십니다 | P82: 모세·애굽 사람·이드로·십보라 | Q82: 애굽 공사장, 미디안 우물 | R82: 살인 장면 직접 묘사 금지 | S82: 앞 편과 바로 이어짐 | T82: ="["&안내!$C$5&" "&F82&"] "&L82&" | "&J82 -> [1분 성경 구약 #045] 왕자에서 도망자로 | 출 2:11-25 | U82: =IF(D82="구약",IF(C82=1,안내!$C$9,안내!$C$10)+AD82-1,IF(C82=1,안내!$C$9,안내!$C$10)+7*INT((AD82-1)/4)+CHOOSE(MOD(AD82-1,4)+1,0,2,4,5)) -> 46435 | V82: =CHOOSE(WEEKDAY(U82,2),"월","화","수","목","금","토","일") -> 수 | W82: =IFERROR(IF(INDEX($C$2:$C$799,MATCH(D82&"#"&(E82+1),$AC$2:$AC$799,0))=C82,"다음 편: ","시즌1 완결 · 시즌2 첫 편: ")&INDEX($L$2:$L$799,MATCH(D82&"#"&(E82+1),$AC$2:$AC$799,0)),"구약 트랙 완결") -> 다음 편: 불붙은 떨기나무 | X82: 미착수 | Y82: 미착수 | Z82: 미착수 | AA82: 미착수 | AC82: =D82&"#"&E82 -> 구약#45 | AD82: =COUNTIFS($C$2:C82,C82,$D$2:D82,D82) -> 45
A83: 82 | B83: A0082 | C83: 1 | D83: 구약 | E83: =IF(C83=1,COUNTIFS($C$2:C83,1,$D$2:D83,D83),COUNTIFS($C$2:$C$799,1,$D$2:$D$799,D83)+COUNTIFS($C$2:C83,2,$D$2:D83,D83)) -> 46 | F83: =D83&" #"&TEXT(E83,"000") -> 구약 #046 | G83: B010 | H83: S1-L05 | I83: 출애굽기 | J83: 출 3:1-12 | K83: 장면 | L83: 불붙은 떨기나무 | M83: 불이 붙었는데 타지 않는 나무 | N83: 출 3:5 | O83: 하나님은 거룩하신 분입니다 | P83: 모세·하나님(불꽃·음성) | Q83: 호렙 산 떨기나무 | R83: 하나님은 불꽃과 음성으로만 | S83: 앞 편과 바로 이어짐 | T83: ="["&안내!$C$5&" "&F83&"] "&L83&" | "&J83 -> [1분 성경 구약 #046] 불붙은 떨기나무 | 출 3:1-12 | U83: =IF(D83="구약",IF(C83=1,안내!$C$9,안내!$C$10)+AD83-1,IF(C83=1,안내!$C$9,안내!$C$10)+7*INT((AD83-1)/4)+CHOOSE(MOD(AD83-1,4)+1,0,2,4,5)) -> 46436 | V83: =CHOOSE(WEEKDAY(U83,2),"월","화","수","목","금","토","일") -> 목 | W83: =IFERROR(IF(INDEX($C$2:$C$799,MATCH(D83&"#"&(E83+1),$AC$2:$AC$799,0))=C83,"다음 편: ","시즌1 완결 · 시즌2 첫 편: ")&INDEX($L$2:$L$799,MATCH(D83&"#"&(E83+1),$AC$2:$AC$799,0)),"구약 트랙 완결") -> 다음 편: 나는 스스로 있는 자 | X83: 미착수 | Y83: 미착수 | Z83: 미착수 | AA83: 미착수 | AC83: =D83&"#"&E83 -> 구약#46 | AD83: =COUNTIFS($C$2:C83,C83,$D$2:D83,D83) -> 46
A84: 83 | B84: A0083 | C84: 1 | D84: 구약 | E84: =IF(C84=1,COUNTIFS($C$2:C84,1,$D$2:D84,D84),COUNTIFS($C$2:$C$799,1,$D$2:$D$799,D84)+COUNTIFS($C$2:C84,2,$D$2:D84,D84)) -> 47 | F84: =D84&" #"&TEXT(E84,"000") -> 구약 #047 | G84: B010 | H84: S1-L05 | I84: 출애굽기 | J84: 출 3:13-4:17 | K84: 장면 | L84: 나는 스스로 있는 자 | M84: 제가 누구라고 말해야 합니까? | N84: 출 3:14 | O84: 하나님은 스스로 계신 영원하신 분입니다 | P84: 모세·하나님(음성)·아론 | Q84: 호렙 산 | S84: 앞 편과 바로 이어짐 | T84: ="["&안내!$C$5&" "&F84&"] "&L84&" | "&J84 -> [1분 성경 구약 #047] 나는 스스로 있는 자 | 출 3:13-4:17 | U84: =IF(D84="구약",IF(C84=1,안내!$C$9,안내!$C$10)+AD84-1,IF(C84=1,안내!$C$9,안내!$C$10)+7*INT((AD84-1)/4)+CHOOSE(MOD(AD84-1,4)+1,0,2,4,5)) -> 46437 | V84: =CHOOSE(WEEKDAY(U84,2),"월","화","수","목","금","토","일") -> 금 | W84: =IFERROR(IF(INDEX($C$2:$C$799,MATCH(D84&"#"&(E84+1),$AC$2:$AC$799,0))=C84,"다음 편: ","시즌1 완결 · 시즌2 첫 편: ")&INDEX($L$2:$L$799,MATCH(D84&"#"&(E84+1),$AC$2:$AC$799,0)),"구약 트랙 완결") -> 다음 편: 벽돌은 그대로, 짚은 없다 | X84: 미착수 | Y84: 미착수 | Z84: 미착수 | AA84: 미착수 | AC84: =D84&"#"&E84 -> 구약#47 | AD84: =COUNTIFS($C$2:C84,C84,$D$2:D84,D84) -> 47
A85: 84 | B85: A0084 | C85: 2 | D85: 구약 | E85: =IF(C85=1,COUNTIFS($C$2:C85,1,$D$2:D85,D85),COUNTIFS($C$2:$C$799,1,$D$2:$D$799,D85)+COUNTIFS($C$2:C85,2,$D$2:D85,D85)) -> 219 | F85: =D85&" #"&TEXT(E85,"000") -> 구약 #219 | G85: B010 | H85: S2-L05 | I85: 출애굽기 | J85: 출 4:18-31 | K85: 장면 | L85: 다시 애굽으로 | M85: 80세에 다시 시작된 사명 | N85: 출 4:31 | O85: 하나님은 고난받는 백성을 돌보십니다 | P85: 모세·아론·장로들 | Q85: 미디안에서 애굽으로 가는 길 | R85: 4:24-26 장면은 생략 또는 설명 최소화 | S85: 시즌1 구약 #047 '나는 스스로 있는 자' 다음 이야기 | T85: ="["&안내!$C$5&" "&F85&"] "&L85&" | "&J85 -> [1분 성경 구약 #219] 다시 애굽으로 | 출 4:18-31 | U85: =IF(D85="구약",IF(C85=1,안내!$C$9,안내!$C$10)+AD85-1,IF(C85=1,안내!$C$9,안내!$C$10)+7*INT((AD85-1)/4)+CHOOSE(MOD(AD85-1,4)+1,0,2,4,5)) -> 46616 | V85: =CHOOSE(WEEKDAY(U85,2),"월","화","수","목","금","토","일") -> 화 | W85: =IFERROR(IF(INDEX($C$2:$C$799,MATCH(D85&"#"&(E85+1),$AC$2:$AC$799,0))=C85,"다음 편: ","시즌1 완결 · 시즌2 첫 편: ")&INDEX($L$2:$L$799,MATCH(D85&"#"&(E85+1),$AC$2:$AC$799,0)),"구약 트랙 완결") -> 다음 편: 내가 여호와니라 | X85: 미착수 | Y85: 미착수 | Z85: 미착수 | AA85: 미착수 | AC85: =D85&"#"&E85 -> 구약#219 | AD85: =COUNTIFS($C$2:C85,C85,$D$2:D85,D85) -> 37
A86: 85 | B86: A0085 | C86: 1 | D86: 구약 | E86: =IF(C86=1,COUNTIFS($C$2:C86,1,$D$2:D86,D86),COUNTIFS($C$2:$C$799,1,$D$2:$D$799,D86)+COUNTIFS($C$2:C86,2,$D$2:D86,D86)) -> 48 | F86: =D86&" #"&TEXT(E86,"000") -> 구약 #048 | G86: B010 | H86: S1-L05 | I86: 출애굽기 | J86: 출 5:1-23 | K86: 장면 | L86: 벽돌은 그대로, 짚은 없다 | M86: 순종했는데 오히려 더 힘들어졌다? | N86: 출 5:2 | O86: 하나님을 모르는 권력은 교만합니다 | P86: 모세·아론·바로·감독들 | Q86: 바로의 궁전, 벽돌 공장 | S86: 앞에서 건너뛴 1편(시즌2): 출 4:18-31 다시 애굽으로 → 연결 내레이션 1~2문장 필요 | T86: ="["&안내!$C$5&" "&F86&"] "&L86&" | "&J86 -> [1분 성경 구약 #048] 벽돌은 그대로, 짚은 없다 | 출 5:1-23 | U86: =IF(D86="구약",IF(C86=1,안내!$C$9,안내!$C$10)+AD86-1,IF(C86=1,안내!$C$9,안내!$C$10)+7*INT((AD86-1)/4)+CHOOSE(MOD(AD86-1,4)+1,0,2,4,5)) -> 46438 | V86: =CHOOSE(WEEKDAY(U86,2),"월","화","수","목","금","토","일") -> 토 | W86: =IFERROR(IF(INDEX($C$2:$C$799,MATCH(D86&"#"&(E86+1),$AC$2:$AC$799,0))=C86,"다음 편: ","시즌1 완결 · 시즌2 첫 편: ")&INDEX($L$2:$L$799,MATCH(D86&"#"&(E86+1),$AC$2:$AC$799,0)),"구약 트랙 완결") -> 다음 편: 뱀을 삼킨 지팡이 | X86: 미착수 | Y86: 미착수 | Z86: 미착수 | AA86: 미착수 | AC86: =D86&"#"&E86 -> 구약#48 | AD86: =COUNTIFS($C$2:C86,C86,$D$2:D86,D86) -> 48
A87: 86 | B87: A0086 | C87: 2 | D87: 구약 | E87: =IF(C87=1,COUNTIFS($C$2:C87,1,$D$2:D87,D87),COUNTIFS($C$2:$C$799,1,$D$2:$D$799,D87)+COUNTIFS($C$2:C87,2,$D$2:D87,D87)) -> 220 | F87: =D87&" #"&TEXT(E87,"000") -> 구약 #220 | G87: B010 | H87: S2-L05 | I87: 출애굽기 | J87: 출 6:1-30 | K87: 장면 | L87: 내가 여호와니라 | M87: 하나님이 다섯 번 약속하신 '내가 ~하리라' | N87: 출 6:7 | O87: 하나님은 자기 백성을 반드시 구원하십니다 | P87: 모세·하나님(음성) | Q87: 애굽 | S87: 시즌1 구약 #048 '벽돌은 그대로, 짚은 없다' 다음 이야기 | T87: ="["&안내!$C$5&" "&F87&"] "&L87&" | "&J87 -> [1분 성경 구약 #220] 내가 여호와니라 | 출 6:1-30 | U87: =IF(D87="구약",IF(C87=1,안내!$C$9,안내!$C$10)+AD87-1,IF(C87=1,안내!$C$9,안내!$C$10)+7*INT((AD87-1)/4)+CHOOSE(MOD(AD87-1,4)+1,0,2,4,5)) -> 46617 | V87: =CHOOSE(WEEKDAY(U87,2),"월","화","수","목","금","토","일") -> 수 | W87: =IFERROR(IF(INDEX($C$2:$C$799,MATCH(D87&"#"&(E87+1),$AC$2:$AC$799,0))=C87,"다음 편: ","시즌1 완결 · 시즌2 첫 편: ")&INDEX($L$2:$L$799,MATCH(D87&"#"&(E87+1),$AC$2:$AC$799,0)),"구약 트랙 완결") -> 다음 편: 이와 파리 | X87: 미착수 | Y87: 미착수 | Z87: 미착수 | AA87: 미착수 | AC87: =D87&"#"&E87 -> 구약#220 | AD87: =COUNTIFS($C$2:C87,C87,$D$2:D87,D87) -> 38
A88: 87 | B88: A0087 | C88: 1 | D88: 구약 | E88: =IF(C88=1,COUNTIFS($C$2:C88,1,$D$2:D88,D88),COUNTIFS($C$2:$C$799,1,$D$2:$D$799,D88)+COUNTIFS($C$2:C88,2,$D$2:D88,D88)) -> 49 | F88: =D88&" #"&TEXT(E88,"000") -> 구약 #049 | G88: B011 | H88: S1-L06 | I88: 출애굽기 | J88: 출 7:1-13 | K88: 장면 | L88: 뱀을 삼킨 지팡이 | M88: 애굽 술사들의 뱀을 모세의 뱀이 삼켰다 | N88: 출 7:12 | O88: 하나님의 능력은 모든 속임수보다 큽니다 | P88: 모세·아론·바로·술사들 | Q88: 바로의 궁전 | R88: 술사 마술 장면을 신비화하지 않게 | S88: 앞에서 건너뛴 1편(시즌2): 출 6:1-30 내가 여호와니라 → 연결 내레이션 1~2문장 필요 | T88: ="["&안내!$C$5&" "&F88&"] "&L88&" | "&J88 -> [1분 성경 구약 #049] 뱀을 삼킨 지팡이 | 출 7:1-13 | U88: =IF(D88="구약",IF(C88=1,안내!$C$9,안내!$C$10)+AD88-1,IF(C88=1,안내!$C$9,안내!$C$10)+7*INT((AD88-1)/4)+CHOOSE(MOD(AD88-1,4)+1,0,2,4,5)) -> 46439 | V88: =CHOOSE(WEEKDAY(U88,2),"월","화","수","목","금","토","일") -> 일 | W88: =IFERROR(IF(INDEX($C$2:$C$799,MATCH(D88&"#"&(E88+1),$AC$2:$AC$799,0))=C88,"다음 편: ","시즌1 완결 · 시즌2 첫 편: ")&INDEX($L$2:$L$799,MATCH(D88&"#"&(E88+1),$AC$2:$AC$799,0)),"구약 트랙 완결") -> 다음 편: 피로 변한 나일강 | X88: 미착수 | Y88: 미착수 | Z88: 미착수 | AA88: 미착수 | AC88: =D88&"#"&E88 -> 구약#49 | AD88: =COUNTIFS($C$2:C88,C88,$D$2:D88,D88) -> 49
A89: 88 | B89: A0088 | C89: 1 | D89: 구약 | E89: =IF(C89=1,COUNTIFS($C$2:C89,1,$D$2:D89,D89),COUNTIFS($C$2:$C$799,1,$D$2:$D$799,D89)+COUNTIFS($C$2:C89,2,$D$2:D89,D89)) -> 50 | F89: =D89&" #"&TEXT(E89,"000") -> 구약 #050 | G89: B011 | H89: S1-L06 | I89: 출애굽기 | J89: 출 7:14-25 | K89: 장면 | L89: 피로 변한 나일강 | M89: 애굽의 생명줄이 피로 변했다 | N89: 출 7:17 | O89: 여호와만이 참 하나님이십니다 | P89: 모세·아론·바로 | Q89: 나일강 | S89: 앞 편과 바로 이어짐 | T89: ="["&안내!$C$5&" "&F89&"] "&L89&" | "&J89 -> [1분 성경 구약 #050] 피로 변한 나일강 | 출 7:14-25 | U89: =IF(D89="구약",IF(C89=1,안내!$C$9,안내!$C$10)+AD89-1,IF(C89=1,안내!$C$9,안내!$C$10)+7*INT((AD89-1)/4)+CHOOSE(MOD(AD89-1,4)+1,0,2,4,5)) -> 46440 | V89: =CHOOSE(WEEKDAY(U89,2),"월","화","수","목","금","토","일") -> 월 | W89: =IFERROR(IF(INDEX($C$2:$C$799,MATCH(D89&"#"&(E89+1),$AC$2:$AC$799,0))=C89,"다음 편: ","시즌1 완결 · 시즌2 첫 편: ")&INDEX($L$2:$L$799,MATCH(D89&"#"&(E89+1),$AC$2:$AC$799,0)),"구약 트랙 완결") -> 다음 편: 개구리 재앙 | X89: 미착수 | Y89: 미착수 | Z89: 미착수 | AA89: 미착수 | AC89: =D89&"#"&E89 -> 구약#50 | AD89: =COUNTIFS($C$2:C89,C89,$D$2:D89,D89) -> 50
A90: 89 | B90: A0089 | C90: 1 | D90: 구약 | E90: =IF(C90=1,COUNTIFS($C$2:C90,1,$D$2:D90,D90),COUNTIFS($C$2:$C$799,1,$D$2:$D$799,D90)+COUNTIFS($C$2:C90,2,$D$2:D90,D90)) -> 51 | F90: =D90&" #"&TEXT(E90,"000") -> 구약 #051 | G90: B011 | H90: S1-L06 | I90: 출애굽기 | J90: 출 8:1-15 | K90: 장면 | L90: 개구리 재앙 | M90: 침대 위까지 올라온 개구리들 | N90: 출 8:10 | O90: 하나님 같은 분은 없습니다 | P90: 모세·바로 | Q90: 애굽 궁전과 집들 | S90: 앞 편과 바로 이어짐 | T90: ="["&안내!$C$5&" "&F90&"] "&L90&" | "&J90 -> [1분 성경 구약 #051] 개구리 재앙 | 출 8:1-15 | U90: =IF(D90="구약",IF(C90=1,안내!$C$9,안내!$C$10)+AD90-1,IF(C90=1,안내!$C$9,안내!$C$10)+7*INT((AD90-1)/4)+CHOOSE(MOD(AD90-1,4)+1,0,2,4,5)) -> 46441 | V90: =CHOOSE(WEEKDAY(U90,2),"월","화","수","목","금","토","일") -> 화 | W90: =IFERROR(IF(INDEX($C$2:$C$799,MATCH(D90&"#"&(E90+1),$AC$2:$AC$799,0))=C90,"다음 편: ","시즌1 완결 · 시즌2 첫 편: ")&INDEX($L$2:$L$799,MATCH(D90&"#"&(E90+1),$AC$2:$AC$799,0)),"구약 트랙 완결") -> 다음 편: 문설주의 피 | X90: 미착수 | Y90: 미착수 | Z90: 미착수 | AA90: 미착수 | AC90: =D90&"#"&E90 -> 구약#51 | AD90: =COUNTIFS($C$2:C90,C90,$D$2:D90,D90) -> 51
A91: 90 | B91: A0090 | C91: 2 | D91: 구약 | E91: =IF(C91=1,COUNTIFS($C$2:C91,1,$D$2:D91,D91),COUNTIFS($C$2:$C$799,1,$D$2:$D$799,D91)+COUNTIFS($C$2:C91,2,$D$2:D91,D91)) -> 221 | F91: =D91&" #"&TEXT(E91,"000") -> 구약 #221 | G91: B011 | H91: S2-L05 | I91: 출애굽기 | J91: 출 8:16-32 | K91: 장면 | L91: 이와 파리 | M91: 술사들도 이건 하나님의 손가락이라고 인정했다 | N91: 출 8:19 | O91: 하나님은 자기 백성을 구별하십니다 | P91: 모세·술사들·바로 | Q91: 애굽, 고센 땅 | S91: 시즌1 구약 #051 '개구리 재앙' 다음 이야기 | T91: ="["&안내!$C$5&" "&F91&"] "&L91&" | "&J91 -> [1분 성경 구약 #221] 이와 파리 | 출 8:16-32 | U91: =IF(D91="구약",IF(C91=1,안내!$C$9,안내!$C$10)+AD91-1,IF(C91=1,안내!$C$9,안내!$C$10)+7*INT((AD91-1)/4)+CHOOSE(MOD(AD91-1,4)+1,0,2,4,5)) -> 46618 | V91: =CHOOSE(WEEKDAY(U91,2),"월","화","수","목","금","토","일") -> 목 | W91: =IFERROR(IF(INDEX($C$2:$C$799,MATCH(D91&"#"&(E91+1),$AC$2:$AC$799,0))=C91,"다음 편: ","시즌1 완결 · 시즌2 첫 편: ")&INDEX($L$2:$L$799,MATCH(D91&"#"&(E91+1),$AC$2:$AC$799,0)),"구약 트랙 완결") -> 다음 편: 가축 돌림병과 악성 종기 | X91: 미착수 | Y91: 미착수 | Z91: 미착수 | AA91: 미착수 | AC91: =D91&"#"&E91 -> 구약#221 | AD91: =COUNTIFS($C$2:C91,C91,$D$2:D91,D91) -> 39
A92: 91 | B92: A0091 | C92: 2 | D92: 구약 | E92: =IF(C92=1,COUNTIFS($C$2:C92,1,$D$2:D92,D92),COUNTIFS($C$2:$C$799,1,$D$2:$D$799,D92)+COUNTIFS($C$2:C92,2,$D$2:D92,D92)) -> 222 | F92: =D92&" #"&TEXT(E92,"000") -> 구약 #222 | G92: B011 | H92: S2-L05 | I92: 출애굽기 | J92: 출 9:1-12 | K92: 장면 | L92: 가축 돌림병과 악성 종기 | M92: 애굽 가축은 죽었는데 이스라엘 가축은 멀쩡했다 | N92: 출 9:4 | O92: 하나님은 자기 백성을 지키십니다 | P92: 모세·아론·바로 | Q92: 애굽 목장 | S92: 시즌1 구약 #051 '개구리 재앙' 다음 이야기 | T92: ="["&안내!$C$5&" "&F92&"] "&L92&" | "&J92 -> [1분 성경 구약 #222] 가축 돌림병과 악성 종기 | 출 9:1-12 | U92: =IF(D92="구약",IF(C92=1,안내!$C$9,안내!$C$10)+AD92-1,IF(C92=1,안내!$C$9,안내!$C$10)+7*INT((AD92-1)/4)+CHOOSE(MOD(AD92-1,4)+1,0,2,4,5)) -> 46619 | V92: =CHOOSE(WEEKDAY(U92,2),"월","화","수","목","금","토","일") -> 금 | W92: =IFERROR(IF(INDEX($C$2:$C$799,MATCH(D92&"#"&(E92+1),$AC$2:$AC$799,0))=C92,"다음 편: ","시즌1 완결 · 시즌2 첫 편: ")&INDEX($L$2:$L$799,MATCH(D92&"#"&(E92+1),$AC$2:$AC$799,0)),"구약 트랙 완결") -> 다음 편: 불덩이 섞인 우박 | X92: 미착수 | Y92: 미착수 | Z92: 미착수 | AA92: 미착수 | AC92: =D92&"#"&E92 -> 구약#222 | AD92: =COUNTIFS($C$2:C92,C92,$D$2:D92,D92) -> 40
A93: 92 | B93: A0092 | C93: 2 | D93: 구약 | E93: =IF(C93=1,COUNTIFS($C$2:C93,1,$D$2:D93,D93),COUNTIFS($C$2:$C$799,1,$D$2:$D$799,D93)+COUNTIFS($C$2:C93,2,$D$2:D93,D93)) -> 223 | F93: =D93&" #"&TEXT(E93,"000") -> 구약 #223 | G93: B011 | H93: S2-L05 | I93: 출애굽기 | J93: 출 9:13-35 | K93: 장면 | L93: 불덩이 섞인 우박 | M93: 애굽 역사상 한 번도 없던 우박 | N93: 출 9:16 | O93: 하나님은 온 세상에 이름을 알리십니다 | P93: 모세·바로 | Q93: 우박이 쏟아지는 애굽 들판 | S93: 시즌1 구약 #051 '개구리 재앙' 다음 이야기 | T93: ="["&안내!$C$5&" "&F93&"] "&L93&" | "&J93 -> [1분 성경 구약 #223] 불덩이 섞인 우박 | 출 9:13-35 | U93: =IF(D93="구약",IF(C93=1,안내!$C$9,안내!$C$10)+AD93-1,IF(C93=1,안내!$C$9,안내!$C$10)+7*INT((AD93-1)/4)+CHOOSE(MOD(AD93-1,4)+1,0,2,4,5)) -> 46620 | V93: =CHOOSE(WEEKDAY(U93,2),"월","화","수","목","금","토","일") -> 토 | W93: =IFERROR(IF(INDEX($C$2:$C$799,MATCH(D93&"#"&(E93+1),$AC$2:$AC$799,0))=C93,"다음 편: ","시즌1 완결 · 시즌2 첫 편: ")&INDEX($L$2:$L$799,MATCH(D93&"#"&(E93+1),$AC$2:$AC$799,0)),"구약 트랙 완결") -> 다음 편: 메뚜기 떼 | X93: 미착수 | Y93: 미착수 | Z93: 미착수 | AA93: 미착수 | AC93: =D93&"#"&E93 -> 구약#223 | AD93: =COUNTIFS($C$2:C93,C93,$D$2:D93,D93) -> 41
A94: 93 | B94: A0093 | C94: 2 | D94: 구약 | E94: =IF(C94=1,COUNTIFS($C$2:C94,1,$D$2:D94,D94),COUNTIFS($C$2:$C$799,1,$D$2:$D$799,D94)+COUNTIFS($C$2:C94,2,$D$2:D94,D94)) -> 224 | F94: =D94&" #"&TEXT(E94,"000") -> 구약 #224 | G94: B011 | H94: S2-L05 | I94: 출애굽기 | J94: 출 10:1-20 | K94: 장면 | L94: 메뚜기 떼 | M94: 푸른 것이 하나도 남지 않았다 | N94: 출 10:2 | O94: 하나님의 일을 자녀에게 전하라 | P94: 모세·바로·신하들 | Q94: 메뚜기로 뒤덮인 하늘 | S94: 시즌1 구약 #051 '개구리 재앙' 다음 이야기 | T94: ="["&안내!$C$5&" "&F94&"] "&L94&" | "&J94 -> [1분 성경 구약 #224] 메뚜기 떼 | 출 10:1-20 | U94: =IF(D94="구약",IF(C94=1,안내!$C$9,안내!$C$10)+AD94-1,IF(C94=1,안내!$C$9,안내!$C$10)+7*INT((AD94-1)/4)+CHOOSE(MOD(AD94-1,4)+1,0,2,4,5)) -> 46621 | V94: =CHOOSE(WEEKDAY(U94,2),"월","화","수","목","금","토","일") -> 일 | W94: =IFERROR(IF(INDEX($C$2:$C$799,MATCH(D94&"#"&(E94+1),$AC$2:$AC$799,0))=C94,"다음 편: ","시즌1 완결 · 시즌2 첫 편: ")&INDEX($L$2:$L$799,MATCH(D94&"#"&(E94+1),$AC$2:$AC$799,0)),"구약 트랙 완결") -> 다음 편: 사흘간의 흑암 | X94: 미착수 | Y94: 미착수 | Z94: 미착수 | AA94: 미착수 | AC94: =D94&"#"&E94 -> 구약#224 | AD94: =COUNTIFS($C$2:C94,C94,$D$2:D94,D94) -> 42
A95: 94 | B95: A0094 | C95: 2 | D95: 구약 | E95: =IF(C95=1,COUNTIFS($C$2:C95,1,$D$2:D95,D95),COUNTIFS($C$2:$C$799,1,$D$2:$D$799,D95)+COUNTIFS($C$2:C95,2,$D$2:D95,D95)) -> 225 | F95: =D95&" #"&TEXT(E95,"000") -> 구약 #225 | G95: B011 | H95: S2-L05 | I95: 출애굽기 | J95: 출 10:21-29 | K95: 장면 | L95: 사흘간의 흑암 | M95: 애굽은 캄캄한데 이스라엘에는 빛이 있었다 | N95: 출 10:23 | O95: 하나님의 백성에게는 빛이 있습니다 | P95: 모세·바로 | Q95: 흑암의 애굽, 빛나는 고센 | S95: 시즌1 구약 #051 '개구리 재앙' 다음 이야기 | T95: ="["&안내!$C$5&" "&F95&"] "&L95&" | "&J95 -> [1분 성경 구약 #225] 사흘간의 흑암 | 출 10:21-29 | U95: =IF(D95="구약",IF(C95=1,안내!$C$9,안내!$C$10)+AD95-1,IF(C95=1,안내!$C$9,안내!$C$10)+7*INT((AD95-1)/4)+CHOOSE(MOD(AD95-1,4)+1,0,2,4,5)) -> 46622 | V95: =CHOOSE(WEEKDAY(U95,2),"월","화","수","목","금","토","일") -> 월 | W95: =IFERROR(IF(INDEX($C$2:$C$799,MATCH(D95&"#"&(E95+1),$AC$2:$AC$799,0))=C95,"다음 편: ","시즌1 완결 · 시즌2 첫 편: ")&INDEX($L$2:$L$799,MATCH(D95&"#"&(E95+1),$AC$2:$AC$799,0)),"구약 트랙 완결") -> 다음 편: 구름 기둥과 불 기둥 | X95: 미착수 | Y95: 미착수 | Z95: 미착수 | AA95: 미착수 | AC95: =D95&"#"&E95 -> 구약#225 | AD95: =COUNTIFS($C$2:C95,C95,$D$2:D95,D95) -> 43
A96: 95 | B96: A0095 | C96: 1 | D96: 구약 | E96: =IF(C96=1,COUNTIFS($C$2:C96,1,$D$2:D96,D96),COUNTIFS($C$2:$C$799,1,$D$2:$D$799,D96)+COUNTIFS($C$2:C96,2,$D$2:D96,D96)) -> 52 | F96: =D96&" #"&TEXT(E96,"000") -> 구약 #052 | G96: B011 | H96: S1-L06 | I96: 출애굽기 | J96: 출 11:1-12:28 | K96: 장면 | L96: 문설주의 피 | M96: 피를 보면 넘어가리라 | N96: 출 12:13 | O96: 어린양의 피가 우리를 구원합니다 | P96: 모세·이스라엘 가정들 | Q96: 이스라엘의 집, 문설주, 유월절 식탁 | R96: 그리스도 연결(고전 5:7). 하나님의교회 '유월절 지켜야 구원' 주장 배제 | S96: 앞에서 건너뛴 5편(시즌2): 출 8:16-32 이와 파리, 출 9:1-12 가축 돌림병과 악성 종기, 출 9:13-35 불덩이 섞인 우박 외 2편 → 연결 내레이션 1~2문장 필요 | T96: ="["&안내!$C$5&" "&F96&"] "&L96&" | "&J96 -> [1분 성경 구약 #052] 문설주의 피 | 출 11:1-12:28 | U96: =IF(D96="구약",IF(C96=1,안내!$C$9,안내!$C$10)+AD96-1,IF(C96=1,안내!$C$9,안내!$C$10)+7*INT((AD96-1)/4)+CHOOSE(MOD(AD96-1,4)+1,0,2,4,5)) -> 46442 | V96: =CHOOSE(WEEKDAY(U96,2),"월","화","수","목","금","토","일") -> 수 | W96: =IFERROR(IF(INDEX($C$2:$C$799,MATCH(D96&"#"&(E96+1),$AC$2:$AC$799,0))=C96,"다음 편: ","시즌1 완결 · 시즌2 첫 편: ")&INDEX($L$2:$L$799,MATCH(D96&"#"&(E96+1),$AC$2:$AC$799,0)),"구약 트랙 완결") -> 다음 편: 430년 만의 해방 | X96: 미착수 | Y96: 미착수 | Z96: 미착수 | AA96: 미착수 | AC96: =D96&"#"&E96 -> 구약#52 | AD96: =COUNTIFS($C$2:C96,C96,$D$2:D96,D96) -> 52
A97: 96 | B97: A0096 | C97: 1 | D97: 구약 | E97: =IF(C97=1,COUNTIFS($C$2:C97,1,$D$2:D97,D97),COUNTIFS($C$2:$C$799,1,$D$2:$D$799,D97)+COUNTIFS($C$2:C97,2,$D$2:D97,D97)) -> 53 | F97: =D97&" #"&TEXT(E97,"000") -> 구약 #053 | G97: B011 | H97: S1-L06 | I97: 출애굽기 | J97: 출 12:29-51 | K97: 장면 | L97: 430년 만의 해방 | M97: 한밤중에 애굽 전역에 울음소리가 | N97: 출 12:41 | O97: 하나님은 약속하신 날에 구원하십니다 | P97: 바로·모세·이스라엘 백성 | Q97: 애굽, 출발하는 행렬 | R97: 장자 죽음 직접 묘사 금지, 울음소리·그림자로만 | S97: 앞 편과 바로 이어짐 | T97: ="["&안내!$C$5&" "&F97&"] "&L97&" | "&J97 -> [1분 성경 구약 #053] 430년 만의 해방 | 출 12:29-51 | U97: =IF(D97="구약",IF(C97=1,안내!$C$9,안내!$C$10)+AD97-1,IF(C97=1,안내!$C$9,안내!$C$10)+7*INT((AD97-1)/4)+CHOOSE(MOD(AD97-1,4)+1,0,2,4,5)) -> 46443 | V97: =CHOOSE(WEEKDAY(U97,2),"월","화","수","목","금","토","일") -> 목 | W97: =IFERROR(IF(INDEX($C$2:$C$799,MATCH(D97&"#"&(E97+1),$AC$2:$AC$799,0))=C97,"다음 편: ","시즌1 완결 · 시즌2 첫 편: ")&INDEX($L$2:$L$799,MATCH(D97&"#"&(E97+1),$AC$2:$AC$799,0)),"구약 트랙 완결") -> 다음 편: 앞은 바다, 뒤는 군대 | X97: 미착수 | Y97: 미착수 | Z97: 미착수 | AA97: 미착수 | AC97: =D97&"#"&E97 -> 구약#53 | AD97: =COUNTIFS($C$2:C97,C97,$D$2:D97,D97) -> 53
A98: 97 | B98: A0097 | C98: 2 | D98: 구약 | E98: =IF(C98=1,COUNTIFS($C$2:C98,1,$D$2:D98,D98),COUNTIFS($C$2:$C$799,1,$D$2:$D$799,D98)+COUNTIFS($C$2:C98,2,$D$2:D98,D98)) -> 226 | F98: =D98&" #"&TEXT(E98,"000") -> 구약 #226 | G98: B011 | H98: S2-L05 | I98: 출애굽기 | J98: 출 13:1-22 | K98: 장면 | L98: 구름 기둥과 불 기둥 | M98: 낮에는 구름, 밤에는 불이 길을 안내했다 | N98: 출 13:21 | O98: 하나님은 길을 인도하십니다 | P98: 모세·백성 | Q98: 광야, 구름 기둥, 불 기둥 | R98: 요셉의 유골 운반 장면 포함 | S98: 시즌1 구약 #053 '430년 만의 해방' 다음 이야기 | T98: ="["&안내!$C$5&" "&F98&"] "&L98&" | "&J98 -> [1분 성경 구약 #226] 구름 기둥과 불 기둥 | 출 13:1-22 | U98: =IF(D98="구약",IF(C98=1,안내!$C$9,안내!$C$10)+AD98-1,IF(C98=1,안내!$C$9,안내!$C$10)+7*INT((AD98-1)/4)+CHOOSE(MOD(AD98-1,4)+1,0,2,4,5)) -> 46623 | V98: =CHOOSE(WEEKDAY(U98,2),"월","화","수","목","금","토","일") -> 화 | W98: =IFERROR(IF(INDEX($C$2:$C$799,MATCH(D98&"#"&(E98+1),$AC$2:$AC$799,0))=C98,"다음 편: ","시즌1 완결 · 시즌2 첫 편: ")&INDEX($L$2:$L$799,MATCH(D98&"#"&(E98+1),$AC$2:$AC$799,0)),"구약 트랙 완결") -> 다음 편: 쓴 물이 단물로 | X98: 미착수 | Y98: 미착수 | Z98: 미착수 | AA98: 미착수 | AC98: =D98&"#"&E98 -> 구약#226 | AD98: =COUNTIFS($C$2:C98,C98,$D$2:D98,D98) -> 44
A99: 98 | B99: A0098 | C99: 1 | D99: 구약 | E99: =IF(C99=1,COUNTIFS($C$2:C99,1,$D$2:D99,D99),COUNTIFS($C$2:$C$799,1,$D$2:$D$799,D99)+COUNTIFS($C$2:C99,2,$D$2:D99,D99)) -> 54 | F99: =D99&" #"&TEXT(E99,"000") -> 구약 #054 | G99: B012 | H99: S1-L06 | I99: 출애굽기 | J99: 출 14:1-14 | K99: 장면 | L99: 앞은 바다, 뒤는 군대 | M99: 도망칠 곳이 하나도 없다면? | N99: 출 14:14 | O99: 여호와께서 너희를 위하여 싸우시리니 | P99: 모세·백성·바로의 군대 | Q99: 홍해 앞 바닷가 | S99: 앞에서 건너뛴 1편(시즌2): 출 13:1-22 구름 기둥과 불 기둥 → 연결 내레이션 1~2문장 필요 | T99: ="["&안내!$C$5&" "&F99&"] "&L99&" | "&J99 -> [1분 성경 구약 #054] 앞은 바다, 뒤는 군대 | 출 14:1-14 | U99: =IF(D99="구약",IF(C99=1,안내!$C$9,안내!$C$10)+AD99-1,IF(C99=1,안내!$C$9,안내!$C$10)+7*INT((AD99-1)/4)+CHOOSE(MOD(AD99-1,4)+1,0,2,4,5)) -> 46444 | V99: =CHOOSE(WEEKDAY(U99,2),"월","화","수","목","금","토","일") -> 금 | W99: =IFERROR(IF(INDEX($C$2:$C$799,MATCH(D99&"#"&(E99+1),$AC$2:$AC$799,0))=C99,"다음 편: ","시즌1 완결 · 시즌2 첫 편: ")&INDEX($L$2:$L$799,MATCH(D99&"#"&(E99+1),$AC$2:$AC$799,0)),"구약 트랙 완결") -> 다음 편: 바다가 갈라지다 | X99: 미착수 | Y99: 미착수 | Z99: 미착수 | AA99: 미착수 | AC99: =D99&"#"&E99 -> 구약#54 | AD99: =COUNTIFS($C$2:C99,C99,$D$2:D99,D99) -> 54
A100: 99 | B100: A0099 | C100: 1 | D100: 구약 | E100: =IF(C100=1,COUNTIFS($C$2:C100,1,$D$2:D100,D100),COUNTIFS($C$2:$C$799,1,$D$2:$D$799,D100)+COUNTIFS($C$2:C100,2,$D$2:D100,D100)) -> 55 | F100: =D100&" #"&TEXT(E100,"000") -> 구약 #055 | G100: B012 | H100: S1-L06 | I100: 출애굽기 | J100: 출 14:15-31 | K100: 장면 | L100: 바다가 갈라지다 | M100: 바다 한가운데 마른 길이 생겼다 | N100: 출 14:21 | O100: 하나님은 길이 없는 곳에 길을 내십니다 | P100: 모세·백성·애굽 군대 | Q100: 갈라진 홍해, 물벽 | R100: 애굽 군대 익사 장면 직접 묘사 금지 | S100: 앞 편과 바로 이어짐 | T100: ="["&안내!$C$5&" "&F100&"] "&L100&" | "&J100 -> [1분 성경 구약 #055] 바다가 갈라지다 | 출 14:15-31 | U100: =IF(D100="구약",IF(C100=1,안내!$C$9,안내!$C$10)+AD100-1,IF(C100=1,안내!$C$9,안내!$C$10)+7*INT((AD100-1)/4)+CHOOSE(MOD(AD100-1,4)+1,0,2,4,5)) -> 46445 | V100: =CHOOSE(WEEKDAY(U100,2),"월","화","수","목","금","토","일") -> 토 | W100: =IFERROR(IF(INDEX($C$2:$C$799,MATCH(D100&"#"&(E100+1),$AC$2:$AC$799,0))=C100,"다음 편: ","시즌1 완결 · 시즌2 첫 편: ")&INDEX($L$2:$L$799,MATCH(D100&"#"&(E100+1),$AC$2:$AC$799,0)),"구약 트랙 완결") -> 다음 편: 구원의 노래 | X100: 미착수 | Y100: 미착수 | Z100: 미착수 | AA100: 미착수 | AC100: =D100&"#"&E100 -> 구약#55 | AD100: =COUNTIFS($C$2:C100,C100,$D$2:D100,D100) -> 55
...

Sheet 롱폼_시즌별
A1: 순번 | B1: 롱폼코드 | C1: 시즌 | D1: 트랙 | E1: 롱폼 제목 | F1: 포함 통합본 B | G1: 본문 범위 | H1: A 편수 | I1: 예상 길이(초) | J1: 예상 길이(분) | K1: 첫 회차 | L1: 마지막 회차 | M1: 진행자 인트로 질문(삶의 고민) | N1: 그리스도 연결점 | O1: 핵심 교리 | P1: 공개 예정일 | Q1: 요일 | R1: 대본 | S1: 교리감수 | T1: 영상 | U1: 업로드 | V1: 비고
A2: 1 | B2: S1-L01 | C2: 1 | D2: 구약 | E2: 창조와 타락 | F2: B001 | G2: 창 1:1~3:24 | H2: =COUNTIF(A타입_제작표!$H$2:$H$799,B2) -> 10 | I2: =H2*안내!$C$7+안내!$C$8 -> 640 | J2: =ROUND(I2/60,1) -> 10.7 | K2: =D2&" #"&TEXT(_xlfn.MINIFS(A타입_제작표!$E$2:$E$799,A타입_제작표!$H$2:$H$799,B2),"000") -> 구약 #001 | L2: =D2&" #"&TEXT(_xlfn.MAXIFS(A타입_제작표!$E$2:$E$799,A타입_제작표!$H$2:$H$799,B2),"000") -> 구약 #010 | M2: 세상은 처음에 어떻게 시작됐을까? | N2: 3:15 여자의 후손 약속(원시복음) → 사탄을 이기실 그리스도 | O2: 창조주 하나님, 하나님의 형상, 원죄, 은혜의 약속 | P2: =_xlfn.MAXIFS(A타입_제작표!$U$2:$U$799,A타입_제작표!$H$2:$H$799,B2)+1 -> 46401 | Q2: =CHOOSE(WEEKDAY(P2,2),"월","화","수","목","금","토","일") -> 목 | R2: 미착수 | S2: 미착수 | T2: 미착수 | U2: 미착수
A3: 2 | B3: S1-L02 | C3: 1 | D3: 구약 | E3: 가인부터 바벨까지 | F3: B002 | G3: 창 4:1~11:9 | H3: =COUNTIF(A타입_제작표!$H$2:$H$799,B3) -> 8 | I3: =H3*안내!$C$7+안내!$C$8 -> 536 | J3: =ROUND(I3/60,1) -> 8.9 | K3: =D3&" #"&TEXT(_xlfn.MINIFS(A타입_제작표!$E$2:$E$799,A타입_제작표!$H$2:$H$799,B3),"000") -> 구약 #011 | L3: =D3&" #"&TEXT(_xlfn.MAXIFS(A타입_제작표!$E$2:$E$799,A타입_제작표!$H$2:$H$799,B3),"000") -> 구약 #018 | M3: 사람은 왜 자꾸 하나님을 떠날까? | N3: 노아의 방주 → 심판에서 건지는 구원의 방주이신 그리스도(벧전 3:20-21) | O3: 죄의 확산, 심판과 은혜, 언약 | P3: =_xlfn.MAXIFS(A타입_제작표!$U$2:$U$799,A타입_제작표!$H$2:$H$799,B3)+1 -> 46409 | Q3: =CHOOSE(WEEKDAY(P3,2),"월","화","수","목","금","토","일") -> 금 | R3: 미착수 | S3: 미착수 | T3: 미착수 | U3: 미착수
A4: 3 | B4: S1-L03 | C4: 1 | D4: 구약 | E4: 아브라함① 부르심과 언약 ~ 이삭과 리브가 | F4: B003, B004, B005 | G4: 창 12:1~25:34 | H4: =COUNTIF(A타입_제작표!$H$2:$H$799,B4) -> 8 | I4: =H4*안내!$C$7+안내!$C$8 -> 536 | J4: =ROUND(I4/60,1) -> 8.9 | K4: =D4&" #"&TEXT(_xlfn.MINIFS(A타입_제작표!$E$2:$E$799,A타입_제작표!$H$2:$H$799,B4),"000") -> 구약 #019 | L4: =D4&" #"&TEXT(_xlfn.MAXIFS(A타입_제작표!$E$2:$E$799,A타입_제작표!$H$2:$H$799,B4),"000") -> 구약 #026 | M4: 확실한 게 하나도 없을 때 떠날 수 있을까? | N4: 아브라함의 씨 → 모든 민족이 복을 받을 그리스도(갈 3:16) 모리아 산의 숫양 → 아들을 대신 내어주신 하나님, 십자가의 예표 약속의 아들 이삭 → 약속대로 오신 참 아들 그리스도 | O4: 이신칭의(15:6), 언약, 하나님의 신실하심 / 하나님의 주권, 중보, 대속의 예표 | P4: =_xlfn.MAXIFS(A타입_제작표!$U$2:$U$799,A타입_제작표!$H$2:$H$799,B4)+1 -> 46417 | Q4: =CHOOSE(WEEKDAY(P4,2),"월","화","수","목","금","토","일") -> 토 | R4: 미착수 | S4: 미착수 | T4: 미착수 | U4: 미착수
A5: 4 | B5: S1-L04 | C5: 1 | D5: 구약 | E5: 야곱① 축복을 훔친 사람 ~ 요셉① 구덩이에서 왕궁으로 | F5: B006, B007, B008 | G5: 창 27:1~41:57 | H5: =COUNTIF(A타입_제작표!$H$2:$H$799,B5) -> 11 | I5: =H5*안내!$C$7+안내!$C$8 -> 692 | J5: =ROUND(I5/60,1) -> 11.5 | K5: =D5&" #"&TEXT(_xlfn.MINIFS(A타입_제작표!$E$2:$E$799,A타입_제작표!$H$2:$H$799,B5),"000") -> 구약 #027 | L5: =D5&" #"&TEXT(_xlfn.MAXIFS(A타입_제작표!$E$2:$E$799,A타입_제작표!$H$2:$H$799,B5),"000") -> 구약 #037 | M5: 원하는 것을 위해 꾀를 써도 될까? | N5: 벧엘의 사다리 → 하늘과 땅을 잇는 인자(요 1:51) 씨름 끝에 받은 새 이름 → 그리스도 안에서 새 사람 버림받았다가 높여져 세상을 살린 요셉 → 그리스도의 예표 | O5: 은혜의 선택, 하나님의 동행, 죄의 결과 / 기도, 화해, 회개와 새 출발 | P5: =_xlfn.MAXIFS(A타입_제작표!$U$2:$U$799,A타입_제작표!$H$2:$H$799,B5)+1 -> 46428 | Q5: =CHOOSE(WEEKDAY(P5,2),"월","화","수","목","금","토","일") -> 수 | R5: 미착수 | S5: 미착수 | T5: 미착수 | U5: 미착수
A6: 5 | B6: S1-L05 | C6: 1 | D6: 구약 | E6: 요셉② 용서와 화해 ~ 모세의 탄생과 부르심 | F6: B009, B010 | G6: 창 42:1~출 5:23 | H6: =COUNTIF(A타입_제작표!$H$2:$H$799,B6) -> 11 | I6: =H6*안내!$C$7+안내!$C$8 -> 692 | J6: =ROUND(I6/60,1) -> 11.5 | K6: =D6&" #"&TEXT(_xlfn.MINIFS(A타입_제작표!$E$2:$E$799,A타입_제작표!$H$2:$H$799,B6),"000") -> 구약 #038 | L6: =D6&" #"&TEXT(_xlfn.MAXIFS(A타입_제작표!$E$2:$E$799,A타입_제작표!$H$2:$H$799,B6),"000") -> 구약 #048 | M6: 나에게 상처 준 사람을 용서할 수 있을까? | N6: 대신 종이 되겠다는 유다 → 우리 대신 죗값을 치르신 그리스도 모세 → 백성을 구원하는 더 큰 선지자 그리스도(신 18:15, 히 3) | O6: 용서, 섭리(50:20), 메시아 약속(49:10) / 여호와(스스로 있는 자), 언약을 기억하시는 하나님 | P6: =_xlfn.MAXIFS(A타입_제작표!$U$2:$U$799,A타입_제작표!$H$2:$H$799,B6)+1 -> 46439 | Q6: =CHOOSE(WEEKDAY(P6,2),"월","화","수","목","금","토","일") -> 일 | R6: 미착수 | S6: 미착수 | T6: 미착수 | U6: 미착수
A7: 6 | B7: S1-L06 | C7: 1 | D7: 구약 | E7: 열 가지 재앙과 유월절 ~ 홍해와 광야 | F7: B011, B012 | G7: 출 7:1~17:16 | H7: =COUNTIF(A타입_제작표!$H$2:$H$799,B7) -> 11 | I7: =H7*안내!$C$7+안내!$C$8 -> 692 | J7: =ROUND(I7/60,1) -> 11.5 | K7: =D7&" #"&TEXT(_xlfn.MINIFS(A타입_제작표!$E$2:$E$799,A타입_제작표!$H$2:$H$799,B7),"000") -> 구약 #049 | L7: =D7&" #"&TEXT(_xlfn.MAXIFS(A타입_제작표!$E$2:$E$799,A타입_제작표!$H$2:$H$799,B7),"000") -> 구약 #059 | M7: 하나님이 정말 이 세상을 다스리고 계실까? | N7: 유월절 어린양의 피 → 우리의 유월절 양 그리스도(고전 5:7) 하늘의 만나와 반석의 물 → 생명의 떡이요 생수이신 그리스도(요 6, 고전 10:4) | O7: 하나님의 주권, 심판, 대속의 피 / 구원, 공급하시는 하나님, 원망과 믿음 | P7: =_xlfn.MAXIFS(A타입_제작표!$U$2:$U$799,A타입_제작표!$H$2:$H$799,B7)+1 -> 46450 | Q7: =CHOOSE(WEEKDAY(P7,2),"월","화","수","목","금","토","일") -> 목 | R7: 미착수 | S7: 미착수 | T7: 미착수 | U7: 미착수
A8: 7 | B8: S1-L07 | C8: 1 | D8: 구약 | E8: 시내산 언약과 성막 ~ 거룩한 하나님께 나아가는 길 | F8: B013, B014, B015 | G8: 출 19:1~레 16:34 | H8: =COUNTIF(A타입_제작표!$H$2:$H$799,B8) -> 7 | I8: =H8*안내!$C$7+안내!$C$8 -> 484 | J8: =ROUND(I8/60,1) -> 8.1 | K8: =D8&" #"&TEXT(_xlfn.MINIFS(A타입_제작표!$E$2:$E$799,A타입_제작표!$H$2:$H$799,B8),"000") -> 구약 #060 | L8: =D8&" #"&TEXT(_xlfn.MAXIFS(A타입_제작표!$E$2:$E$799,A타입_제작표!$H$2:$H$799,B8),"000") -> 구약 #066 | M8: 하나님은 왜 규칙을 주셨을까? | N8: 율법의 완성자 그리스도(마 5:17), 성막 = 우리 가운데 거하신 말씀(요 1:14) 중보자 모세 → 우리를 위해 간구하시는 그리스도(히 7:25) 모든 제사의 완성 = 단번에 드려진 그리스도의 제사(히 10:10) | O8: 율법은 구원받은 백성의 삶의 규칙, 하나님의 임재 / 우상숭배, 중보, 회복, 하나님의 영광 | P8: =_xlfn.MAXIFS(A타입_제작표!$U$2:$U$799,A타입_제작표!$H$2:$H$799,B8)+1 -> 46457 | Q8: =CHOOSE(WEEKDAY(P8,2),"월","화","수","목","금","토","일") -> 목 | R8: 미착수 | S8: 미착수 | T8: 미착수 | U8: 미착수
A9: 8 | B9: S1-L08 | C9: 1 | D9: 구약 | E9: 광야로 출발한 군대 ~ 요단을 건너 여리고로 | F9: B016, B017, B018, B019 | G9: 민 13:1~수 7:26 | H9: =COUNTIF(A타입_제작표!$H$2:$H$799,B9) -> 11 | I9: =H9*안내!$C$7+안내!$C$8 -> 692 | J9: =ROUND(I9/60,1) -> 11.5 | K9: =D9&" #"&TEXT(_xlfn.MINIFS(A타입_제작표!$E$2:$E$799,A타입_제작표!$H$2:$H$799,B9),"000") -> 구약 #067 | L9: =D9&" #"&TEXT(_xlfn.MAXIFS(A타입_제작표!$E$2:$E$799,A타입_제작표!$H$2:$H$799,B9),"000") -> 구약 #077 | M9: 함께 사는 공동체, 원망은 어디서 시작될까? | N9: 광야의 구름 기둥 → 우리를 인도하시는 성령, 놋뱀 → 십자가(요 3:14) 놋뱀을 바라보면 산다 → 십자가의 그리스도를 바라보면 산다(요 3:14-15) 모세 같은 선지자(18:15) → 그리스도, 마음의 할례 → 새 언약 여호수아(예수와 같은 이름) → 참 안식으로 이끄시는 그리스도(히 4:8), 라합의 붉은 줄 → 보혈 | O9: 인도하심, 불신앙의 결과, 남은 자의 믿음 / 하나님의 신실하심, 다음 세대, 믿음의 바라봄 | P9: =_xlfn.MAXIFS(A타입_제작표!$U$2:$U$799,A타입_제작표!$H$2:$H$799,B9)+1 -> 46468 | Q9: =CHOOSE(WEEKDAY(P9,2),"월","화","수","목","금","토","일") -> 월 | R9: 미착수 | S9: 미착수 | T9: 미착수 | U9: 미착수
A10: 9 | B10: S1-L09 | C10: 1 | D10: 구약 | E10: 약속의 땅을 나누다 ~ 사사들의 시대② | F10: B020, B021, B022 | G10: 수 10:1~삿 16:31 | H10: =COUNTIF(A타입_제작표!$H$2:$H$799,B10) -> 8 | I10: =H10*안내!$C$7+안내!$C$8 -> 536 | J10: =ROUND(I10/60,1) -> 8.9 | K10: =D10&" #"&TEXT(_xlfn.MINIFS(A타입_제작표!$E$2:$E$799,A타입_제작표!$H$2:$H$799,B10),"000") -> 구약 #078 | L10: =D10&" #"&TEXT(_xlfn.MAXIFS(A타입_제작표!$E$2:$E$799,A타입_제작표!$H$2:$H$799,B10),"000") -> 구약 #085 | M10: 하나님의 약속은 정말 다 이루어질까? | N10: 하나님의 약속 성취(21:45) → 모든 약속의 '예'가 되신 그리스도(고후 1:20) 연약한 구원자들 → 완전한 구원자 그리스도 나실인 삼손의 죽음으로 이룬 승리 → 죽음으로 승리하신 그리스도 | O10: 하나님께 묻는 삶, 약속 성취, 언약 갱신 / 죄와 은혜의 반복, 하나님이 세우시는 구원자 | P10: =_xlfn.MAXIFS(A타입_제작표!$U$2:$U$799,A타입_제작표!$H$2:$H$799,B10)+1 -> 46476 | Q10: =CHOOSE(WEEKDAY(P10,2),"월","화","수","목","금","토","일") -> 화 | R10: 미착수 | S10: 미착수 | T10: 미착수 | U10: 미착수
A11: 10 | B11: S1-L10 | C11: 1 | D11: 구약 | E11: 룻과 한나: 왕을 기다리는 사람들 ~ 왕을 원한 백성 | F11: B023, B024 | G11: 룻 1:1~삼상 15:35 | H11: =COUNTIF(A타입_제작표!$H$2:$H$799,B11) -> 10 | I11: =H11*안내!$C$7+안내!$C$8 -> 640 | J11: =ROUND(I11/60,1) -> 10.7 | K11: =D11&" #"&TEXT(_xlfn.MINIFS(A타입_제작표!$E$2:$E$799,A타입_제작표!$H$2:$H$799,B11),"000") -> 구약 #086 | L11: =D11&" #"&TEXT(_xlfn.MAXIFS(A타입_제작표!$E$2:$E$799,A타입_제작표!$H$2:$H$799,B11),"000") -> 구약 #095 | M11: 가장 절망적일 때 하나님은 무엇을 하고 계실까? | N11: 기업 무를 자 보아스 → 우리를 값 주고 사신 그리스도 사람이 원한 왕 사울 → 하나님이 세우신 참 왕 그리스도 | O11: 섭리, 이방인을 향한 은혜, 기도 응답 / 하나님의 왕 되심, 순종, 에벤에셀 | P11: =_xlfn.MAXIFS(A타입_제작표!$U$2:$U$799,A타입_제작표!$H$2:$H$799,B11)+1 -> 46486 | Q11: =CHOOSE(WEEKDAY(P11,2),"월","화","수","목","금","토","일") -> 금 | R11: 미착수 | S11: 미착수 | T11: 미착수 | U11: 미착수
A12: 11 | B12: S1-L11 | C12: 1 | D12: 구약 | E12: 목동 다윗과 사울 왕 ~ 다윗 왕국 | F12: B025, B027 | G12: 삼상 16:1~삼하 9:13 | H12: =COUNTIF(A타입_제작표!$H$2:$H$799,B12) -> 9 | I12: =H12*안내!$C$7+안내!$C$8 -> 588 | J12: =ROUND(I12/60,1) -> 9.8 | K12: =D12&" #"&TEXT(_xlfn.MINIFS(A타입_제작표!$E$2:$E$799,A타입_제작표!$H$2:$H$799,B12),"000") -> 구약 #096 | L12: =D12&" #"&TEXT(_xlfn.MAXIFS(A타입_제작표!$E$2:$E$799,A타입_제작표!$H$2:$H$799,B12),"000") -> 구약 #104 | M12: 억울하게 미움받을 때 어떻게 해야 할까? | N12: 기름부음 받은 목자 다윗 → 참 목자요 왕이신 그리스도 다윗 언약(7:16) → 영원한 다윗의 자손 그리스도(눅 1:32-33) | O12: 중심을 보시는 하나님, 믿음의 용기, 기다림 / 언약, 예배의 기쁨, 은혜(므비보셋) | P12: =_xlfn.MAXIFS(A타입_제작표!$U$2:$U$799,A타입_제작표!$H$2:$H$799,B12)+1 -> 46495 | Q12: =CHOOSE(WEEKDAY(P12,2),"월","화","수","목","금","토","일") -> 일 | R12: 미착수 | S12: 미착수 | T12: 미착수 | U12: 미착수
A13: 12 | B13: S1-L12 | C13: 1 | D13: 구약 | E13: 다윗의 죄와 회복 ~ 지혜의 왕 솔로몬 | F13: B028, B029 | G13: 삼하 11:1~왕상 11:43 | H13: =COUNTIF(A타입_제작표!$H$2:$H$799,B13) -> 9 | I13: =H13*안내!$C$7+안내!$C$8 -> 588 | J13: =ROUND(I13/60,1) -> 9.8 | K13: =D13&" #"&TEXT(_xlfn.MINIFS(A타입_제작표!$E$2:$E$799,A타입_제작표!$H$2:$H$799,B13),"000") -> 구약 #105 | L13: =D13&" #"&TEXT(_xlfn.MAXIFS(A타입_제작표!$E$2:$E$799,A타입_제작표!$H$2:$H$799,B13),"000") -> 구약 #113 | M13: 큰 잘못을 저지른 뒤에도 돌아갈 수 있을까? | N13: 죄인을 용서하시는 하나님(시 51) → 십자가의 용서 솔로몬보다 더 큰 이(마 12:42) 그리스도, 성전 → 참 성전이신 그리스도(요 2:21) | O13: 죄의 결과, 회개, 용서받은 자의 고난 / 지혜, 성전과 임재, 마음을 지키지 못한 실패 | P13: =_xlfn.MAXIFS(A타입_제작표!$U$2:$U$799,A타입_제작표!$H$2:$H$799,B13)+1 -> 46504 | Q13: =CHOOSE(WEEKDAY(P13,2),"월","화","수","목","금","토","일") -> 화 | R13: 미착수 | S13: 미착수 | T13: 미착수 | U13: 미착수
... A86: 85 | B86: S2-L54 | C86: 2 | D86: 신약 | E86: 요한계시록② 새 하늘과 새 땅 | F86: B084 | G86: 계 12:1~20:15 | H86: =COUNTIF(A타입_제작표!$H$2:$H$799,B86) -> 7 | I86: =H86*안내!$C$7+안내!$C$8 -> 484 | J86: =ROUND(I86/60,1) -> 8.1 | K86: =D86&" #"&TEXT(_xlfn.MINIFS(A타입_제작표!$E$2:$E$799,A타입_제작표!$H$2:$H$799,B86),"000") -> 신약 #271 | L86: =D86&" #"&TEXT(_xlfn.MAXIFS(A타입_제작표!$E$2:$E$799,A타입_제작표!$H$2:$H$799,B86),"000") -> 신약 #277 | M86: 이 세상의 끝은 어떻게 될까? | N86: 어린양의 혼인 잔치, 백마 탄 왕, 새 예루살렘의 등불이신 어린양 | O86: 최후 승리, 심판, 새 창조, 재림 소망 | P86: =_xlfn.MAXIFS(A타입_제작표!$U$2:$U$799,A타입_제작표!$H$2:$H$799,B86)+1 -> 46882 | Q86: =CHOOSE(WEEKDAY(P86,2),"월","화","수","목","금","토","일") -> 화 | R86: 미착수 | S86: 미착수 | T86: 미착수 | U86: 미착수

Sheet 롱폼_통합본
A1: 순번 | B1: B코드 | C1: 롱폼 제목 | D1: 포함 책 | E1: 본문 범위 | F1: A 편수 | G1: 그중 시즌1 | H1: 예상 길이(초) | I1: 예상 길이(분) | J1: 첫 A코드 | K1: 마지막 A코드 | L1: 진행자 인트로 질문(삶의 고민) | M1: 그리스도 연결점 | N1: 핵심 교리 | O1: 전체 주의 | P1: 모든 편 공개 완료일 | Q1: 대본 | R1: 교리감수 | S1: 영상 | T1: 업로드 | U1: 비고
A2: 1 | B2: B001 | C2: 창조와 타락 | D2: 창세기 | E2: 창 1:1~3:24 | F2: =COUNTIF(A타입_제작표!$G$2:$G$799,B2) -> 10 | G2: =COUNTIFS(A타입_제작표!$G$2:$G$799,B2,A타입_제작표!$C$2:$C$799,1) -> 10 | H2: =F2*안내!$C$7+안내!$C$8 -> 640 | I2: =ROUND(H2/60,1) -> 10.7 | J2: =INDEX(A타입_제작표!$B$2:$B$799,MATCH(B2,A타입_제작표!$G$2:$G$799,0)) -> A0001 | K2: =INDEX(A타입_제작표!$B$2:$B$799,MATCH(B2,A타입_제작표!$G$2:$G$799,0)+F2-1) -> A0010 | L2: 세상은 처음에 어떻게 시작됐을까? | M2: 3:15 여자의 후손 약속(원시복음) → 사탄을 이기실 그리스도 | N2: 창조주 하나님, 하나님의 형상, 원죄, 은혜의 약속 | P2: =_xlfn.MAXIFS(A타입_제작표!$U$2:$U$799,A타입_제작표!$G$2:$G$799,B2) -> 46400 | Q2: 미착수 | R2: 미착수 | S2: 미착수 | T2: 미착수
A3: 2 | B3: B002 | C3: 가인부터 바벨까지 | D3: 창세기 | E3: 창 4:1~11:32 | F3: =COUNTIF(A타입_제작표!$G$2:$G$799,B3) -> 13 | G3: =COUNTIFS(A타입_제작표!$G$2:$G$799,B3,A타입_제작표!$C$2:$C$799,1) -> 8 | H3: =F3*안내!$C$7+안내!$C$8 -> 796 | I3: =ROUND(H3/60,1) -> 13.3 | J3: =INDEX(A타입_제작표!$B$2:$B$799,MATCH(B3,A타입_제작표!$G$2:$G$799,0)) -> A0011 | K3: =INDEX(A타입_제작표!$B$2:$B$799,MATCH(B3,A타입_제작표!$G$2:$G$799,0)+F3-1) -> A0023 | L3: 사람은 왜 자꾸 하나님을 떠날까? | M3: 노아의 방주 → 심판에서 건지는 구원의 방주이신 그리스도(벧전 3:20-21) | N3: 죄의 확산, 심판과 은혜, 언약 | P3: =_xlfn.MAXIFS(A타입_제작표!$U$2:$U$799,A타입_제작표!$G$2:$G$799,B3) -> 46584 | Q3: 미착수 | R3: 미착수 | S3: 미착수 | T3: 미착수
A4: 3 | B4: B003 | C4: 아브라함① 부르심과 언약 | D4: 창세기 | E4: 창 12:1~17:27 | F4: =COUNTIF(A타입_제작표!$G$2:$G$799,B4) -> 7 | G4: =COUNTIFS(A타입_제작표!$G$2:$G$799,B4,A타입_제작표!$C$2:$C$799,1) -> 2 | H4: =F4*안내!$C$7+안내!$C$8 -> 484 | I4: =ROUND(H4/60,1) -> 8.1 | J4: =INDEX(A타입_제작표!$B$2:$B$799,MATCH(B4,A타입_제작표!$G$2:$G$799,0)) -> A0024 | K4: =INDEX(A타입_제작표!$B$2:$B$799,MATCH(B4,A타입_제작표!$G$2:$G$799,0)+F4-1) -> A0030 | L4: 확실한 게 하나도 없을 때 떠날 수 있을까? | M4: 아브라함의 씨 → 모든 민족이 복을 받을 그리스도(갈 3:16) | N4: 이신칭의(15:6), 언약, 하나님의 신실하심 | P4: =_xlfn.MAXIFS(A타입_제작표!$U$2:$U$799,A타입_제작표!$G$2:$G$799,B4) -> 46589 | Q4: 미착수 | R4: 미착수 | S4: 미착수 | T4: 미착수
A5: 4 | B5: B004 | C5: 아브라함② 시험과 약속의 아들 | D5: 창세기 | E5: 창 18:1~23:20 | F5: =COUNTIF(A타입_제작표!$G$2:$G$799,B5) -> 8 | G5: =COUNTIFS(A타입_제작표!$G$2:$G$799,B5,A타입_제작표!$C$2:$C$799,1) -> 3 | H5: =F5*안내!$C$7+안내!$C$8 -> 536 | I5: =ROUND(H5/60,1) -> 8.9 | J5: =INDEX(A타입_제작표!$B$2:$B$799,MATCH(B5,A타입_제작표!$G$2:$G$799,0)) -> A0031 | K5: =INDEX(A타입_제작표!$B$2:$B$799,MATCH(B5,A타입_제작표!$G$2:$G$799,0)+F5-1) -> A0038 | L5: 정말 소중한 것을 하나님께 맡길 수 있을까? | M5: 모리아 산의 숫양 → 아들을 대신 내어주신 하나님, 십자가의 예표 | N5: 하나님의 주권, 중보, 대속의 예표 | P5: =_xlfn.MAXIFS(A타입_제작표!$U$2:$U$799,A타입_제작표!$G$2:$G$799,B5) -> 46594 | Q5: 미착수 | R5: 미착수 | S5: 미착수 | T5: 미착수
A6: 5 | B6: B005 | C6: 이삭과 리브가 | D6: 창세기 | E6: 창 24:1~26:35 | F6: =COUNTIF(A타입_제작표!$G$2:$G$799,B6) -> 7 | G6: =COUNTIFS(A타입_제작표!$G$2:$G$799,B6,A타입_제작표!$C$2:$C$799,1) -> 3 | H6: =F6*안내!$C$7+안내!$C$8 -> 484 | I6: =ROUND(H6/60,1) -> 8.1 | J6: =INDEX(A타입_제작표!$B$2:$B$799,MATCH(B6,A타입_제작표!$G$2:$G$799,0)) -> A0039 | K6: =INDEX(A타입_제작표!$B$2:$B$799,MATCH(B6,A타입_제작표!$G$2:$G$799,0)+F6-1) -> A0045 | L6: 하나님의 인도하심은 어떻게 알 수 있을까? | M6: 약속의 아들 이삭 → 약속대로 오신 참 아들 그리스도 | N6: 섭리, 기도 응답, 선택(롬 9:10-13) | P6: =_xlfn.MAXIFS(A타입_제작표!$U$2:$U$799,A타입_제작표!$G$2:$G$799,B6) -> 46598 | Q6: 미착수 | R6: 미착수 | S6: 미착수 | T6: 미착수
A7: 6 | B7: B006 | C7: 야곱① 축복을 훔친 사람 | D7: 창세기 | E7: 창 27:1~31:55 | F7: =COUNTIF(A타입_제작표!$G$2:$G$799,B7) -> 8 | G7: =COUNTIFS(A타입_제작표!$G$2:$G$799,B7,A타입_제작표!$C$2:$C$799,1) -> 3 | H7: =F7*안내!$C$7+안내!$C$8 -> 536 | I7: =ROUND(H7/60,1) -> 8.9 | J7: =INDEX(A타입_제작표!$B$2:$B$799,MATCH(B7,A타입_제작표!$G$2:$G$799,0)) -> A0046 | K7: =INDEX(A타입_제작표!$B$2:$B$799,MATCH(B7,A타입_제작표!$G$2:$G$799,0)+F7-1) -> A0053 | L7: 원하는 것을 위해 꾀를 써도 될까? | M7: 벧엘의 사다리 → 하늘과 땅을 잇는 인자(요 1:51) | N7: 은혜의 선택, 하나님의 동행, 죄의 결과 | P7: =_xlfn.MAXIFS(A타입_제작표!$U$2:$U$799,A타입_제작표!$G$2:$G$799,B7) -> 46603 | Q7: 미착수 | R7: 미착수 | S7: 미착수 | T7: 미착수
A8: 7 | B8: B007 | C8: 야곱② 이스라엘이 되다 | D8: 창세기 | E8: 창 32:1~36:43 | F8: =COUNTIF(A타입_제작표!$G$2:$G$799,B8) -> 7 | G8: =COUNTIFS(A타입_제작표!$G$2:$G$799,B8,A타입_제작표!$C$2:$C$799,1) -> 2 | H8: =F8*안내!$C$7+안내!$C$8 -> 484 | I8: =ROUND(H8/60,1) -> 8.1 | J8: =INDEX(A타입_제작표!$B$2:$B$799,MATCH(B8,A타입_제작표!$G$2:$G$799,0)) -> A0054 | K8: =INDEX(A타입_제작표!$B$2:$B$799,MATCH(B8,A타입_제작표!$G$2:$G$799,0)+F8-1) -> A0060 | L8: 두려운 사람을 다시 만나야 할 때 어떻게 할까? | M8: 씨름 끝에 받은 새 이름 → 그리스도 안에서 새 사람 | N8: 기도, 화해, 회개와 새 출발 | P8: =_xlfn.MAXIFS(A타입_제작표!$U$2:$U$799,A타입_제작표!$G$2:$G$799,B8) -> 46608 | Q8: 미착수 | R8: 미착수 | S8: 미착수 | T8: 미착수
A9: 8 | B9: B008 | C9: 요셉① 구덩이에서 왕궁으로 | D9: 창세기 | E9: 창 37:1~41:57 | F9: =COUNTIF(A타입_제작표!$G$2:$G$799,B9) -> 7 | G9: =COUNTIFS(A타입_제작표!$G$2:$G$799,B9,A타입_제작표!$C$2:$C$799,1) -> 6 | H9: =F9*안내!$C$7+안내!$C$8 -> 484 | I9: =ROUND(H9/60,1) -> 8.1 | J9: =INDEX(A타입_제작표!$B$2:$B$799,MATCH(B9,A타입_제작표!$G$2:$G$799,0)) -> A0061 | K9: =INDEX(A타입_제작표!$B$2:$B$799,MATCH(B9,A타입_제작표!$G$2:$G$799,0)+F9-1) -> A0067 | L9: 억울한 일만 생길 때 하나님은 어디 계실까? | M9: 버림받았다가 높여져 세상을 살린 요셉 → 그리스도의 예표 | N9: 섭리, 고난 중의 신실함, 하나님의 동행 | P9: =_xlfn.MAXIFS(A타입_제작표!$U$2:$U$799,A타입_제작표!$G$2:$G$799,B9) -> 46609 | Q9: 미착수 | R9: 미착수 | S9: 미착수 | T9: 미착수
A10: 9 | B10: B009 | C10: 요셉② 용서와 화해 | D10: 창세기 | E10: 창 42:1~50:26 | F10: =COUNTIF(A타입_제작표!$G$2:$G$799,B10) -> 11 | G10: =COUNTIFS(A타입_제작표!$G$2:$G$799,B10,A타입_제작표!$C$2:$C$799,1) -> 5 | H10: =F10*안내!$C$7+안내!$C$8 -> 692 | I10: =ROUND(H10/60,1) -> 11.5 | J10: =INDEX(A타입_제작표!$B$2:$B$799,MATCH(B10,A타입_제작표!$G$2:$G$799,0)) -> A0068 | K10: =INDEX(A타입_제작표!$B$2:$B$799,MATCH(B10,A타입_제작표!$G$2:$G$799,0)+F10-1) -> A0078 | L10: 나에게 상처 준 사람을 용서할 수 있을까? | M10: 대신 종이 되겠다는 유다 → 우리 대신 죗값을 치르신 그리스도 | N10: 용서, 섭리(50:20), 메시아 약속(49:10) | P10: =_xlfn.MAXIFS(A타입_제작표!$U$2:$U$799,A타입_제작표!$G$2:$G$799,B10) -> 46615 | Q10: 미착수 | R10: 미착수 | S10: 미착수 | T10: 미착수
A11: 10 | B11: B010 | C11: 모세의 탄생과 부르심 | D11: 출애굽기 | E11: 출 1:1~6:30 | F11: =COUNTIF(A타입_제작표!$G$2:$G$799,B11) -> 8 | G11: =COUNTIFS(A타입_제작표!$G$2:$G$799,B11,A타입_제작표!$C$2:$C$799,1) -> 6 | H11: =F11*안내!$C$7+안내!$C$8 -> 536 | I11: =ROUND(H11/60,1) -> 8.9 | J11: =INDEX(A타입_제작표!$B$2:$B$799,MATCH(B11,A타입_제작표!$G$2:$G$799,0)) -> A0079 | K11: =INDEX(A타입_제작표!$B$2:$B$799,MATCH(B11,A타입_제작표!$G$2:$G$799,0)+F11-1) -> A0086 | L11: 내가 너무 부족해서 아무것도 못할 것 같을 때 | M11: 모세 → 백성을 구원하는 더 큰 선지자 그리스도(신 18:15, 히 3) | N11: 여호와(스스로 있는 자), 언약을 기억하시는 하나님 | P11: =_xlfn.MAXIFS(A타입_제작표!$U$2:$U$799,A타입_제작표!$G$2:$G$799,B11) -> 46617 | Q11: 미착수 | R11: 미착수 | S11: 미착수 | T11: 미착수
A12: 11 | B12: B011 | C12: 열 가지 재앙과 유월절 | D12: 출애굽기 | E12: 출 7:1~13:22 | F12: =COUNTIF(A타입_제작표!$G$2:$G$799,B12) -> 11 | G12: =COUNTIFS(A타입_제작표!$G$2:$G$799,B12,A타입_제작표!$C$2:$C$799,1) -> 5 | H12: =F12*안내!$C$7+안내!$C$8 -> 692 | I12: =ROUND(H12/60,1) -> 11.5 | J12: =INDEX(A타입_제작표!$B$2:$B$799,MATCH(B12,A타입_제작표!$G$2:$G$799,0)) -> A0087 | K12: =INDEX(A타입_제작표!$B$2:$B$799,MATCH(B12,A타입_제작표!$G$2:$G$799,0)+F12-1) -> A0097 | L12: 하나님이 정말 이 세상을 다스리고 계실까? | M12: 유월절 어린양의 피 → 우리의 유월절 양 그리스도(고전 5:7) | N12: 하나님의 주권, 심판, 대속의 피 | P12: =_xlfn.MAXIFS(A타입_제작표!$U$2:$U$799,A타입_제작표!$G$2:$G$799,B12) -> 46623 | Q12: 미착수 | R12: 미착수 | S12: 미착수 | T12: 미착수
A13: 12 | B13: B012 | C13: 홍해와 광야 | D13: 출애굽기 | E13: 출 14:1~18:27 | F13: =COUNTIF(A타입_제작표!$G$2:$G$799,B13) -> 8 | G13: =COUNTIFS(A타입_제작표!$G$2:$G$799,B13,A타입_제작표!$C$2:$C$799,1) -> 6 | H13: =F13*안내!$C$7+안내!$C$8 -> 536 | I13: =ROUND(H13/60,1) -> 8.9 | J13: =INDEX(A타입_제작표!$B$2:$B$799,MATCH(B13,A타입_제작표!$G$2:$G$799,0)) -> A0098 | K13: =INDEX(A타입_제작표!$B$2:$B$799,MATCH(B13,A타입_제작표!$G$2:$G$799,0)+F13-1) -> A0105 | L13: 앞이 막혀 도무지 길이 보이지 않을 때 | M13: 하늘의 만나와 반석의 물 → 생명의 떡이요 생수이신 그리스도(요 6, 고전 10:4) | N13: 구원, 공급하시는 하나님, 원망과 믿음 | P13: =_xlfn.MAXIFS(A타입_제작표!$U$2:$U$799,A타입_제작표!$G$2:$G$799,B13) -> 46625 | Q13: 미착수 | R13: 미착수 | S13: 미착수 | T13: 미착수
... A83: 82 | B83: B082 | C83: 요한서신과 유다서: 사랑과 진리 | D83: 요한일서 · 요한이서 · 요한삼서 · 유다서 | E83: 요일 1:1~유 1:25 | F83: =COUNTIF(A타입_제작표!$G$2:$G$799,B83) -> 7 | G83: =COUNTIFS(A타입_제작표!$G$2:$G$799,B83,A타입_제작표!$C$2:$C$799,1) -> 0 | H83: =F83*안내!$C$7+안내!$C$8 -> 484 | I83: =ROUND(H83/60,1) -> 8.1 | J83: =INDEX(A타입_제작표!$B$2:$B$799,MATCH(B83,A타입_제작표!$G$2:$G$799,0)) -> A0770 | K83: =INDEX(A타입_제작표!$B$2:$B$799,MATCH(B83,A타입_제작표!$G$2:$G$799,0)+F83-1) -> A0776 | L83: 사랑과 진리, 둘 다 지킬 수 있을까? | M83: 육체로 오신 예수 그리스도(요일 4:2)를 시인하는 믿음 | N83: 하나님은 사랑, 영 분별, 구원의 확신, 믿음의 도를 지킴 | P83: =_xlfn.MAXIFS(A타입_제작표!$U$2:$U$799,A타입_제작표!$G$2:$G$799,B83) -> 46853 | Q83: 미착수 | R83: 미착수 | S83: 미착수 | T83: 미착수
A84: 83 | B84: B083 | C84: 요한계시록① 승리하신 어린양 | D84: 요한계시록 | E84: 계 1:1~11:19 | F84: =COUNTIF(A타입_제작표!$G$2:$G$799,B84) -> 11 | G84: =COUNTIFS(A타입_제작표!$G$2:$G$799,B84,A타입_제작표!$C$2:$C$799,1) -> 2 | H84: =F84*안내!$C$7+안내!$C$8 -> 692 | I84: =ROUND(H84/60,1) -> 11.5 | J84: =INDEX(A타입_제작표!$B$2:$B$799,MATCH(B84,A타입_제작표!$G$2:$G$799,0)) -> A0777 | K84: =INDEX(A타입_제작표!$B$2:$B$799,MATCH(B84,A타입_제작표!$G$2:$G$799,0)+F84-1) -> A0787 | L84: 세상이 무섭게 느껴질 때 누가 이 세상을 다스릴까? | M84: 보좌에 계신 하나님과 일찍 죽임을 당한 어린양 그리스도 | N84: 그리스도의 승리, 교회에 주신 말씀, 하나님의 주권 | O84: 계시록 공통: 상징을 특정 국가·인물·날짜에 대입 금지, 신천지 '실상' 해석·이긴자·두 증인·보혜사 자칭 철저 배제, 공포 연출 금지 | P84: =_xlfn.MAXIFS(A타입_제작표!$U$2:$U$799,A타입_제작표!$G$2:$G$799,B84) -> 46869 | Q84: 미착수 | R84: 미착수 | S84: 미착수 | T84: 미착수
A85: 84 | B85: B084 | C85: 요한계시록② 새 하늘과 새 땅 | D85: 요한계시록 | E85: 계 12:1~22:21 | F85: =COUNTIF(A타입_제작표!$G$2:$G$799,B85) -> 11 | G85: =COUNTIFS(A타입_제작표!$G$2:$G$799,B85,A타입_제작표!$C$2:$C$799,1) -> 4 | H85: =F85*안내!$C$7+안내!$C$8 -> 692 | I85: =ROUND(H85/60,1) -> 11.5 | J85: =INDEX(A타입_제작표!$B$2:$B$799,MATCH(B85,A타입_제작표!$G$2:$G$799,0)) -> A0788 | K85: =INDEX(A타입_제작표!$B$2:$B$799,MATCH(B85,A타입_제작표!$G$2:$G$799,0)+F85-1) -> A0798 | L85: 이 세상의 끝은 어떻게 될까? | M85: 어린양의 혼인 잔치, 백마 탄 왕, 새 예루살렘의 등불이신 어린양 | N85: 최후 승리, 심판, 새 창조, 재림 소망 | P85: =_xlfn.MAXIFS(A타입_제작표!$U$2:$U$799,A타입_제작표!$G$2:$G$799,B85) -> 46881 | Q85: 미착수 | R85: 미착수 | S85: 미착수 | T85: 미착수

Sheet 누락점검
A1: 누락 점검
A2: 시즌1 + 시즌2 = 성경 전체가 되는지 확인합니다. 결과가 모두 '정상'이어야 합니다.
A4: 1. 전체 점검 (자동 계산)
A5: 점검 항목 | B5: 현재 값 | C5: 기대 값 | D5: 결과
A6: 숏폼 총 편수 | B6: =COUNTA(A타입_제작표!$B$2:$B$799) -> 798 | C6: 798 | D6: =IF(B6=C6,"정상","확인 필요") -> 정상
A7: 시즌1 편수 | B7: =COUNTIF(A타입_제작표!$C$2:$C$799,1) -> 286 | C7: 286 | D7: =IF(B7=C7,"정상","확인 필요") -> 정상
A8: 시즌2 편수 | B8: =COUNTIF(A타입_제작표!$C$2:$C$799,2) -> 512 | C8: 512 | D8: =IF(B8=C8,"정상","확인 필요") -> 정상
A9: 시즌1 + 시즌2 (전체와 같아야 함) | B9: =COUNTIF(A타입_제작표!$C$2:$C$799,1)+COUNTIF(A타입_제작표!$C$2:$C$799,2) -> 798 | C9: =COUNTA(A타입_제작표!$B$2:$B$799) -> 798 | D9: =IF(B9=C9,"정상","확인 필요") -> 정상
A10: 시즌이 지정되지 않은 편 | B10: =COUNTA(A타입_제작표!$B$2:$B$799)-COUNTIF(A타입_제작표!$C$2:$C$799,1)-COUNTIF(A타입_제작표!$C$2:$C$799,2) -> 0 | C10: 0 | D10: =IF(B10=C10,"정상","확인 필요") -> 정상
A11: A코드 중복 | B11: =SUMPRODUCT((COUNTIF(A타입_제작표!$B$2:$B$799,A타입_제작표!$B$2:$B$799)>1)*1) -> 0 | C11: 0 | D11: =IF(B11=C11,"정상","확인 필요") -> 정상
A12: 트랙 회차 중복 | B12: =SUMPRODUCT((COUNTIF(A타입_제작표!$AC$2:$AC$799,A타입_제작표!$AC$2:$AC$799)>1)*1) -> 0 | C12: 0 | D12: =IF(B12=C12,"정상","확인 필요") -> 정상
A13: 구약 트랙 마지막 회차 = 구약 편수 | B13: =_xlfn.MAXIFS(A타입_제작표!$E$2:$E$799,A타입_제작표!$D$2:$D$799,"구약") -> 521 | C13: =COUNTIF(A타입_제작표!$D$2:$D$799,"구약") -> 521 | D13: =IF(B13=C13,"정상","확인 필요") -> 정상
A14: 신약 트랙 마지막 회차 = 신약 편수 | B14: =_xlfn.MAXIFS(A타입_제작표!$E$2:$E$799,A타입_제작표!$D$2:$D$799,"신약") -> 277 | C14: =COUNTIF(A타입_제작표!$D$2:$D$799,"신약") -> 277 | D14: =IF(B14=C14,"정상","확인 필요") -> 정상
A15: 시즌1 구약 편수 = 목표 | B15: =COUNTIFS(A타입_제작표!$C$2:$C$799,1,A타입_제작표!$D$2:$D$799,"구약") -> 182 | C15: =안내!$C$11 -> 182 | D15: =IF(B15=C15,"정상","확인 필요") -> 정상
A16: 시즌1 신약 편수 = 목표 | B16: =COUNTIFS(A타입_제작표!$C$2:$C$799,1,A타입_제작표!$D$2:$D$799,"신약") -> 104 | C16: =안내!$C$12 -> 104 | D16: =IF(B16=C16,"정상","확인 필요") -> 정상
A17: 같은 트랙·같은 날 겹친 업로드 | B17: =SUMPRODUCT((COUNTIFS(A타입_제작표!$D$2:$D$799,A타입_제작표!$D$2:$D$799,A타입_제작표!$U$2:$U$799,A타입_제작표!$U$2:$U$799)>1)*1) -> 0 | C17: 0 | D17: =IF(B17=C17,"정상","확인 필요") -> 정상
A18: 시즌 롱폼에 배정되지 않은 편 | B18: =COUNTA(A타입_제작표!$B$2:$B$799)-SUMPRODUCT(COUNTIF(A타입_제작표!$H$2:$H$799,롱폼_시즌별!$B$2:$B$86)) -> 0 | C18: 0 | D18: =IF(B18=C18,"정상","확인 필요") -> 정상
A19: 통합본 B에 배정되지 않은 편 | B19: =COUNTA(A타입_제작표!$B$2:$B$799)-SUMPRODUCT(COUNTIF(A타입_제작표!$G$2:$G$799,롱폼_통합본!$B$2:$B$85)) -> 0 | C19: 0 | D19: =IF(B19=C19,"정상","확인 필요") -> 정상
A20: 시즌2 시작일이 시즌1 종료일보다 뒤인가 (1 = 예) | B20: =IF(안내!$C$10>_xlfn.MAXIFS(A타입_제작표!$U$2:$U$799,A타입_제작표!$C$2:$C$799,1),1,0) -> 1 | C20: 1 | D20: =IF(B20=C20,"정상","확인 필요") -> 정상
A21: 시작일이 월요일인가 (시즌1·2 모두, 2 = 예) | B21: =(WEEKDAY(안내!$C$9,2)=1)+(WEEKDAY(안내!$C$10,2)=1) -> 2 | C21: 2 | D21: =IF(B21=C21,"정상","확인 필요") -> 정상
A22: 전체 결과 | D22: =IF(COUNTIF(D6:D21,"정상")=16,"모두 정상","확인 필요 있음") -> 모두 정상
A25: 2. 권별 점검
A26: 책 | B26: 장 수 | C26: 다룬 장 수 | D26: A 편수 | E26: 시즌1 | F26: 시즌2 | G26: 시즌 합계 | H26: 결과 | I26: 빠진 장 / 비고
A27: 창세기 | B27: 50 | C27: 50 | D27: =COUNTIF(A타입_제작표!$I$2:$I$799,A27) -> 78 | E27: =COUNTIFS(A타입_제작표!$I$2:$I$799,A27,A타입_제작표!$C$2:$C$799,1) -> 42 | F27: =COUNTIFS(A타입_제작표!$I$2:$I$799,A27,A타입_제작표!$C$2:$C$799,2) -> 36 | G27: =E27+F27 -> 78 | H27: =IF(G27=D27,"정상","확인 필요") -> 정상 | I27: 없음 (모든 장 포함)
A28: 출애굽기 | B28: 40 | C28: 40 | D28: =COUNTIF(A타입_제작표!$I$2:$I$799,A28) -> 42 | E28: =COUNTIFS(A타입_제작표!$I$2:$I$799,A28,A타입_제작표!$C$2:$C$799,1) -> 23 | F28: =COUNTIFS(A타입_제작표!$I$2:$I$799,A28,A타입_제작표!$C$2:$C$799,2) -> 19 | G28: =E28+F28 -> 42 | H28: =IF(G28=D28,"정상","확인 필요") -> 정상 | I28: 없음 (모든 장 포함)
A29: 레위기 | B29: 27 | C29: 27 | D29: =COUNTIF(A타입_제작표!$I$2:$I$799,A29) -> 12 | E29: =COUNTIFS(A타입_제작표!$I$2:$I$799,A29,A타입_제작표!$C$2:$C$799,1) -> 1 | F29: =COUNTIFS(A타입_제작표!$I$2:$I$799,A29,A타입_제작표!$C$2:$C$799,2) -> 11 | G29: =E29+F29 -> 12 | H29: =IF(G29=D29,"정상","확인 필요") -> 정상 | I29: 없음 (모든 장 포함)
A30: 민수기 | B30: 36 | C30: 36 | D30: =COUNTIF(A타입_제작표!$I$2:$I$799,A30) -> 22 | E30: =COUNTIFS(A타입_제작표!$I$2:$I$799,A30,A타입_제작표!$C$2:$C$799,1) -> 4 | F30: =COUNTIFS(A타입_제작표!$I$2:$I$799,A30,A타입_제작표!$C$2:$C$799,2) -> 18 | G30: =E30+F30 -> 22 | H30: =IF(G30=D30,"정상","확인 필요") -> 정상 | I30: 없음 (모든 장 포함)
A31: 신명기 | B31: 34 | C31: 34 | D31: =COUNTIF(A타입_제작표!$I$2:$I$799,A31) -> 14 | E31: =COUNTIFS(A타입_제작표!$I$2:$I$799,A31,A타입_제작표!$C$2:$C$799,1) -> 2 | F31: =COUNTIFS(A타입_제작표!$I$2:$I$799,A31,A타입_제작표!$C$2:$C$799,2) -> 12 | G31: =E31+F31 -> 14 | H31: =IF(G31=D31,"정상","확인 필요") -> 정상 | I31: 없음 (모든 장 포함)
A32: 여호수아 | B32: 24 | C32: 24 | D32: =COUNTIF(A타입_제작표!$I$2:$I$799,A32) -> 16 | E32: =COUNTIFS(A타입_제작표!$I$2:$I$799,A32,A타입_제작표!$C$2:$C$799,1) -> 7 | F32: =COUNTIFS(A타입_제작표!$I$2:$I$799,A32,A타입_제작표!$C$2:$C$799,2) -> 9 | G32: =E32+F32 -> 16 | H32: =IF(G32=D32,"정상","확인 필요") -> 정상 | I32: 없음 (모든 장 포함)
A33: 사사기 | B33: 21 | C33: 21 | D33: =COUNTIF(A타입_제작표!$I$2:$I$799,A33) -> 20 | E33: =COUNTIFS(A타입_제작표!$I$2:$I$799,A33,A타입_제작표!$C$2:$C$799,1) -> 6 | F33: =COUNTIFS(A타입_제작표!$I$2:$I$799,A33,A타입_제작표!$C$2:$C$799,2) -> 14 | G33: =E33+F33 -> 20 | H33: =IF(G33=D33,"정상","확인 필요") -> 정상 | I33: 없음 (모든 장 포함)
A34: 룻기 | B34: 4 | C34: 4 | D34: =COUNTIF(A타입_제작표!$I$2:$I$799,A34) -> 5 | E34: =COUNTIFS(A타입_제작표!$I$2:$I$799,A34,A타입_제작표!$C$2:$C$799,1) -> 4 | F34: =COUNTIFS(A타입_제작표!$I$2:$I$799,A34,A타입_제작표!$C$2:$C$799,2) -> 1 | G34: =E34+F34 -> 5 | H34: =IF(G34=D34,"정상","확인 필요") -> 정상 | I34: 없음 (모든 장 포함)
A35: 사무엘상 | B35: 31 | C35: 31 | D35: =COUNTIF(A타입_제작표!$I$2:$I$799,A35) -> 28 | E35: =COUNTIFS(A타입_제작표!$I$2:$I$799,A35,A타입_제작표!$C$2:$C$799,1) -> 12 | F35: =COUNTIFS(A타입_제작표!$I$2:$I$799,A35,A타입_제작표!$C$2:$C$799,2) -> 16 | G35: =E35+F35 -> 28 | H35: =IF(G35=D35,"정상","확인 필요") -> 정상 | I35: 없음 (모든 장 포함)
A36: 사무엘하 | B36: 24 | C36: 24 | D36: =COUNTIF(A타입_제작표!$I$2:$I$799,A36) -> 21 | E36: =COUNTIFS(A타입_제작표!$I$2:$I$799,A36,A타입_제작표!$C$2:$C$799,1) -> 7 | F36: =COUNTIFS(A타입_제작표!$I$2:$I$799,A36,A타입_제작표!$C$2:$C$799,2) -> 14 | G36: =E36+F36 -> 21 | H36: =IF(G36=D36,"정상","확인 필요") -> 정상 | I36: 없음 (모든 장 포함)
A37: 열왕기상 | B37: 22 | C37: 22 | D37: =COUNTIF(A타입_제작표!$I$2:$I$799,A37) -> 23 | E37: =COUNTIFS(A타입_제작표!$I$2:$I$799,A37,A타입_제작표!$C$2:$C$799,1) -> 12 | F37: =COUNTIFS(A타입_제작표!$I$2:$I$799,A37,A타입_제작표!$C$2:$C$799,2) -> 11 | G37: =E37+F37 -> 23 | H37: =IF(G37=D37,"정상","확인 필요") -> 정상 | I37: 없음 (모든 장 포함)
A38: 열왕기하 | B38: 25 | C38: 25 | D38: =COUNTIF(A타입_제작표!$I$2:$I$799,A38) -> 28 | E38: =COUNTIFS(A타입_제작표!$I$2:$I$799,A38,A타입_제작표!$C$2:$C$799,1) -> 10 | F38: =COUNTIFS(A타입_제작표!$I$2:$I$799,A38,A타입_제작표!$C$2:$C$799,2) -> 18 | G38: =E38+F38 -> 28 | H38: =IF(G38=D38,"정상","확인 필요") -> 정상 | I38: 없음 (모든 장 포함)
... A92: 요한계시록 | B92: 22 | C92: 22 | D92: =COUNTIF(A타입_제작표!$I$2:$I$799,A92) -> 22 | E92: =COUNTIFS(A타입_제작표!$I$2:$I$799,A92,A타입_제작표!$C$2:$C$799,1) -> 6 | F92: =COUNTIFS(A타입_제작표!$I$2:$I$799,A92,A타입_제작표!$C$2:$C$799,2) -> 16 | G92: =E92+F92 -> 22 | H92: =IF(G92=D92,"정상","확인 필요") -> 정상 | I92: 없음 (모든 장 포함)
A95: 3. 시즌1 흐름 점검 (건너뛴 구간)
A96: 트랙 | B96: 시즌1 편수 | C96: 바로 이어지는 편 | D96: 건너뛴 구간이 있는 편 | E96: 가장 긴 건너뜀
A97: 구약 | B97: 182 | C97: 83 | D97: 99 | E97: 16편 (구약 #175 '반대로 간 선지자' 앞)
A98: 신약 | B98: 104 | C98: 49 | D98: 55 | E98: 30편 (신약 #098 '믿음장' 앞)
A100: ※ 건너뛴 구간이 있는 편은 A타입_제작표 '연결 내레이션' 칸에 건너뛴 편 목록이 적혀 있습니다. 대본 작성 시 1~2문장으로 이어 주세요.
A101: ※ 이 시트 2번의 '다룬 장 수'와 '빠진 장'은 제작표를 만들 때 스크립트가 본문 범위를 장 단위로 검사한 결과입니다.

Sheet 권별요약
A1: 순서 | B1: 책 | C1: 약어 | D1: 구약/신약 | E1: 장르 | F1: 장 수 | G1: A 편수 | H1: 시즌1 | I1: 시즌2 | J1: 통합본 B 수 | K1: 숏폼 분량(분) | L1: 성경 순서 시작 | M1: 성경 순서 끝 | N1: 분할 방식
A2: 1 | B2: 창세기 | C2: 창 | D2: 구약 | E2: 율법서 | F2: 50 | G2: =COUNTIF(A타입_제작표!$I$2:$I$799,B2) -> 78 | H2: =COUNTIFS(A타입_제작표!$I$2:$I$799,B2,A타입_제작표!$C$2:$C$799,1) -> 42 | I2: =COUNTIFS(A타입_제작표!$I$2:$I$799,B2,A타입_제작표!$C$2:$C$799,2) -> 36 | J2: =SUMPRODUCT((A타입_제작표!$I$2:$I$799=B2)/COUNTIFS(A타입_제작표!$I$2:$I$799,A타입_제작표!$I$2:$I$799,A타입_제작표!$G$2:$G$799,A타입_제작표!$G$2:$G$799)) -> 9 | K2: =ROUND(G2*안내!$C$6/60,1) -> 78 | L2: =_xlfn.MINIFS(A타입_제작표!$A$2:$A$799,A타입_제작표!$I$2:$I$799,B2) -> 1 | M2: =_xlfn.MAXIFS(A타입_제작표!$A$2:$A$799,A타입_제작표!$I$2:$I$799,B2) -> 78 | N2: 전체 장을 순서대로 빠짐없이 분할
A3: 2 | B3: 출애굽기 | C3: 출 | D3: 구약 | E3: 율법서 | F3: 40 | G3: =COUNTIF(A타입_제작표!$I$2:$I$799,B3) -> 42 | H3: =COUNTIFS(A타입_제작표!$I$2:$I$799,B3,A타입_제작표!$C$2:$C$799,1) -> 23 | I3: =COUNTIFS(A타입_제작표!$I$2:$I$799,B3,A타입_제작표!$C$2:$C$799,2) -> 19 | J3: =SUMPRODUCT((A타입_제작표!$I$2:$I$799=B3)/COUNTIFS(A타입_제작표!$I$2:$I$799,A타입_제작표!$I$2:$I$799,A타입_제작표!$G$2:$G$799,A타입_제작표!$G$2:$G$799)) -> 5 | K3: =ROUND(G3*안내!$C$6/60,1) -> 42 | L3: =_xlfn.MINIFS(A타입_제작표!$A$2:$A$799,A타입_제작표!$I$2:$I$799,B3) -> 79 | M3: =_xlfn.MAXIFS(A타입_제작표!$A$2:$A$799,A타입_제작표!$I$2:$I$799,B3) -> 120 | N3: 전체 장을 순서대로 빠짐없이 분할
A4: 3 | B4: 레위기 | C4: 레 | D4: 구약 | E4: 율법서 | F4: 27 | G4: =COUNTIF(A타입_제작표!$I$2:$I$799,B4) -> 12 | H4: =COUNTIFS(A타입_제작표!$I$2:$I$799,B4,A타입_제작표!$C$2:$C$799,1) -> 1 | I4: =COUNTIFS(A타입_제작표!$I$2:$I$799,B4,A타입_제작표!$C$2:$C$799,2) -> 11 | J4: =SUMPRODUCT((A타입_제작표!$I$2:$I$799=B4)/COUNTIFS(A타입_제작표!$I$2:$I$799,A타입_제작표!$I$2:$I$799,A타입_제작표!$G$2:$G$799,A타입_제작표!$G$2:$G$799)) -> 1 | K4: =ROUND(G4*안내!$C$6/60,1) -> 12 | L4: =_xlfn.MINIFS(A타입_제작표!$A$2:$A$799,A타입_제작표!$I$2:$I$799,B4) -> 121 | M4: =_xlfn.MAXIFS(A타입_제작표!$A$2:$A$799,A타입_제작표!$I$2:$I$799,B4) -> 132 | N4: 전체 장을 순서대로 빠짐없이 분할
A5: 4 | B5: 민수기 | C5: 민 | D5: 구약 | E5: 율법서 | F5: 36 | G5: =COUNTIF(A타입_제작표!$I$2:$I$799,B5) -> 22 | H5: =COUNTIFS(A타입_제작표!$I$2:$I$799,B5,A타입_제작표!$C$2:$C$799,1) -> 4 | I5: =COUNTIFS(A타입_제작표!$I$2:$I$799,B5,A타입_제작표!$C$2:$C$799,2) -> 18 | J5: =SUMPRODUCT((A타입_제작표!$I$2:$I$799=B5)/COUNTIFS(A타입_제작표!$I$2:$I$799,A타입_제작표!$I$2:$I$799,A타입_제작표!$G$2:$G$799,A타입_제작표!$G$2:$G$799)) -> 2 | K5: =ROUND(G5*안내!$C$6/60,1) -> 22 | L5: =_xlfn.MINIFS(A타입_제작표!$A$2:$A$799,A타입_제작표!$I$2:$I$799,B5) -> 133 | M5: =_xlfn.MAXIFS(A타입_제작표!$A$2:$A$799,A타입_제작표!$I$2:$I$799,B5) -> 154 | N5: 전체 장을 순서대로 빠짐없이 분할
A6: 5 | B6: 신명기 | C6: 신 | D6: 구약 | E6: 율법서 | F6: 34 | G6: =COUNTIF(A타입_제작표!$I$2:$I$799,B6) -> 14 | H6: =COUNTIFS(A타입_제작표!$I$2:$I$799,B6,A타입_제작표!$C$2:$C$799,1) -> 2 | I6: =COUNTIFS(A타입_제작표!$I$2:$I$799,B6,A타입_제작표!$C$2:$C$799,2) -> 12 | J6: =SUMPRODUCT((A타입_제작표!$I$2:$I$799=B6)/COUNTIFS(A타입_제작표!$I$2:$I$799,A타입_제작표!$I$2:$I$799,A타입_제작표!$G$2:$G$799,A타입_제작표!$G$2:$G$799)) -> 1 | K6: =ROUND(G6*안내!$C$6/60,1) -> 14 | L6: =_xlfn.MINIFS(A타입_제작표!$A$2:$A$799,A타입_제작표!$I$2:$I$799,B6) -> 155 | M6: =_xlfn.MAXIFS(A타입_제작표!$A$2:$A$799,A타입_제작표!$I$2:$I$799,B6) -> 168 | N6: 전체 장을 순서대로 빠짐없이 분할
A7: 6 | B7: 여호수아 | C7: 수 | D7: 구약 | E7: 역사서 | F7: 24 | G7: =COUNTIF(A타입_제작표!$I$2:$I$799,B7) -> 16 | H7: =COUNTIFS(A타입_제작표!$I$2:$I$799,B7,A타입_제작표!$C$2:$C$799,1) -> 7 | I7: =COUNTIFS(A타입_제작표!$I$2:$I$799,B7,A타입_제작표!$C$2:$C$799,2) -> 9 | J7: =SUMPRODUCT((A타입_제작표!$I$2:$I$799=B7)/COUNTIFS(A타입_제작표!$I$2:$I$799,A타입_제작표!$I$2:$I$799,A타입_제작표!$G$2:$G$799,A타입_제작표!$G$2:$G$799)) -> 2 | K7: =ROUND(G7*안내!$C$6/60,1) -> 16 | L7: =_xlfn.MINIFS(A타입_제작표!$A$2:$A$799,A타입_제작표!$I$2:$I$799,B7) -> 169 | M7: =_xlfn.MAXIFS(A타입_제작표!$A$2:$A$799,A타입_제작표!$I$2:$I$799,B7) -> 184 | N7: 전체 장을 순서대로 빠짐없이 분할
A8: 7 | B8: 사사기 | C8: 삿 | D8: 구약 | E8: 역사서 | F8: 21 | G8: =COUNTIF(A타입_제작표!$I$2:$I$799,B8) -> 20 | H8: =COUNTIFS(A타입_제작표!$I$2:$I$799,B8,A타입_제작표!$C$2:$C$799,1) -> 6 | I8: =COUNTIFS(A타입_제작표!$I$2:$I$799,B8,A타입_제작표!$C$2:$C$799,2) -> 14 | J8: =SUMPRODUCT((A타입_제작표!$I$2:$I$799=B8)/COUNTIFS(A타입_제작표!$I$2:$I$799,A타입_제작표!$I$2:$I$799,A타입_제작표!$G$2:$G$799,A타입_제작표!$G$2:$G$799)) -> 2 | K8: =ROUND(G8*안내!$C$6/60,1) -> 20 | L8: =_xlfn.MINIFS(A타입_제작표!$A$2:$A$799,A타입_제작표!$I$2:$I$799,B8) -> 185 | M8: =_xlfn.MAXIFS(A타입_제작표!$A$2:$A$799,A타입_제작표!$I$2:$I$799,B8) -> 204 | N8: 전체 장을 순서대로 빠짐없이 분할
A9: 8 | B9: 룻기 | C9: 룻 | D9: 구약 | E9: 역사서 | F9: 4 | G9: =COUNTIF(A타입_제작표!$I$2:$I$799,B9) -> 5 | H9: =COUNTIFS(A타입_제작표!$I$2:$I$799,B9,A타입_제작표!$C$2:$C$799,1) -> 4 | I9: =COUNTIFS(A타입_제작표!$I$2:$I$799,B9,A타입_제작표!$C$2:$C$799,2) -> 1 | J9: =SUMPRODUCT((A타입_제작표!$I$2:$I$799=B9)/COUNTIFS(A타입_제작표!$I$2:$I$799,A타입_제작표!$I$2:$I$799,A타입_제작표!$G$2:$G$799,A타입_제작표!$G$2:$G$799)) -> 1 | K9: =ROUND(G9*안내!$C$6/60,1) -> 5 | L9: =_xlfn.MINIFS(A타입_제작표!$A$2:$A$799,A타입_제작표!$I$2:$I$799,B9) -> 205 | M9: =_xlfn.MAXIFS(A타입_제작표!$A$2:$A$799,A타입_제작표!$I$2:$I$799,B9) -> 209 | N9: 전체 장을 순서대로 빠짐없이 분할
A10: 9 | B10: 사무엘상 | C10: 삼상 | D10: 구약 | E10: 역사서 | F10: 31 | G10: =COUNTIF(A타입_제작표!$I$2:$I$799,B10) -> 28 | H10: =COUNTIFS(A타입_제작표!$I$2:$I$799,B10,A타입_제작표!$C$2:$C$799,1) -> 12 | I10: =COUNTIFS(A타입_제작표!$I$2:$I$799,B10,A타입_제작표!$C$2:$C$799,2) -> 16 | J10: =SUMPRODUCT((A타입_제작표!$I$2:$I$799=B10)/COUNTIFS(A타입_제작표!$I$2:$I$799,A타입_제작표!$I$2:$I$799,A타입_제작표!$G$2:$G$799,A타입_제작표!$G$2:$G$799)) -> 4 | K10: =ROUND(G10*안내!$C$6/60,1) -> 28 | L10: =_xlfn.MINIFS(A타입_제작표!$A$2:$A$799,A타입_제작표!$I$2:$I$799,B10) -> 210 | M10: =_xlfn.MAXIFS(A타입_제작표!$A$2:$A$799,A타입_제작표!$I$2:$I$799,B10) -> 237 | N10: 전체 장을 순서대로 빠짐없이 분할
A11: 10 | B11: 사무엘하 | C11: 삼하 | D11: 구약 | E11: 역사서 | F11: 24 | G11: =COUNTIF(A타입_제작표!$I$2:$I$799,B11) -> 21 | H11: =COUNTIFS(A타입_제작표!$I$2:$I$799,B11,A타입_제작표!$C$2:$C$799,1) -> 7 | I11: =COUNTIFS(A타입_제작표!$I$2:$I$799,B11,A타입_제작표!$C$2:$C$799,2) -> 14 | J11: =SUMPRODUCT((A타입_제작표!$I$2:$I$799=B11)/COUNTIFS(A타입_제작표!$I$2:$I$799,A타입_제작표!$I$2:$I$799,A타입_제작표!$G$2:$G$799,A타입_제작표!$G$2:$G$799)) -> 3 | K11: =ROUND(G11*안내!$C$6/60,1) -> 21 | L11: =_xlfn.MINIFS(A타입_제작표!$A$2:$A$799,A타입_제작표!$I$2:$I$799,B11) -> 238 | M11: =_xlfn.MAXIFS(A타입_제작표!$A$2:$A$799,A타입_제작표!$I$2:$I$799,B11) -> 258 | N11: 전체 장을 순서대로 빠짐없이 분할
A12: 11 | B12: 열왕기상 | C12: 왕상 | D12: 구약 | E12: 역사서 | F12: 22 | G12: =COUNTIF(A타입_제작표!$I$2:$I$799,B12) -> 23 | H12: =COUNTIFS(A타입_제작표!$I$2:$I$799,B12,A타입_제작표!$C$2:$C$799,1) -> 12 | I12: =COUNTIFS(A타입_제작표!$I$2:$I$799,B12,A타입_제작표!$C$2:$C$799,2) -> 11 | J12: =SUMPRODUCT((A타입_제작표!$I$2:$I$799=B12)/COUNTIFS(A타입_제작표!$I$2:$I$799,A타입_제작표!$I$2:$I$799,A타입_제작표!$G$2:$G$799,A타입_제작표!$G$2:$G$799)) -> 3 | K12: =ROUND(G12*안내!$C$6/60,1) -> 23 | L12: =_xlfn.MINIFS(A타입_제작표!$A$2:$A$799,A타입_제작표!$I$2:$I$799,B12) -> 259 | M12: =_xlfn.MAXIFS(A타입_제작표!$A$2:$A$799,A타입_제작표!$I$2:$I$799,B12) -> 281 | N12: 전체 장을 순서대로 빠짐없이 분할
A13: 12 | B13: 열왕기하 | C13: 왕하 | D13: 구약 | E13: 역사서 | F13: 25 | G13: =COUNTIF(A타입_제작표!$I$2:$I$799,B13) -> 28 | H13: =COUNTIFS(A타입_제작표!$I$2:$I$799,B13,A타입_제작표!$C$2:$C$799,1) -> 10 | I13: =COUNTIFS(A타입_제작표!$I$2:$I$799,B13,A타입_제작표!$C$2:$C$799,2) -> 18 | J13: =SUMPRODUCT((A타입_제작표!$I$2:$I$799=B13)/COUNTIFS(A타입_제작표!$I$2:$I$799,A타입_제작표!$I$2:$I$799,A타입_제작표!$G$2:$G$799,A타입_제작표!$G$2:$G$799)) -> 4 | K13: =ROUND(G13*안내!$C$6/60,1) -> 28 | L13: =_xlfn.MINIFS(A타입_제작표!$A$2:$A$799,A타입_제작표!$I$2:$I$799,B13) -> 282 | M13: =_xlfn.MAXIFS(A타입_제작표!$A$2:$A$799,A타입_제작표!$I$2:$I$799,B13) -> 309 | N13: 전체 장을 순서대로 빠짐없이 분할
... A67: 66 | B67: 요한계시록 | C67: 계 | D67: 신약 | E67: 예언서 | F67: 22 | G67: =COUNTIF(A타입_제작표!$I$2:$I$799,B67) -> 22 | H67: =COUNTIFS(A타입_제작표!$I$2:$I$799,B67,A타입_제작표!$C$2:$C$799,1) -> 6 | I67: =COUNTIFS(A타입_제작표!$I$2:$I$799,B67,A타입_제작표!$C$2:$C$799,2) -> 16 | J67: =SUMPRODUCT((A타입_제작표!$I$2:$I$799=B67)/COUNTIFS(A타입_제작표!$I$2:$I$799,A타입_제작표!$I$2:$I$799,A타입_제작표!$G$2:$G$799,A타입_제작표!$G$2:$G$799)) -> 2 | K67: =ROUND(G67*안내!$C$6/60,1) -> 22 | L67: =_xlfn.MINIFS(A타입_제작표!$A$2:$A$799,A타입_제작표!$I$2:$I$799,B67) -> 777 | M67: =_xlfn.MAXIFS(A타입_제작표!$A$2:$A$799,A타입_제작표!$I$2:$I$799,B67) -> 798 | N67: 전체 장을 순서대로 빠짐없이 분할
B68: 합계 | F68: =SUM(F2:F67) -> 1189 | G68: =SUM(G2:G67) -> 798 | H68: =SUM(H2:H67) -> 286 | I68: =SUM(I2:I67) -> 512 | K68: =SUM(K2:K67) -> 798

Sheet 인물_캐릭터시트
A1: ID | B1: 인물 | C1: 집계 키워드 | D1: 구분 | E1: 주요 등장 | F1: 연령 단계 | G1: 외형 (가안) | H1: 의상·소품 (가안) | I1: 연기 톤 | J1: 표현 주의 | K1: 등장 A 편수
A2: C01 | B2: 성부 하나님 | C2: 하나님 | D2: 삼위 하나님 | E2: 전권 | F2: - | G2: 사람 형상 없음 | H2: 빛, 구름, 불꽃, 폭풍, 음성 | I2: 깊고 따뜻한 저음, 은은한 울림. 내레이터와 다른 목소리 | J2: 얼굴·몸·노인 형상 절대 금지(대요리문답 109문, 신 4:15-16) | K2: =COUNTIF(A타입_제작표!$P$2:$P$799,"*"&C2&"*") -> 31
A3: C02 | B3: 성자 예수님 | C3: 예수님 | D3: 삼위 하나님 | E3: 복음서·사도행전·계시록 | F3: 아기, 12세, 30대 | G3: 30대 초반 중동계 남성, 올리브빛 피부, 어깨 길이 짙은 갈색 머리, 짧은 수염 (가안) | H3: 연한 베이지 튜닉, 짙은 청색 겉옷, 샌들 (가안) | I3: 온화하고 단호함. 과장된 표정 금지 | J3: 절충안: 역광·측면 위주, 얼굴 클로즈업 최소화. 십자가 잔혹 묘사 금지. 시리즈 내내 단일 디자인 고정 | K3: =COUNTIF(A타입_제작표!$P$2:$P$799,"*"&C3&"*") -> 103
A4: C03 | B4: 성령 | C4: 성령 | D4: 삼위 하나님 | E4: 전권 | F4: - | G4: 사람 형상 없음 | H4: 비둘기, 불의 혀, 바람, 생수 | I4: - | J4: 성경에 나오는 상징만 사용 | K4: =COUNTIF(A타입_제작표!$P$2:$P$799,"*"&C4&"*") -> 1
A5: C04 | B5: 천사 (가브리엘·미가엘 등) | C5: 천사 | D5: 영적 존재 | E5: 전권 | F5: - | G5: 빛나는 성인 남성 형상, 신비로운 분위기 | H5: 흰 세마포 옷, 은은한 빛 | I5: 위엄 있고 차분함 | J5: 아기천사(큐피드)·여성화·과장된 날개 금지. 그룹·스랍만 성경 묘사대로 날개 표현 | K5: =COUNTIF(A타입_제작표!$P$2:$P$799,"*"&C5&"*") -> 20
A6: C05 | B6: 사탄 / 에덴의 뱀 | C6: 사탄 | D6: 영적 존재 | E6: 창세기·욥기·복음서·계시록 | F6: - | G6: 에덴: 실제 뱀(교활한 눈빛). 그 외: 형체 없는 그림자 | H6: - | I6: 부드럽고 속이는 말투 | J6: 뿔·삼지창·빨간 악마 금지. 공포 연출 최소화. 하나님 허락 아래 제한된 존재로 | K6: =COUNTIF(A타입_제작표!$P$2:$P$799,"*"&C6&"*") -> 2
A7: C06 | B7: 아담 | C7: 아담 | D7: 구약 | E7: 창 1~5 | F7: 청년~노년 | G7: 건장한 청년, 갈색 피부, 곱슬 머리 | H7: 에덴: 식물로 자연스럽게 가림 / 이후 가죽옷 | I7: 순수함→부끄러움 | J7: 노출 금지 | K7: =COUNTIF(A타입_제작표!$P$2:$P$799,"*"&C7&"*") -> 10
A8: C07 | B8: 하와 | C8: 하와 | D8: 구약 | E8: 창 1~4 | F8: 청년~장년 | G8: 긴 검은 곱슬머리, 갈색 피부 | H8: 에덴: 긴 머리·식물로 가림 / 이후 가죽옷 | I8: 호기심→후회 | J8: 노출 금지. 타락의 책임을 여성에게만 돌리는 연출 금지 | K8: =COUNTIF(A타입_제작표!$P$2:$P$799,"*"&C8&"*") -> 6
A9: C08 | B9: 가인 / 아벨 | C9: 가인 | D9: 구약 | E9: 창 4 | F9: 청년 | G9: 가인: 굵은 체격 농부 / 아벨: 마른 체격 목자 | H9: 가인: 흙빛 옷·농기구 / 아벨: 양털 옷·지팡이 | I9: 가인: 분노 억누름 / 아벨: 온화함 | J9: 살해 장면 직접 묘사 금지 | K9: =COUNTIF(A타입_제작표!$P$2:$P$799,"*"&C9&"*") -> 2
A10: C09 | B10: 노아 | C10: 노아 | D10: 구약 | E10: 창 5~9 | F10: 500~600세(노년) | G10: 흰 긴 수염, 굵은 팔, 주름진 따뜻한 눈 | H10: 갈색 양모 겉옷, 망치·목재 | I10: 묵묵하고 성실함 | J10: - | K10: =COUNTIF(A타입_제작표!$P$2:$P$799,"*"&C10&"*") -> 10
A11: C10 | B11: 아브라함 (아브람) | C11: 아브라함 | D11: 구약 | E11: 창 11~25 | F11: 75세~175세 | G11: 회색→흰 수염, 키 크고 마른 체격 | H11: 줄무늬 양모 겉옷, 지팡이, 장막 | I11: 믿음과 흔들림이 공존 | J11: 연령별 2단계(75세/100세 이후) 시트 분리 | K11: =COUNTIF(A타입_제작표!$P$2:$P$799,"*"&C11&"*") -> 15
A12: C11 | B12: 사라 (사래) | C12: 사라 | D12: 구약 | E12: 창 11~23 | F12: 65세~127세 | G12: 기품 있는 얼굴, 은빛이 섞인 머리 | H12: 청색 머릿수건, 고운 겉옷 | I12: 웃음과 기다림 | J12: - | K12: =COUNTIF(A타입_제작표!$P$2:$P$799,"*"&C12&"*") -> 4
A13: C12 | B13: 이삭 | C13: 이삭 | D13: 구약 | E13: 창 21~35 | F13: 소년~노년 | G13: 온순한 인상, 아버지 닮은 얼굴 | H13: 흰색·베이지 겉옷 | I13: 조용하고 온순함 | J13: 모리아 장면 칼·결박 공포 연출 금지 | K13: =COUNTIF(A타입_제작표!$P$2:$P$799,"*"&C13&"*") -> 10
... A69: C68 | B69: 진행 캐릭터: 할아버지 장로님 (가안) | C69: 할아버지 | D69: 진행자 | E69: B타입 인트로·아웃트로, 내레이션 후보 | F69: 70대 | G69: 참고 영상 분석 후 확정 | H69: 카디건, 손때 묻은 성경책 | I69: 따뜻한 이야기꾼 | J69: 실존 인물과 닮지 않게 | K69: =COUNTIF(A타입_제작표!$P$2:$P$799,"*"&C69&"*") -> 0
A71: ※ 외형·의상(노란 칸)은 가안입니다. 참고 영상 분석 후 화풍과 함께 확정하세요.
A72: ※ '등장 A 편수'는 A타입 등장인물 칸에 키워드가 들어간 편수(동명이인 포함 가능).
A73: ※ 기존 애니메이션(슈퍼북 등) 캐릭터와 외형·의상·색 조합이 닮지 않게 디자인하세요.

Sheet 교리감수_기준
A1: 교리 감수 기준 (대한예수교장로회 합동측)
A2: 모든 대본과 영상은 아래 기준으로 감수합니다.
A4: 1. 신앙 표준
A5: 항목 | B5: 기준
A6: 성경 | B6: 개역개정 성경 66권만 정경으로 사용. 외경·위경(에녹서 등) 내용 사용 금지
A7: 신앙 표준 | B7: 웨스트민스터 신앙고백, 대요리문답, 소요리문답 (대한예수교장로회 합동 헌법)
A8: 해석 원칙 | B8: 성경으로 성경을 해석. 문맥·역사적 배경 중심, 구속사(그리스도 중심) 관점. 자의적 비유 풀이 금지(벧후 1:20)
A9: 최종 확인 | B9: 이단 관련 판단은 총회 이단(사이비)대책위원회의 최신 결의를 기준으로 확인
A11: 2. 핵심 교리 체크 (대본마다 확인)
A12: 교리 | B12: 근거 본문 | C12: 점검 질문 | D12: 확인
A13: 성경의 영감과 무오 | B13: 딤후 3:16, 벧후 1:21 | C13: 성경에 없는 내용을 사실처럼 단정하지 않았는가? 새 계시·직통 계시를 암시하지 않았는가? | D13: □
A14: 삼위일체 | B14: 마 3:16-17, 28:19 | C14: 성부·성자·성령을 한 분 하나님의 세 위격으로 표현했는가? 양태론(한 분이 모양만 바꿈) 연출은 없는가? | D14: □
A15: 그리스도의 신성과 인성 | B15: 요 1:1, 14 / 빌 2:6-8 | C15: 예수님을 단지 훌륭한 선생이나 피조물로 그리지 않았는가? | D15: □
A16: 동정녀 탄생 | B16: 마 1:18-25 / 눅 1:35 | C16: 성령으로 잉태됨을 분명히 했는가? | D16: □
A17: 대속의 죽음 | B17: 사 53:5 / 막 10:45 | C17: 십자가를 단순한 순교·모범이 아닌 우리 죄를 대신 지신 죽음으로 설명했는가? | D17: □
A18: 육체 부활과 승천, 재림 | B18: 고전 15:3-8 / 행 1:11 | C18: 부활을 상징이 아닌 역사적 사실로 표현했는가? 재림 날짜를 암시하지 않았는가? | D18: □
A19: 이신칭의 (오직 믿음, 오직 은혜) | B19: 롬 3:24, 엡 2:8-9 | C19: 구원을 행위·율법 준수·특정 단체 소속의 대가로 표현하지 않았는가? | D19: □
A20: 예정과 하나님의 주권 | B20: 엡 1:4-5 / 롬 9~11 | C20: 선택을 숙명론이나 '노력하면 선택된다'로 왜곡하지 않았는가? | D20: □
A21: 원죄와 전적 부패 | B21: 롬 3:10, 5:12 | C21: 사람이 스스로 착해서 구원받는 것처럼 표현하지 않았는가? | D21: □
A22: 성령의 사역 | B22: 요 14:16-17, 행 2 | C22: 성령을 특정 인물(교주)이나 단체와 동일시하지 않았는가? | D22: □
A23: 교회와 성례 | B23: 마 28:19, 고전 11:23-26 | C23: 성례는 세례와 성찬 두 가지. 성찬은 화체설이 아닌 영적 임재(개혁주의) | D23: □
... A26: 구속사 관점 | B26: 눅 24:27 | C26: 도덕 교훈('다윗처럼 용감하자')에서 끝나지 않고 그리스도를 가리켰는가? | D26: □
A28: 3. 이단 해석 경계 목록 (한국 교계가 이단·사이비로 규정하거나 경계해 온 해석)
A29: 단체·사상 | B29: 핵심 오류 | C29: 오용하는 본문 | D29: 제작 지침
A30: 신천지 (이만희) | B30: 비유 '짝' 풀이, 계시록 '실상' 성취, 이긴 자·보혜사·두 증인 자칭, 144,000, 배도-멸망-구원 | C30: 마 13장 비유, 요 14:16(보혜사), 계 2~3장, 7장, 11장, 12장, 14장 | D30: 비유는 예수님 자신의 해석만 사용. 계시록 상징을 실존 인물·장소·단체에 대입 금지
A31: 하나님의교회 세계복음선교협회 (안상홍) | B31: '어머니 하나님', 안상홍 재림 그리스도, 유월절 지켜야 구원, 토요 안식일 | C31: 계 22:17, 갈 4:26, 렘 31:22, 눅 22장, 출 12장 | D31: '신부'·'예루살렘'을 여성 신으로 해석 금지. 유월절은 그리스도 안에서 성취
A32: 통일교 (세계평화통일가정연합) | B32: 하와와 뱀의 성적 타락(혈통 타락), 문선명 재림주 | C32: 창 3장 | D32: 선악과 사건을 성적으로 해석·연출 절대 금지. 뱀은 뱀, 열매는 열매
A33: JMS 기독교복음선교회 (정명석) | B33: 30개론, 성적 타락 해석, 정명석 메시아 | C33: 창 3장, 비유 본문 | D33: 통일교와 같은 창 3장 해석 경계
A34: 구원파 (기독교복음침례회 등) | B34: 깨달음으로 구원, 구원받은 날짜 기억, 회개 불필요 | C34: 롬 3장, 히 10장, 요일 1:9 | D34: 구원 확신을 '깨달은 날짜'로 연출 금지. 회개와 성화 강조
A35: 여호와의 증인 | B35: 삼위일체 부정, 예수님은 피조물, '말씀은 신'이라는 번역, 수혈 거부, 144,000 | C35: 요 1:1, 골 1:15, 잠 8:22, 레 17:11, 계 7·14장 | D35: 그리스도의 완전한 신성 강조. '먼저 나신 이'는 피조물이 아님
A36: 제칠일안식일예수재림교 | B36: 토요 안식일 준수 강조, 엘렌 G. 화이트 예언 | C36: 출 20:8-11, 마 12장 | D36: 주일 성수(웨신 21장). 안식일 장면은 그리스도 안의 안식으로 설명
A37: 몰몬교 (말일성도예수그리스도교회) | B37: 몰몬경 등 추가 경전, 다신론적 신관 | C37: 계 22:18-19, 갈 1:8 | D37: 성경 66권 외 계시 부정
A38: 시한부 종말론 (예: 1992 다미선교회 등) | B38: 재림 날짜 지정, 숫자 계산(70이레, 1260일 등) | C38: 단 9장, 마 24장, 계 11~13장, 살전 4장 | D38: '그날과 그때는 아무도 모른다'(마 24:36)를 원칙으로
A39: 다락방 (류광수) 등 직통계시·신비주의 | B39: 특정 지도자 계시 강조, 귀신론 과장 | C39: 엡 6장, 막 5장 등 축귀 본문 | D39: 축귀 장면 공포 연출 금지. 말씀 중심 설명
A40: 번영신학·기복신앙 | B40: 믿음 = 부와 건강, 헌금 = 복의 투자 | C40: 신 28장, 말 3:10, 대상 4:10, 요삼 1:2, 빌 4:13 | D40: 고난 속 신실함, 자족, 하나님 자신이 복임을 강조
A42: 4. 연출·표현 원칙
A43: 원칙 | B43: 내용
A44: 성경 외 내용 표시 | B44: 성경에 없는 대사·장면은 최소화. 필요한 경우 대본에 '상상 장면'으로 표시하고 감수
A45: 전승과 사실 구분 | B45: 동방 박사 '세 명'과 이름, 선악과 '사과', 막달라 마리아=죄 많은 여인 등은 성경 사실처럼 단정 금지
A46: 폭력·성적 장면 | B46: 살해·처형·성범죄·전쟁 유혈은 직접 묘사 금지. 실루엣·소리·내레이션으로 처리
A47: 공포 연출 | B47: 귀신·사탄·심판·재앙 장면은 아이들이 시청 가능한 수준으로 절제. 소망과 하나님의 승리로 마무리
A48: 인물 숭배 금지 | B48: 마리아·사도·성인에게 후광·경배 연출 금지. 영광은 하나님께만
A49: 성경 인용 | B49: 핵심 구절은 개역개정 원문과 한 글자씩 대조. 장절 표기 필수(예: 창 1:1, 개역개정)
A50: 하나님의 감정 표현 | B50: '한탄하셨다', '뜻을 돌이키셨다' 등은 사람의 말로 표현한 것임을 필요시 설명(하나님은 변하지 않으심)
A51: 유머 사용 | B51: 인물의 실수(요나 등)는 재미있게 연출 가능. 하나님·예수님·성령은 희화화 금지
A53: 5. 감수 절차
A54: 단계 | B54: 내용 | C54: 담당
A55: 1. 대본 작성 | B55: 제작표의 본문·핵심 구절·주의 칸을 기준으로 대본 작성 | C55: 작성자
A56: 2. 자체 점검 | B56: 본 시트의 '핵심 교리 체크'와 '이단 해석 경계' 항목 확인 | C56: 작성자
A57: 3. 성경 대조 | B57: 핵심 구절·장절·인명·지명을 개역개정과 대조 | C57: 작성자
A58: 4. 목회자 감수 | B58: 담당 목사님께 대본 제출 → 수정 요청 반영 | C58: 감수 목사님
A59: 5. 영상 감수 | B59: 완성 영상의 하나님·예수님 표현, 자막, 연출 최종 확인 | C59: 감수 목사님
A60: 6. 승인 기록 | B60: A타입_제작표의 '교리감수' 칸을 '완료'로 변경하고 비고에 감수자·날짜 기록 | C60: 제작 책임자

Sheet 제작템플릿
A1: 제작 템플릿
A2: A·B타입 구성, 프롬프트, 기술 규격, 업로드 체크리스트 (화풍 관련 항목은 참고 영상 분석 후 확정)
A4: 1. A타입(숏폼 60초) 구성 공식
A5: 구간 | B5: 내용 | C5: 제작표 연결 칸 | D5: 컷 수
A6: 0~3초 훅 | B6: 질문·반전·놀라운 사실 한 줄. 첫 컷은 가장 강한 장면 | C6: 첫 3초 훅 | D6: 1
A7: 3~10초 상황 | B7: 배경과 인물 소개 | C7: 장소·배경 / 등장인물 | D7: 1~2
A8: 10~40초 사건 | B8: 사건 전개. 컷당 5~8초 | C8: 본문 | D8: 4~5
A9: 40~50초 절정 | B9: 핵심 구절을 화면 가운데 큰 자막으로 (장절·개역개정 표기) | C9: 핵심 구절 | D9: 1
A10: 50~57초 메시지 | B10: 한 줄 메시지 + 그리스도 연결 | C10: 한 줄 메시지 | D10: 1
A11: 57~60초 진행자 | B11: 진행 캐릭터 2~3초: "다음 편: ○○" → 첫 장면과 이어지게 반복 시청 유도 | C11: 다음 편 예고 | D11: 1
A12: 분량 | B12: 내레이션 약 230~260음절(차분한 속도). 총 컷 8~10개 | C12: - | D12: 8~10
A14: 2. B타입(롱폼) 구성 공식
A15: 구간 | B15: 내용 | C15: 제작표 연결 칸 | D15: 길이
A16: 인트로 | B16: 하람·은솔 가족의 일상 고민 → 할아버지가 성경을 펼침 | C16: B: 진행자 인트로 질문 | D16: 약 30초
A17: 본편 | B17: A타입 편들을 순서대로 연결. 각 편의 '다음 편' 예고는 빼고 연결 내레이션으로 대체 | C17: A타입 목록 | D17: 편당 약 52초
A18: 중간 질문 | B18: "여러분이라면 어떻게 했을까요?" (분반 토론·댓글 유도) | C18: - | D18: 약 10초
A19: 아웃트로 | B19: 그리스도 연결점 정리 → 삶의 적용 → 짧은 기도 → 다음 B 예고 | C19: B: 그리스도 연결점 | D19: 약 60초
A20: 설명란 | B20: 챕터 타임스탬프(A별), 본문 범위, 분반 질문 3개, 암송 구절 | C20: - | D20: -
A22: 3. 프롬프트 5블록 구조 (영문, AI 영상 생성용)
A23: 블록 | B23: 예시 (가안) | C23: 작성 원칙 | D23: 변경 주기
A24: ① 스타일 고정 | B24: stylized 3D animated feature film, cinematic lighting, ancient Near East setting, warm color grading, soft volumetric light, vertical 9:16 | C24: 참고 영상 분석 후 확정. 다른 작품명·회사명 넣지 않기 | D24: 시리즈 고정
A25: ② 캐릭터 시트 | B25: NOAH: elderly Middle Eastern man, long white beard, strong forearms, brown wool robe, kind tired eyes | C25: 인물_캐릭터시트에서 복사. 같은 인물은 항상 같은 문장 | D25: 인물별 고정
A26: ③ 장면 | B26: Noah hammering the last plank of a giant wooden ark at sunset, neighbors mocking in the distance | C26: 제작표의 본문·장소·배경으로 작성 | D26: 컷마다
A27: ④ 카메라 | B27: slow low-angle push-in, 6 seconds | C27: 컷 길이 5~8초 | D27: 컷마다
A28: ⑤ 금지 요소 | B28: no text, no logos, no modern objects, no depiction of God's face or body, no gore, no nudity, no medieval European costume, no halo on humans | C28: 교리감수_기준의 표현 원칙 반영 | D28: 시리즈 고정
A30: 4. 기술 규격
A31: 항목 | B31: 규격 | C31: 비고
A32: 숏폼 화면 | B32: 1080×1920 (9:16), 30fps | C32: 상단 약 250px·하단 약 400px는 플랫폼 UI에 가려지므로 자막 피하기
A33: 교회 상영용 | B33: 1920×1080 (16:9) | C33: 핵심 피사체를 중앙 정사각형 영역에 두어 가로 버전 재구성 가능하게
A34: 롱폼 화면 | B34: 1920×1080 (16:9), 30fps | C34: 숏폼 세로 컷은 가로 배경 확장 또는 재생성
A35: 자막 | B35: 한 줄 14자 이내, 최대 2줄, 굵은 고딕, 하단 1/3 위 | C35: 핵심 구절 자막은 중앙, '(창 1:1, 개역개정)' 표기
A36: 음량 | B36: 내레이션 기준 약 -14 LUFS, 배경음악은 내레이션보다 충분히 낮게 | C36: 유튜브 음량 평준화 기준
A37: 내레이션 | B37: 따뜻한 존댓말("~했어요"), 분당 약 260음절 | C37: 목소리 확정은 참고 영상 분석 후
A39: 5. 업로드 메타데이터
A40: 항목 | B40: 형식 | C40: 예시
A41: 제목 | B41: [시리즈명 #회차] 제목 | 본문 | C41: A타입_제작표 '유튜브 제목안' 칸에 자동 생성
A42: 설명란 | B42: 본문 요약 2줄 + 핵심 구절(장절·개역개정) + 이전/다음 편 링크 + 재생목록 | C42: -
A43: 해시태그 | B43: #성경 #성경이야기 #성경애니메이션 #주일학교 #교회학교 #바이블 #[책이름] #[인물] | C43: 3~5개만 제목·설명에 노출
A44: 고정 댓글 | B44: "이 장면에서 가장 놀라웠던 점은?" 같은 질문 1개 | C44: 댓글 참여 유도
A45: 재생목록 | B45: ① 권별 ② 인물별(모세, 다윗 등) ③ 주제별(용서, 믿음 등) ④ B타입 롱폼 | C45: -
A47: 6. 저작권 체크리스트
A48: 확인 | B48: 항목
A49: □ | B49: 캐릭터·로고·제목이 기존 작품(슈퍼북 등)과 닮지 않았는가
A50: □ | B50: 프롬프트에 다른 작품명·회사명·작가명을 넣지 않았는가
A51: □ | B51: 배경음악·효과음이 상업적 이용 가능한 음원인가 (라이선스 기록 보관)
A52: □ | B52: 개역개정 인용이 대한성서공회 사용 지침 범위 안이며 출처를 표기했는가
A53: □ | B53: AI 영상 도구(뉴테이크·힉스필드 등) 요금제가 상업적 이용·수익 창출을 허용하는가
A54: □ | B54: 썸네일·자막 폰트가 상업적 이용 가능한 무료/구매 폰트인가
A56: 7. 업로드 전 최종 체크리스트
A57: 확인 | B57: 항목
A58: □ | B58: 교리 감수 완료 (A타입_제작표 '교리감수' = 완료)
A59: □ | B59: 핵심 구절 장절·문구를 개역개정과 대조
A60: □ | B60: 자막 맞춤법·인명·지명 표기(표기통일 시트)
A61: □ | B61: 유튜브 '아동용' 설정 결정 (아동용으로 지정하면 댓글·일부 기능 제한됨)
A62: □ | B62: 유튜브의 AI 생성·합성 콘텐츠 표시 정책 확인
A63: □ | B63: 다음 편 예고가 실제 다음 회차와 일치하는가

Sheet 절기특집
A1: 절기 | B1: 시기·의미 | C1: 추천 편 (A코드·회차·시즌) | D1: 추천 편 (본문 · 제목)
A2: 신년 (1월 첫 주) | B2: 새해, 새 시작 | C2: A0001 (구약 #001, 시즌1) A0379 (구약 #409, 시즌2) | D2: 창 1:1-5 · 태초에 시편 90편 · 우리의 날 계수함을 가르치소서
A3: 사순절·고난주간 | B3: 부활절 전 40일, 고난주간 | C3: A0432 (구약 #161, 시즌1) A0570 (신약 #026, 시즌1) A0573 (신약 #029, 시즌1) A0643 (신약 #069, 시즌1) | D3: 사 52:13-53:12 · 그가 찔림은 마 26:31-56 · 겟세마네 마 27:27-56 · 십자가 요 19:17-42 · 다 이루었다
A4: 부활절 | B4: 매년 날짜 변동 | C4: A0575 (신약 #031, 시즌1) A0644 (신약 #070, 시즌1) A0707 (신약 #094, 시즌1) | D4: 마 28:1-15 · 부활 요 20:1-18 · 마리아야 고전 15:1-16:24 · 부활장
A5: 어린이주일 (5월 첫째 주일) | B5: 교회학교 연계 | C5: A0585 (신약 #035, 시즌1) A0212 (구약 #091, 시즌1) | D5: 막 10:13-16 · 어린아이를 안으시다 삼상 3:1-21 · 말씀하옵소서
A6: 어버이주일 (5월 둘째 주일) | B6: 부모 공경 | C6: A0108 (구약 #062, 시즌1) A0205 (구약 #086, 시즌1) | D6: 출 20:12-17 · 십계명 ② 이웃 사랑 룻 1:1-22 · 어머니가 가시는 곳에 나도
A7: 성령강림절 (부활절 후 50일) | B7: 오순절 | C7: A0649 (신약 #074, 시즌1) A0492 (구약 #500, 시즌2) | D7: 행 2:1-13 · 오순절 성령 강림 욜 2:18-32 · 내 영을 부어 주리라
A8: 맥추감사절 (7월 첫째 주일) | B8: 상반기 감사 | C8: A0129 (구약 #245, 시즌2) A0382 (구약 #412, 시즌2) | D8: 레 23:1-44 · 이스라엘의 일곱 절기 시편 100편 · 감사의 노래
A9: 광복절 (8월 15일) | B9: 해방과 회복 | C9: A0099 (구약 #055, 시즌1) A0325 (구약 #133, 시즌1) | D9: 출 14:15-31 · 바다가 갈라지다 스 1:1-11 · 고레스의 칙령
A10: 종교개혁주일 (10월 마지막 주일) | B10: 오직 믿음, 오직 은혜 | C10: A0509 (구약 #181, 시즌1) A0687 (신약 #091, 시즌1) A0716 (신약 #205, 시즌2) | D10: 합 2:2-20 · 의인은 믿음으로 롬 3:21-31 · 값없이 의롭다 하심 갈 5:1-15 · 자유를 주셨으니
A11: 추수감사절 (11월 셋째 주일) | B11: 감사 | C11: A0610 (신약 #049, 시즌1) A0382 (구약 #412, 시즌2) A0160 (구약 #271, 시즌2) | D11: 눅 17:11-19 · 돌아온 한 사람 시편 100편 · 감사의 노래 신 8:1-20 · 떡으로만 살지 않는다
A12: 대림절 (성탄 전 4주) | B12: 메시아 예언 | C12: A0414 (구약 #158, 시즌1) A0415 (구약 #159, 시즌1) A0505 (구약 #180, 시즌1) | D12: 사 7:1-25 · 임마누엘의 징조 사 8:1-9:7 · 한 아기가 우리에게 미 4:1-5:15 · 베들레헴 에브라다
... A14: 송구영신 (12월 마지막 주) | B14: 돌아봄과 소망 | C14: A0155 (구약 #267, 시즌2) A0796 (신약 #102, 시즌1) | D14: 신 1:1-3:29 · 아버지가 아들을 안듯 계 21:1-8 · 새 하늘과 새 땅
A16: ※ 절기 주간에는 순서대로 올리던 회차 대신 추천 편을 재업로드(리마스터)하거나 B타입으로 묶어 특집 편성하세요.

Sheet 표기통일
A1: 표기 통일 (개역개정 기준)
A2: 내레이션·자막·제목·설명란에 모두 적용
A4: 사용할 표기 | B4: 쓰지 않을 표기 | C4: 비고
A5: 하나님 | B5: 하느님 | C5: 개신교 표준
A6: 여호와 | B6: 야훼, 야웨 | C6: 개역개정 표기
A7: 성령 | B7: 성신
A8: 예수님 / 예수 그리스도 | B8: 예수 | C8: 내레이션에서는 '예수님'
A9: 세례 / 세례 요한 | B9: 침례, 침례 요한 | C9: 합동측 표기
A10: 성찬 | B10: 성체, 영성체
A11: 주일 | B11: 일요일 | C11: 교회 용어
A12: 목사님 / 장로님 / 집사님 | B12: 신부님
A13: 바로 | B13: 파라오 | C13: 개역개정 표기
A14: 애굽 | B14: 이집트 | C14: 자막에 (이집트) 병기 가능
A15: 바사 | B15: 페르시아 | C15: 개역개정 표기, 자막에 (페르시아) 병기 가능
A16: 앗수르 / 바벨론 | B16: 아시리아 / 바빌론
A17: 블레셋 | B17: 팔레스타인
A18: 아덴 / 구브로 | B18: 아테네 / 키프로스 | C18: 자막 병기 가능
A19: 그룹 / 스랍 | B19: 케루빔 / 세라핌 | C19: 개역개정 표기
A20: 사탄 / 마귀 / 귀신 | B20: 악마 캐릭터식 표현
A21: 선악을 알게 하는 나무의 열매 | B21: 사과 | C21: 성경에 '사과'라는 말은 없음
A22: 동방에서 온 박사들 | B22: 동방 박사 세 사람 | C22: 수는 성경에 없음
A23: 주전(BC) / 주후(AD) | B23: 기원전 / 기원후 | C23: 교회 표기 권장
A24: 천국 / 하나님 나라 | B24: 천당
A25: 부활 / 승천 / 재림 | B25: 환생 | C25: 환생 표현 금지
A26: 사도 바울 / 베드로 / 요한 | B26: 성 바울, 성 베드로 | C26: 개신교는 '성(聖)' 칭호 안 붙임
A27: 마리아 | B27: 성모, 성모 마리아 | C27: 개신교 표기
A28: 느부갓네살 / 고레스 / 다리오 / 아하수에로 | B28: 네부카드네자르 / 키루스 / 다리우스 / 크세르크세스 | C28: 개역개정 표기
