Workbook

Sheet 안내
A1: 프로젝트2 · 5분 성경읽기 제작표
A2: 개역한글 성경 전체를 5분 안팎 899편으로 · 6개월(182일) · 하루 여러 편 | 작성일 2026-10-31
A4: 제작 변수 (노란 칸만 수정하세요)
A5: 시리즈 이름(가칭) | C5: 5분 성경읽기 | D5: 같은 채널 안의 재생목록 이름. 제목·해시태그에 반영
A6: 시작일 | C6: 46388 | D6: 예시 날짜입니다. 프로젝트1과 상관없이 정하면 됩니다
A7: 낭독 속도 (음절/분) | C7: 300 | D7: 예상 낭독 시간 계산용. 분할 자체를 바꾸려면 build.py의 SPM을 고친 뒤 다시 실행
A8: 장 안내·쉼 (초/장) | C8: 2 | D8: '창세기 1장' 안내와 장 사이 쉼
A9: 인트로 (초) | C9: 5 | D9: 시그니처 소리 + '5분 성경읽기, 창세기 1장' 화면
A10: 마무리 (초) | C10: 5 | D10: 출처(개역한글) 표시 + 다음 편 안내 화면
A11: 업로드 시간 1 | C11: 06:00 | D11: 하루 안의 순서대로 사용 (구약 먼저, 신약 나중)
A12: 업로드 시간 2 | C12: 08:00 | D12: 하루 안의 순서대로 사용 (구약 먼저, 신약 나중)
A13: 업로드 시간 3 | C13: 12:00 | D13: 하루 안의 순서대로 사용 (구약 먼저, 신약 나중)
A14: 업로드 시간 4 | C14: 15:00 | D14: 하루 안의 순서대로 사용 (구약 먼저, 신약 나중)
A15: 업로드 시간 5 | C15: 19:00 | D15: 하루 안의 순서대로 사용 (구약 먼저, 신약 나중)
A16: 업로드 시간 6 | C16: 21:00 | D16: 하루 안의 순서대로 사용 (구약 먼저, 신약 나중)
A18: 전체 규모 (자동 계산)
A19: 전체 편수 | C19: =COUNTA('읽기목록'!$B$2:$B$900) | D19: 편
A20: 구약 / 신약 | C20: =COUNTIF('읽기목록'!$C$2:$C$900,"구약")&" / "&COUNTIF('읽기목록'!$C$2:$C$900,"신약") | D20: 편
A21: 성경 전체 절 수 | C21: =SUM('읽기목록'!$L$2:$L$900) | D21: 절 / 개역한글 31103절
A22: 전체 낭독 시간 | C22: =ROUND(SUM('읽기목록'!$O$2:$O$900)/3600,1) | D22: 시간 (인트로·마무리 제외)
A23: 하루 평균 편수 | C23: =ROUND(COUNTA('읽기목록'!$B$2:$B$900)/(MAX('읽기목록'!$E$2:$E$900)),1) | D23: 편
A24: 하루 최대 편수 | C24: =MAX('읽기목록'!$H$2:$H$900) | D24: 편
A25: 마지막 업로드일 | C25: =MAX('읽기목록'!$F$2:$F$900)
A26: 전체 기간 | C26: =MAX('읽기목록'!$F$2:$F$900)-'안내'!$C$6+1 | D26: 일 (목표 182일)
A27: 띄어쓰기 대조가 필요한 편 | C27: =COUNTIF('읽기목록'!$V$2:$V$900,"*대조 필요") | D27: 편 (줄바꿈 띄어쓰기를 정하지 못한 절 포함)
A29: 운영 원칙
A30: 성경 읽기에만 집중 | B30: 해설·진행자 없이 개역한글 본문 낭독(TTS)과 자막만. 설명이 필요하면 유튜브 설명란·인스타 게시글에만
A31: 분량 | B31: 성인이 자연스럽게 소리 내어 읽는 속도(1분 300음절 안팎)로 5분 안팎(3분 30초~6분 15초). 장이 끝나는 곳에서 먼저 끊고, 장 안에서는 문장이 끝나는 절에서만 끊음. 7분 30초 이하인 짧은 책은 나누지 않고 한 편
A32: 트랙 | B32: 구약(창세기→말라기)과 신약(마태복음→요한계시록)을 동시에 진행해 182일째 함께 끝남. 하루 구약 3~4편 + 신약 1~2편
A33: 채널·형식 | B33: 프로젝트1과 같은 채널의 '5분 성경읽기' 재생목록. 5분 영상은 쇼츠·릴스 길이(최대 3분)를 넘으므로 유튜브 일반 영상(16:9)이 기본
A34: 성경 본문 | B34: 개역한글판만. 본문과 TTS 대본은 reference/krv.tsv(개역한글 원문 변환본)에서 자동 생성. '대조 필요' 편은 띄어쓰기를 원본 PDF와 확인
A35: 일정 | B35: '일자별' 시트가 그날 올릴 편 목록. '오늘의 성경읽기'로 하루치를 묶어 안내 가능

Sheet 읽기목록
A1: 순번 | B1: 코드 | C1: 트랙 | D1: 트랙 회차 | E1: 일차 | F1: 업로드일 | G1: 요일 | H1: 하루 순서 | I1: 업로드 시간 | J1: 책 | K1: 본문 범위 | L1: 절 수 | M1: 장 수 | N1: 음절 수 | O1: 예상 낭독(초) | P1: 예상 낭독 | Q1: 영상 길이 | R1: 끊은 곳 | S1: 제목안 | T1: 해시태그 | U1: 설명란 문구 | V1: 본문 상태 | W1: 확인 표시 | X1: 화면 배경 | Y1: TTS 대본 (개역한글) | Z1: TTS 음성 | AA1: 영상 | AB1: 업로드 | AC1: 조회수 | AD1: 평균 시청률(%) | AE1: 비고
A2: 1 | B2: R0001 | C2: 구약 | D2: 1 | E2: 1 | F2: ='안내'!$C$6+E2-1 | G2: =CHOOSE(WEEKDAY(F2,2),"월","화","수","목","금","토","일") | H2: 1 | I2: =INDEX('안내'!$C$11:$C$16,H2) | J2: 창세기 | K2: 창세기 1장 | L2: 31 | M2: 1 | N2: 1201 | O2: =ROUND(N2/'안내'!$C$7*60+M2*'안내'!$C$8,0) | P2: =TEXT(O2/86400,"m:ss") | Q2: =TEXT((O2+'안내'!$C$9+'안내'!$C$10)/86400,"m:ss") | R2: 장 끝 | S2: ='안내'!$C$5&" | 창세기 1장" | T2: ="#"&SUBSTITUTE('안내'!$C$5," ","")&" #성경읽기 #성경통독 #창세기 #개역한글" | U2: 창세기 1장 (개역한글) 성경 본문: 개역한글판 · 낭독: AI 음성 | V2: 자동 입력 · 대조 필요 | W2: 줄바꿈 띄어쓰기 확인 | X2: 율법서: 광야와 장막, 돌판, 저녁 하늘 | Y2: 창세기 1장. 태초에 하나님이 천지를 창조하시니라. 땅이 혼돈하고 공허하며 흑암이 깊음 위에 있고 하나님의 신은 수면에 운행하시니라. 하나님이 가라사대 빛이 있으라 하시매 빛이 있었고, 그 빛이 하나님의 보시기에 좋았더라. 하나님이 빛과 어두움을 나누사, 빛을 낮이라 칭하시고 어두움을 밤이라 칭하시니라. 저녁이 되며 아침이 되니 이는 첫째 날이니라. 하나님이 가라사대 물 가운데 궁창이 있어 물과 물로 나뉘게 하리라 하시고, 하나님이 궁창을 만드사 궁창 아래의 물과 궁창 위의 물로 나뉘게 하시매 그대로 되니라. 하나님이 궁창을 하늘이라 칭하시니라. 저녁이 되며 아침이 되니 이는 둘째 날이니라. 하나님이 가라사대 천하의 물이 한 곳으로 모이고 뭍이 드러나라 하시매 그대로 되니라. 하나님이 뭍을 땅이라 칭하시고 모인 물을 바다라 칭하시니라. 하나님의 보시기에 좋았더라. 하나님이 가라사대 땅은 풀과 씨 맺는 채소와 각기 종류대로 씨 가진 열매 맺는 과목을 내라 하시매 그대로 되어, 땅이 풀과 각기 종류대로 씨 맺는 채소와 각기 종류대로 씨 가진 열매 맺는 나무를 내니 하나님의 보시기에 좋았더라. 저녁이 되며 아침이 되니 이는 셋째 날이니라. 하나님이 가라사대 하늘의 궁창에 광명이 있어 주야를 나뉘게 하라 또 그 광명으로 하여 징조와 사시와 일 자와 연한이 이루라. 또 그 광명이 하늘의 궁창에 있어 땅에 비취라 하시고 (그대로 되니라) 하나님이 두 큰 광명을 만드사 큰 광명으로 낮을 주관하게 하시고 작은 광명으로 밤을 주관하게 하시며 또 별들을 만드시고, 하나님이 그것들을 하늘의 궁창에 두어 땅에 비취게 하시며, 주야를 주관하게 하시며 빛과 어두움을 나뉘게 하시니라. 하나님의 보시기에 좋았더라. 저녁이 되며 아침이 되니 이는 넷째 날이니라. 하나님이 가라사대 물들은 생물로 번성케 하라 땅 위 하늘의 궁창에는 새가 날으라 하시고, 하나님이 큰 물고기와 물에서 번성하여 움직이는 모든 생물을 그 종류대로, 날개 있는 모든 새를 그 종류대로 창조하시니 하나님의 보시기에 좋았더라. 하나님이 그들에게 복을 주어 가라사대 생육하고 번성하여 여러 바다 물에 충만하라 새들도 땅에 번성하라 하시니라. 저녁이 되며 아침이 되니 이는 다섯째 날이니라. 하나님이 가라사대 땅은 생물을 그 종류대로 내되 육축과 기는 것과 땅의 짐승을 종류대로 내라 하시고 (그대로 되니라) 하나님이 땅의 짐승을 그 종류대로, 육축을 그 종류대로, 땅에 기는 모든 것을 그 종류대로 만드시니 하나님의 보시기에 좋았더라. 하나님이 가라사대 우리의 형상을 따라 우리의 모양대로 우리가 사람을 만들고 그로 바다의 고기와 공중의 새와 육축과 온 땅과 땅에 기는 모든 것을 다스리게 하자 하시고, 하나님이 자기 형상 곧 하나님의 형상대로 사람을 창조하시되 남자와 여자를 창조하시고, 하나님이 그들에게 복을 주시며 그들에게 이르시되 생육하고 번성하여 땅에 충만하라, 땅을 정복하라, 바다의 고기와 공중의 새와 땅에 움직이는 모든 생물을 다스리라 하시니라. 하나님이 가라사대 내가 온 지면의 씨 맺는 모든 채소와 씨 가진 열매 맺는 모든 나무를 너희에게 주노니 너희 식물이 되리라. 또 땅의 모든 짐승과 공중의 모든 새와 생명이 있어 땅에 기는 모든 것에게는 내가 모든 푸른 풀을 식물로 주노라 하시니 그대로 되니라. 하나님이 그 지으신 모든 것을 보시니 보시기에 심히 좋았더라. 저녁이 되며 아침이 되니 이는 여섯째 날이니라. | Z2: 미착수 | AA2: 미착수 | AB2: 미착수
A3: 2 | B3: R0002 | C3: 구약 | D3: 2 | E3: 1 | F3: ='안내'!$C$6+E3-1 | G3: =CHOOSE(WEEKDAY(F3,2),"월","화","수","목","금","토","일") | H3: 2 | I3: =INDEX('안내'!$C$11:$C$16,H3) | J3: 창세기 | K3: 창세기 2장 1절 ~ 3장 14절 | L3: 39 | M3: 2 | N3: 1533 | O3: =ROUND(N3/'안내'!$C$7*60+M3*'안내'!$C$8,0) | P3: =TEXT(O3/86400,"m:ss") | Q3: =TEXT((O3+'안내'!$C$9+'안내'!$C$10)/86400,"m:ss") | R3: 문장 끝 | S3: ='안내'!$C$5&" | 창세기 2장 1절 ~ 3장 14절" | T3: ="#"&SUBSTITUTE('안내'!$C$5," ","")&" #성경읽기 #성경통독 #창세기 #개역한글" | U3: 창세기 2장 1절 ~ 3장 14절 (개역한글) 성경 본문: 개역한글판 · 낭독: AI 음성 | V3: 자동 입력 · 대조 필요 | W3: 줄바꿈 띄어쓰기 확인 | X3: 율법서: 광야와 장막, 돌판, 저녁 하늘 | Y3: 창세기 2장. 천지와 만물이 다 이루니라. 하나님의 지으시던 일이 일곱째 날이 이를 때에 마치니 그 지으시던 일이 다하므로 일곱째 날에 안식하시니라. 하나님이 일곱째 날을 복 주사 거룩하게 하셨으니 이는 하나님이 그 창조하시며 만드시던 모든 일을 마치시고 이 날에 안식하셨음이더라. 여호와 하나님이 천지를 창조하신 때에 천지의 창조된 대략이 이러하니라. 여호와 하나님이 땅에 비를 내리지 아니하셨고 경작할 사람도 없었으므로 들에는 초목이 아직 없었고 밭에는 채소가 나지 아니하였으며, 안개만 땅에서 올라와 온 지면을 적셨더라. 여호와 하나님이 흙으로 사람을 지으시고 생기를 그 코에 불어넣으시니 사람이 생령이 된지라. 여호와 하나님이 동방의 에덴에 동산을 창설하시고 그 지으신 사람을 거기 두시고, 여호와 하나님이 그 땅에서 보기에 아름답고 먹기에 좋은 나무가 나게 하시니 동산 가운데에는 생명나무와 선악을 알게 하는 나무도 있더라. 강이 에덴에서 발원하여 동산을 적시고 거기서부터 갈라져 네 근원이 되었으니, 첫째의 이름은 비손이라 금이 있는 하윌라 온 땅에 둘렸으며, 그 땅의 금은 정금이요 그 곳에는 베델리엄과 호마노도 있으며, 둘째 강의 이름은 기혼이라 구스 온 땅에 둘렸고, 셋째 강의 이름은 힛데겔이라 앗수르 동편으로 흐르며 넷째 강은 유브라데더라. 여호와 하나님이 그 사람을 이끌어 에덴 동산에 두사 그것을 다스리며 지키게 하시고, 여호와 하나님이 그 사람에게 명하여 가라사대 동산 각종 나무의 실과는 네가 임의로 먹되, 선악을 알게 하는 나무의 실과는 먹지 말라 네가 먹는 날에는 정녕 죽으리라 하시니라. 여호와 하나님이 가라사대 사람의 독처하는 것이 좋지 못하니 내가 그를 위하여 돕는 배필을 지으리라 하시니라. 여호와 하나님이 흙으로 각종 들짐승과 공중의 각종 새를 지으시고 아담이 어떻게 이름을 짓나 보시려고 그것들을 그에게로 이끌어 이르시니 아담이 각 생물을 일컫는 바가 곧 그 이름이라. 아담이 모든 육축과 공중의 새와 들의 모든 짐승에게 이름을 주니라. 아담이 돕는 배필이 없으므로, 여호와 하나님이 아담을 깊이 잠들게 하시니 잠들매 그가 그 갈빗대 하나를 취하고 살로 대신 채우시고, 여호와 하나님이 아담에게서 취하신 그 갈빗대로 여자를 만드시고 그를 아담에게로 이끌어 오시니, 아담이 가로되 이는 내 뼈 중의 뼈요 살 중의 살이라 이것을 남자에게서 취하였은즉 여자라 칭하리라 하니라. 이러므로 남자가 부모를 떠나 그 아내와 연합하여 둘이 한 몸을 이룰지로다. 아담과 그 아내 두 사람이 벌거벗었으나 부끄러워 아니하니라. 창세기 3장. 여호와 하나님의 지으신 들짐승 중에 뱀이 가장 간교하더라. 뱀이 여자에게 물어 가로되 하나님이 참으로 너희더러 동산 모든 나무의 실과를 먹지 말라 하시더냐. 여자가 뱀에게 말하되 동산 나무의 실과를 우리가 먹을 수 있으나, 동산 중앙에 있는 나무의 실과는 하나님의 말씀에 너희는 먹지도 말고 만지지도 말라 너희가 죽을까 하노라. 하셨느니라. 뱀이 여자에게 이르되 너희가 결코 죽지 아니하리라. 너희가 그것을 먹는 날에는 너희 눈이 밝아 하나님과 같이 되어 선악을 알 줄을 하나님이 아심이니라. 여자가 그 나무를 본즉 먹음직도 하고 보암직도 하고 지혜롭게 할 만큼 탐스럽기도 한 나무인지라 여자가 그 실과를 따먹고 자기와 함께한 남편에게도 주매 그도 먹은지라. 이에 그들의 눈이 밝아 자기들의 몸이 벗은 줄을 알고 무화과나무 잎을 엮어 치마를 하였더라. 그들이 날이 서늘할 때에 동산에 거니시는 여호와 하나님의 음성을 듣고 아담과 그 아내가 여호와 하나님의 낯을 피하여 동산 나무 사이에 숨은지라. 여호와 하나님이 아담을 부르시며 그에게 이르시되 네가 어디 있느냐. 가로되 내가 동산에서 하나님의 소리를 듣고 내가 벗었으므로 두려워하여 숨었나이다. 가라사대 누가 너의 벗었음을 네게 고하였느냐 내가 너더러 먹지 말라 명한 그 나무 실과를 네가 먹었느냐. 아담이 가로되 하나님이 주셔서 나와 함께 하게 하신 여자 그가 그 나무 실과를 내게 주므로 내가 먹었나이다. 여호와 하나님이 여자에게 이르시되 네가 어찌하여 이렇게 하였느냐 여자가 가로되 뱀이 나를 꾀므로 내가 먹었나이다. 여호와 하나님이 뱀에게 이르시되 네가 이렇게 하였으니 네가 모든 육축과 들의 모든 짐승보다 더욱 저주를 받아 배로 다니고 종신토록 흙을 먹을지니라. | Z3: 미착수 | AA3: 미착수 | AB3: 미착수
A4: 3 | B4: R0003 | C4: 구약 | D4: 3 | E4: 1 | F4: ='안내'!$C$6+E4-1 | G4: =CHOOSE(WEEKDAY(F4,2),"월","화","수","목","금","토","일") | H4: 3 | I4: =INDEX('안내'!$C$11:$C$16,H4) | J4: 창세기 | K4: 창세기 3장 15절 ~ 4장 26절 | L4: 36 | M4: 2 | N4: 1581 | O4: =ROUND(N4/'안내'!$C$7*60+M4*'안내'!$C$8,0) | P4: =TEXT(O4/86400,"m:ss") | Q4: =TEXT((O4+'안내'!$C$9+'안내'!$C$10)/86400,"m:ss") | R4: 장 끝 | S4: ='안내'!$C$5&" | 창세기 3장 15절 ~ 4장 26절" | T4: ="#"&SUBSTITUTE('안내'!$C$5," ","")&" #성경읽기 #성경통독 #창세기 #개역한글" | U4: 창세기 3장 15절 ~ 4장 26절 (개역한글) 성경 본문: 개역한글판 · 낭독: AI 음성 | V4: 자동 입력 · 대조 필요 | W4: 줄바꿈 띄어쓰기 확인 | X4: 율법서: 광야와 장막, 돌판, 저녁 하늘 | Y4: 창세기 3장 15절부터. 내가 너로 여자와 원수가 되게 하고 너의 후손도 여자의 후손과 원수가 되게 하리니 여자의 후손은 네 머리를 상하게 할 것이요 너는 그의 발꿈치를 상하게 할 것이니라 하시고, 또 여자에게 이르시되 내가 네게 잉태하는 고통을 크게 더하리니 네가 수고하고 자식을 낳을 것이며 너는 남편을 사모하고 남편은 너를 다스릴 것이니라 하시고, 아담에게 이르시되 네가 네 아내의 말을 듣고 내가 너더러 먹지 말라 한 나무 실과를 먹었은즉 땅은 너로 인하여 저주를 받고 너는 종신토록 수고하여야 그 소산을 먹으리라. 땅이 네게 가시덤불과 엉겅퀴를 낼 것이라 너의 먹을 것은 밭의 채소인즉, 네가 얼굴에 땀이 흘러야 식물을 먹고 필경은 흙으로 돌아가리니 그 속에서 네가 취함을 입었음이라 너는 흙이니 흙으로 돌아갈 것이니라 하시니라. 아담이 그 아내를 하와라 이름하였으니 그는 모든 산 자의 어미가 됨이더라. 여호와 하나님이 아담과 그 아내를 위하여 가죽옷을 지어 입히시니라. 여호와 하나님이 가라사대 보라 이 사람이 선악을 아는 일에 우리 중 하나같이 되었으니 그가 그 손을 들어 생명나무 실과도 따먹고 영생할까 하노라 하시고, 여호와 하나님이 에덴 동산에서 그 사람을 내어 보내어 그의 근본된 토지를 갈게 하시니라. 이같이 하나님이 그 사람을 쫓아내시고 에덴 동산 동편에 그룹들과 두루 도는 화염검을 두어 생명나무의 길을 지키게 하시니라. 창세기 4장. 아담이 그 아내 하와와 동침하매 하와가 잉태하여 가인을 낳고 이르되 내가 여호와로 말미암아 득남하였다 하니라. 그가 또 가인의 아우 아벨을 낳았는데 아벨은 양 치는 자이었고 가인은 농사하는 자이었더라. 세월이 지난 후에 가인은 땅의 소산으로 제물을 삼아 여호와께 드렸고, 아벨은 자기도 양의 첫 새끼와 그 기름으로 드렸더니 여호와께서 아벨과 그 제물은 열납하셨으나, 가인과 그 제물은 열납하지 아니하신지라 가인이 심히 분하여 안색이 변하니, 여호와께서 가인에게 이르시되 네가 분하여 함은 어찜이며 안색이 변함은 어찜이뇨, 네가 선을 행하면 어찌 낯을 들지 못하겠느냐 선을 행치 아니하면 죄가 문에 엎드리느니라. 죄의 소원은 네게 있으나 너는 죄를 다스릴지니라. 가인이 그 아우 아벨에게 고하니라. 그 후 그들이 들에 있을 때에 가인이 그 아우 아벨을 쳐죽이니라. 여호와께서 가인에게 이르시되 네 아우 아벨이 어디 있느냐 그가 가로되 내가 알지 못하나이다. 내가 내 아우를 지키는 자니이까. 가라사대 네가 무엇을 하였느냐 네 아우의 핏소리가 땅에서부터 내게 호소하느니라. 땅이 그 입을 벌려 네 손에서부터 네 아우의 피를 받았은즉 네가 땅에서 저주를 받으리니, 네가 밭 갈아도 땅이 다시는 그 효력을 네게 주지 아니할 것이요 너는 땅에서 피하며 유리하는 자가 되리라. 가인이 여호와께 고하되 내 죄벌이 너무 중하여 견딜 수 없나이다. 주께서 오늘 이 지면에서 나를 쫓아내시온즉 내가 주의 낯을 뵈옵지 못하리니 내가 땅에서 피하며 유리하는 자가 될지라 무릇 나를 만나는 자가 나를 죽이겠나이다. 여호와께서 그에게 이르시되 그렇지 않다 가인을 죽이는 자는 벌을 칠 배나 받으리라 하시고 가인에게 표를 주사 만나는 누구에게든지 죽임을 면케 하시니라. 가인이 여호와의 앞을 떠나 나가 에덴 동편 놋 땅에 거하였더니, 아내와 동침하니 그가 잉태하여 에녹을 낳은지라 가인이 성을 쌓고 그 아들의 이름으로 성을 이름하여 에녹이라 하였더라. 에녹이 이랏을 낳았고 이랏은 므후야엘을 낳았고 므후야엘은 므드사엘을 낳았고 므드사엘은 라멕을 낳았더라. 라멕이 두 아내를 취하였으니 하나의 이름은 아다요 하나의 이름은 씰라며, 아다는 야발을 낳았으니 그는 장막에 거하여 육축 치는 자의 조상이 되었고, 그 아우의 이름은 유발이니 그는 수금과 퉁소를 잡는 모든 자의 조상이 되었으며, 씰라는 두발가인을 낳았으니 그는 동철로 각양 날카로운 기계를 만드는 자요 두발가인의 누이는 나아마이었더라. 라멕이 아내들에게 이르되 아다와 씰라여 내 소리를 들으라 라멕의 아내들이여 내 말을 들으라 나의 창상을 인하여 내가 사람을 죽였고 나의 상함을 인하여 소년을 죽였도다. 가인을 위하여는 벌이 칠 배일진대 라멕을 위하여는 벌이 칠십칠 배이리로다 하였더라. 아담이 다시 아내와 동침하매 그가 아들을 낳아 그 이름을 셋이라 하였으니 이는 하나님이 내게 가인의 죽인 아벨 대신에 다른 씨를 주셨다 함이며, 셋도 아들을 낳고 그 이름을 에노스라 하였으며 그 때에 사람들이 비로소 여호와의 이름을 불렀더라. | Z4: 미착수 | AA4: 미착수 | AB4: 미착수
A5: 4 | B5: R0004 | C5: 구약 | D5: 4 | E5: 1 | F5: ='안내'!$C$6+E5-1 | G5: =CHOOSE(WEEKDAY(F5,2),"월","화","수","목","금","토","일") | H5: 4 | I5: =INDEX('안내'!$C$11:$C$16,H5) | J5: 창세기 | K5: 창세기 5~6장 | L5: 54 | M5: 2 | N5: 1540 | O5: =ROUND(N5/'안내'!$C$7*60+M5*'안내'!$C$8,0) | P5: =TEXT(O5/86400,"m:ss") | Q5: =TEXT((O5+'안내'!$C$9+'안내'!$C$10)/86400,"m:ss") | R5: 장 끝 | S5: ='안내'!$C$5&" | 창세기 5~6장" | T5: ="#"&SUBSTITUTE('안내'!$C$5," ","")&" #성경읽기 #성경통독 #창세기 #개역한글" | U5: 창세기 5~6장 (개역한글) 성경 본문: 개역한글판 · 낭독: AI 음성 | V5: 자동 입력 · 대조 필요 | W5: 줄바꿈 띄어쓰기 확인 | X5: 율법서: 광야와 장막, 돌판, 저녁 하늘 | Y5: 창세기 5장. 아담 자손의 계보가 이러하니라. 하나님이 사람을 창조하실 때에 하나님의 형상대로 지으시되, 남자와 여자를 창조하셨고 그들이 창조되던 날에 하나님이 그들에게 복을 주시고 그들의 이름을 사람이라 일컬으셨더라. 아담이 일백삼십 세에 자기 모양 곧 자기 형상과 같은 아들을 낳아 이름을 셋이라 하였고, 아담이 셋을 낳은 후 팔백 년을 지내며 자녀를 낳았으며, 그가 구백삼십 세를 향수하고 죽었더라. 셋은 일백오 세에 에노스를 낳았고, 에노스를 낳은 후 팔백칠 년을 지내며 자녀를 낳았으며, 그가 구백십이 세를 향수하고 죽었더라. 에노스는 구십 세에 게난을 낳았고, 게난을 낳은 후 팔백십오 년을 지내며 자녀를 낳았으며, 그가 구백오 세를 향수하고 죽었더라. 게난은 칠십 세에 마할랄렐을 낳았고, 마할랄렐을 낳은 후 팔백사십 년을 지내며 자녀를 낳았으며, 그가 구백십 세를 향수하고 죽었더라. 마할랄렐은 육십오 세에 야렛을 낳았고, 야렛을 낳은 후 팔백삼십 년을 지내며 자녀를 낳았으며, 그가 팔백 구십오 세를 향수하고 죽었더라. 야렛은 일백육십이 세에 에녹을 낳았고, 에녹을 낳은 후 팔백 년을 지내며 자녀를 낳았으며, 그가 구백 육십이 세를 향수하고 죽었더라. 에녹은 육십오 세에 므두셀라를 낳았고, 므드셀라를 낳은 후 삼백 년을 하나님과 동행하며 자녀를 낳았으며, 그가 삼백육십오 세를 향수하였더라. 에녹이 하나님과 동행하더니 하나님이 그를 데려가시므로 세상에 있지 아니하였더라. 므두셀라는 일백팔십칠 세에 라멕을 낳았고, 라멕을 낳은 후 칠백팔십이 년을 지내며 자녀를 낳았으며, 그는 구백육십구 세를 향수하고 죽었더라. 라멕은 일백팔십이 세에 아들을 낳고, 이름을 노아라 하여 가로되 여호와께서 땅을 저주하시므로 수고로이 일하는 우리를 이 아들이 안위하리라 하였더라. 라멕이 노아를 낳은 후 오백구십오 년을 지내며 자녀를 낳았으며, 그는 칠백칠십칠 세를 향수하고 죽었더라. 노아가 오백 세 된 후에 셈과 함과 야벳을 낳았더라. 창세기 6장. 사람이 땅 위에 번성하기 시작할 때에 그들에게서 딸들이 나니, 하나님의 아들들이 사람의 딸들의 아름다움을 보고 자기들의 좋아하는 모든 자로 아내를 삼는지라. 여호와께서 가라사대 나의 신이 영원히 사람과 함께 하지 아니하리니 이는 그들이 육체가 됨이라 그러나 그들의 날은 일백이십 년이 되리라 하시니라. 당시에 땅에 네피림이 있었고 그 후에도 하나님의 아들들이 사람의 딸들을 취하여 자식을 낳았으니 그들이 용사라 고대에 유명한 사람이었더라. 여호와께서 사람의 죄악이 세상에 관영함과 그 마음의 생각의 모든 계획이 항상 악할 뿐임을 보시고, 땅 위에 사람 지으셨음을 한탄하사 마음에 근심하시고, 가라사대 나의 창조한 사람을 내가 지면에서 쓸어 버리되 사람으로부터 육축과 기는 것과 공중의 새까지 그리하리니 이는 내가 그것을 지었음을 한탄함이니라 하시니라. 그러나 노아는 여호와께 은혜를 입었더라. 노아의 사적은 이러하니라. 노아는 의인이요 당세에 완전한 자라 그가 하나님과 동행하였으며, 그가 세 아들을 낳았으니 셈과 함과 야벳이라. 때에 온 땅이 하나님 앞에 패괴하여 강포가 땅에 충만한지라. 하나님이 보신즉 땅이 패괴하였으니 이는 땅에서 모든 혈육 있는 자의 행위가 패괴함이었더라. 하나님이 노아에게 이르시되 모든 혈육 있는 자의 강포가 땅에 가득하므로 그 끝날이 내 앞에 이르렀으니 내가 그들을 땅과 함께 멸하리라. 너는 잣나무로 너를 위하여 방주를 짓되 그 안에 간들을 막고 역청으로 그 안팎에 칠하라. 그 방주의 제도는 이러하니 장이 삼백 규빗, 광이 오십 규빗, 고가 삼십 규빗이며, 거기 창을 내되 위에서부터 한 규빗에 내고 그 문은 옆으로 내고 상 중 하 삼층으로 할지니라. 내가 홍수를 땅에 일으켜 무릇 생명의 기식 있는 육체를 천하에서 멸절하리니 땅에 있는 자가 다 죽으리라. 그러나 너와는 내가 내 언약을 세우리니 너는 네 아들들과 네 아내와 네 자부들과 함께 그 방주로 들어가고, 혈육 있는 모든 생물을 너는 각기 암수 한 쌍씩 방주로 이끌어들여 너와 함께 생명을 보존케 하되, 새가 그 종류대로, 육축이 그 종류대로, 땅에 기는 모든 것이 그 종류대로, 각기 둘씩 네게로 나아오리니 그 생명을 보존케 하라. 너는 먹을 모든 식물을 네게로 가져다가 저축하라 이것이 너와 그들의 식물이 되리라. 노아가 그와 같이 하되 하나님이 자기에게 명하신 대로 다 준행 하였더라. | Z5: 미착수 | AA5: 미착수 | AB5: 미착수
A6: 5 | B6: R0005 | C6: 구약 | D6: 5 | E6: 2 | F6: ='안내'!$C$6+E6-1 | G6: =CHOOSE(WEEKDAY(F6,2),"월","화","수","목","금","토","일") | H6: 1 | I6: =INDEX('안내'!$C$11:$C$16,H6) | J6: 창세기 | K6: 창세기 7장 1절 ~ 9장 5절 | L6: 51 | M6: 3 | N6: 1694 | O6: =ROUND(N6/'안내'!$C$7*60+M6*'안내'!$C$8,0) | P6: =TEXT(O6/86400,"m:ss") | Q6: =TEXT((O6+'안내'!$C$9+'안내'!$C$10)/86400,"m:ss") | R6: 문장 끝 | S6: ='안내'!$C$5&" | 창세기 7장 1절 ~ 9장 5절" | T6: ="#"&SUBSTITUTE('안내'!$C$5," ","")&" #성경읽기 #성경통독 #창세기 #개역한글" | U6: 창세기 7장 1절 ~ 9장 5절 (개역한글) 성경 본문: 개역한글판 · 낭독: AI 음성 | V6: 자동 입력 · 대조 필요 | W6: 줄바꿈 띄어쓰기 확인 | X6: 율법서: 광야와 장막, 돌판, 저녁 하늘 | Y6: 창세기 7장. 여호와께서 노아에게 이르시되 너와 네 온 집은 방주로 들어가라 네가 이 세대에 내 앞에서 의로움을 내가 보았음이니라. 너는 모든 정결한 짐승은 암수 일곱씩, 부정한 것은 암수 둘씩을 네게로 취하며, 공중의 새도 암수 일곱씩을 취하여 그 씨를 온 지면에 유전케 하라. 지금부터 칠 일이면 내가 사십 주야를 땅에 비를 내려 나의 지은 모든 생물을 지면에서 쓸어 버리리라. 노아가 여호와께서 자기에게 명하신 대로 다 준행하였더라. 홍수가 땅에 있을 때에 노아가 육백 세라. 노아가 아들들과 아내와 자부들과 함께 홍수를 피하여 방주에 들어갔고, 정결한 짐승과 부정한 짐승과 새와 땅에 기는 모든 것이, 하나님이 노아에게 명하신 대로 암수 둘씩 노아에게 나아와 방주로 들어갔더니, 칠 일 후에 홍수가 땅에 덮이니, 노아 육백 세 되던 해 이월 곧 그 달 십칠일이라 그 날에 큰 깊음의 샘들이 터지며 하늘의 창들이 열려, 사십 주야를 비가 땅에 쏟아졌더라. 곧 그 날에 노아와 그의 아들 셈, 함, 야벳과 노아의 처와 세 자부가 다 방주로 들어갔고, 그들과 모든 들짐승이 그 종류대로, 모든 육축이 그 종류대로, 땅에 기는 모든 것이 그 종류대로, 모든 새 곧 각양의 새가 그 종류대로, 무릇 기식이 있는 육체가 둘씩 노아에게 나아와 방주로 들어갔으니, 들어간 것들은 모든 것의 암수라 하나님이 그에게 명하신 대로 들어가매 여호와께서 그를 닫아 넣으시니라. 홍수가 땅에 사십 일을 있었는지라 물이 많아져 방주가 땅에서 떠올랐고, 물이 더 많아져 땅에 창일하매 방주가 물 위에 떠 다녔으며, 물이 땅에 더욱 창일하매 천하에 높은 산이 다 덮였더니, 물이 불어서 십오 규빗이 오르매 산들이 덮인지라. 땅 위에 움직이는 생물이 다 죽었으니 곧 새와 육축과 들짐승과 땅에 기는 모든 것과 모든 사람이라. 육지에 있어 코로 생물의 기식을 호흡하는 것은 다 죽었더라. 지면의 모든 생물을 쓸어 버리시니 곧 사람과 짐승과 기는 것과 공중의 새까지라 이들은 땅에서 쓸어 버림을 당하였으되 홀로 노아와 그와 함께 방주에 있던 자만 남았더라. 물이 일백오십 일을 땅에 창일하였더라. 창세기 8장. 하나님이 노아와 그와 함께 방주에 있는 모든 들짐승과 육축을 권념하사 바람으로 땅 위에 불게 하시매 물이 감하였고, 깊음의 샘과 하늘의 창이 막히고 하늘에서 비가 그치매, 물이 땅에서 물러가고 점점 물러가서 일백오십 일 후에 감하고, 칠월 곧 그 달 십칠일에 방주가 아라랏 산에 머물렀으며, 물이 점점 감하여 시월 곧 그 달 일일에 산들의 봉우리가 보였더라. 사십 일을 지나서 노아가 그 방주에 지은 창을 열고, 까마귀를 내어 놓으매 까마귀가 물이 땅에서 마르기까지 날아 왕래하였더라. 그가 또 비둘기를 내어 놓아 지면에 물이 감한 여부를 알고자 하매, 온 지면에 물이 있으므로 비둘기가 접족할 곳을 찾지 못하고 방주로 돌아와 그에게로 오는지라 그가 손을 내밀어 방주 속 자기에게로 받아들이고, 또 칠 일을 기다려 다시 비둘기를 방주에서 내어 놓으매, 저녁때에 비둘기가 그에게로 돌아왔는데 그 입에 감람 새 잎사귀가 있는지라 이에 노아가 땅에 물이 감한 줄 알았으며, 또 칠 일을 기다려 비둘기를 내어 놓으매 다시는 그에게로 돌아오지 아니하였더라. 육백일년 정월 곧 그 달 일일에 지면에 물이 걷힌지라 노아가 방주 뚜껑을 제치고 본즉 지면에 물이 걷혔더니, 이월 이십칠일에 땅이 말랐더라. 하나님이 노아에게 말씀하여 가라사대, 너는 네 아내와 네 아들들과 네 자부들로 더불어 방주에서 나오고, 너와 함께한 모든 혈육 있는 생물 곧 새와 육축과 땅에 기는 모든 것을 다 이끌어 내라 이것들이 땅에서 생육하고 땅에서 번성하리라 하시매, 노아가 그 아들들과 그 아내와 그 자부들과 함께 나왔고, 땅 위의 동물 곧 모든 짐승과 모든 기는 것과 모든 새도 그 종류대로 방주에서 나왔더라. 노아가 여호와를 위하여 단을 쌓고 모든 정결한 짐승 중에서와 모든 정결한 새 중에서 취하여 번제로 단에 드렸더니, 여호와께서 그 향기를 흠향하시고 그 중심에 이르시되 내가 다시는 사람으로 인하여 땅을 저주하지 아니하리니 이는 사람의 마음의 계획하는 바가 어려서부터 악함이라 내가 전에 행한 것같이 모든 생물을 멸하지 아니하리니, 땅이 있을 동안에는 심음과 거둠과 추위와 더위와 여름과 겨울과 낮과 밤이 쉬지 아니하리라. 창세기 9장. 하나님이 노아와 그 아들들에게 복을 주시며 그들에게 이르시되 생육하고 번성하여 땅에 충만하라. 땅의 모든 짐승과 공중의 모든 새와 땅에 기는 모든 것과 바다의 모든 고기가 너희를 두려워하며 너희를 무서워하리니 이들은 너희 손에 붙이웠음이라. 무릇 산 동물은 너희의 식물이 될지라 채소같이 내가 이것을 다 너희에게 주노라. 그러나 고기를 그 생명 되는 피 채 먹지 말 것이니라. 내가 반드시 너희 피 곧 너희 생명의 피를 찾으리니 짐승이면 그 짐승에게서, 사람이나 사람의 형제면 그에게서 그의 생명을 찾으리라. | Z6: 미착수 | AA6: 미착수 | AB6: 미착수
A7: 6 | B7: R0006 | C7: 구약 | D7: 6 | E7: 2 | F7: ='안내'!$C$6+E7-1 | G7: =CHOOSE(WEEKDAY(F7,2),"월","화","수","목","금","토","일") | H7: 2 | I7: =INDEX('안내'!$C$11:$C$16,H7) | J7: 창세기 | K7: 창세기 9장 6절 ~ 10장 32절 | L7: 56 | M7: 2 | N7: 1675 | O7: =ROUND(N7/'안내'!$C$7*60+M7*'안내'!$C$8,0) | P7: =TEXT(O7/86400,"m:ss") | Q7: =TEXT((O7+'안내'!$C$9+'안내'!$C$10)/86400,"m:ss") | R7: 장 끝 | S7: ='안내'!$C$5&" | 창세기 9장 6절 ~ 10장 32절" | T7: ="#"&SUBSTITUTE('안내'!$C$5," ","")&" #성경읽기 #성경통독 #창세기 #개역한글" | U7: 창세기 9장 6절 ~ 10장 32절 (개역한글) 성경 본문: 개역한글판 · 낭독: AI 음성 | V7: 자동 입력 · 대조 필요 | W7: 줄바꿈 띄어쓰기 확인 | X7: 율법서: 광야와 장막, 돌판, 저녁 하늘 | Y7: 창세기 9장 6절부터. 무릇 사람의 피를 흘리면 사람이 그 피를 흘릴 것이니 이는 하나님이 자기 형상대로 사람을 지었음이니라. 너희는 생육하고 번성하며 땅에 편만하여 그 중에서 번성하라 하셨더라. 하나님이 노아와 그와 함께한 아들들에게 일러 가라사대, 내가 내 언약을 너희와 너희 후손과, 너희와 함께한 모든 생물 곧 너희와 함께한 새와 육축과 땅의 모든 생물에게 세우리니 방주에서 나온 모든 것 곧 땅의 모든 짐승에게니라. 내가 너희와 언약을 세우리니 다시는 모든 생물을 홍수로 멸하지 아니할 것이라 땅을 침몰할 홍수가 다시 있지 아니하리라. 하나님이 가라사대 내가 나와 너희와 및 너희와 함께 하는 모든 생물 사이에 영세까지 세우는 언약의 증거는 이것이라. 내가 내 무지개를 구름 속에 두었나니 이것이 나의 세상과의 언약의 증거니라. 내가 구름으로 땅을 덮을 때에 무지개가 구름 속에 나타나면, 내가 나와 너희와 및 혈기 있는 모든 생물 사이의 내 언약을 기억하리니 다시는 물이 모든 혈기 있는 자를 멸하는 홍수가 되지 아니할지라. 무지개가 구름 사이에 있으리니 내가 보고 나 하나님과 땅의 무릇 혈기 있는 모든 생물 사이에 된 영원한 언약을 기억하리라. 하나님이 노아에게 또 이르시되 내가 나와 땅에 있는 모든 생물 사이에 세운 언약의 증거가 이것이라 하셨더라. 방주에서 나온 노아의 아들들은 셈과 함과 야벳이며 함은 가나안의 아비라. 노아의 이 세 아들로 좇아 백성이 온 땅에 퍼지니라. 노아가 농업을 시작하여 포도나무를 심었더니, 포도주를 마시고 취하여 그 장막 안에서 벌거벗은지라. 가나안의 아비 함이 그 아비의 하체를 보고 밖으로 나가서 두 형제에게 고하매, 셈과 야벳이 옷을 취하여 자기들의 어깨에 메고 뒷걸음쳐 들어가서 아비의 하체에 덮었으며 그들이 얼굴을 돌이키고 그 아비의 하체를 보지 아니하였더라. 노아가 술이 깨어 그 작은 아들이 자기에게 행한 일을 알고, 이에 가로되 가나안은 저주를 받아 그 형제의 종들의 종이 되기를 원하노라. 또 가로되 셈의 하나님 여호와를 찬송하리로다. 가나안은 셈의 종이 되고, 하나님이 야벳을 창대케 하사 셈의 장막에 거하게 하시고 가나안은 그의 종이 되게 하시기를 원하노라 하였더라. 홍수 후에 노아가 삼백오십 년을 지내었고, 향년이 구백오십 세에 죽었더라. 창세기 10장. 노아의 아들 셈과 함과 야벳의 후예는 이러하니라. 홍수 후에 그들이 아들들을 낳았으니, 야벳의 아들은 고멜과 마곡과 마대와 야완과 두발과 메섹과 디라스요. 고멜의 아들은 아스그나스와 리밧과 도갈마요. 야완의 아들은 엘리사와 달시스와 깃딤과 도다님이라. 이들로부터 여러 나라 백성으로 나뉘어서 각기 방언과 종족과 나라대로 바닷가의 땅에 머물렀더라. 함의 아들은 구스와 미스라임과 붓과 가나안이요. 구스의 아들은 스바와 하윌라와 삽다와 라아마와 삽드가요 라아마의 아들은 스바와 드단이며, 구스가 또 니므롯을 낳았으니 그는 세상에 처음 영걸이라. 그가 여호와 앞에서 특이한 사냥꾼이 되었으므로 속담에 이르기를 아무는 여호와 앞에 니므롯 같은 특이한 사냥꾼이로다 하더라. 그의 나라는 시날 땅의 바벨과 에렉과 악갓과 갈레에서 시작되었으며, 그가 그 땅에서 앗수르로 나아가 니느웨와 르호보딜과 갈라와, 및 니느웨와 갈라 사이의 레센 (이는 큰 성이라) 을 건축하였으며, 미스라임은 루딤과 아나밈과 르하빔과 납두힘과, 바드루심과 가슬루힘과 갑도림을 낳았더라. (블레셋이 가슬루힘에게서 나왔더라) 가나안은 장자 시돈과 헷을 낳고, 또 여부스 족속과 아모리 족속과 기르가스 족속과, 히위 족속과 알가 족속과 신 족속과, 아르왓 족속과 스말 족속과 하맛 족속의 조상을 낳았더니 이 후로 가나안 자손의 족속이 흩어져 처하였더라. 가나안의 지경은 시돈에서부터 그랄을 지나 가사까지와 소돔과 고모라와 아드마와 스보임을 지나 라사까지였더라. 이들은 함의 자손이라 각기 족속과 방언과 지방과 나라대로이었더라. 셈은 에벨 온 자손의 조상이요 야벳의 형이라 그에게도 자녀가 출생하였으니, 셈의 아들은 엘람과 앗수르와 아르박삿과 룻과 아람이요. 아람의 아들은 우스와 훌과 게델과 마스며, 아르박삿은 셀라를 낳고 셀라는 에벨을 낳았으며, 에벨은 두 아들을 낳고 하나의 이름을 벨렉이라 하였으니 그 때에 세상이 나뉘었음이요 벨렉의 아우의 이름은 욕단이며, 욕단은 알모닷과 셀렙과 하살마웹과 예라와, 하도람과 우살과 디글라와, 오발과 아비마엘과 스바와, 오빌과 하윌라와 요밥을 낳았으니 이들은 다 욕단의 아들이며, 그들의 거하는 곳은 메사에서부터 스발로 가는 길의 동편 산이었더라. 이들은 셈의 자손이라 그 족속과 방언과 지방과 나라대로였더라. 이들은 노아 자손의 족속들이요 그 세계와 나라대로라 홍수 후에 이들에게서 땅의 열국 백성이 나뉘었더라. | Z7: 미착수 | AA7: 미착수 | AB7: 미착수
A8: 7 | B8: R0007 | C8: 구약 | D8: 7 | E8: 2 | F8: ='안내'!$C$6+E8-1 | G8: =CHOOSE(WEEKDAY(F8,2),"월","화","수","목","금","토","일") | H8: 3 | I8: =INDEX('안내'!$C$11:$C$16,H8) | J8: 창세기 | K8: 창세기 11~12장 | L8: 52 | M8: 2 | N8: 1741 | O8: =ROUND(N8/'안내'!$C$7*60+M8*'안내'!$C$8,0) | P8: =TEXT(O8/86400,"m:ss") | Q8: =TEXT((O8+'안내'!$C$9+'안내'!$C$10)/86400,"m:ss") | R8: 장 끝 | S8: ='안내'!$C$5&" | 창세기 11~12장" | T8: ="#"&SUBSTITUTE('안내'!$C$5," ","")&" #성경읽기 #성경통독 #창세기 #개역한글" | U8: 창세기 11~12장 (개역한글) 성경 본문: 개역한글판 · 낭독: AI 음성 | V8: 자동 입력 · 대조 필요 | W8: 줄바꿈 띄어쓰기 확인 | X8: 율법서: 광야와 장막, 돌판, 저녁 하늘 | Y8: 창세기 11장. 온 땅의 구음이 하나이요 언어가 하나이었더라. 이에 그들이 동방으로 옮기다가 시날 평지를 만나 거기 거하고, 서로 말하되 자, 벽돌을 만들어 견고히 굽자 하고 이에 벽돌로 돌을 대신하며 역청으로 진흙을 대신하고, 또 말하되 자, 성과 대를 쌓아 대 꼭대기를 하늘에 닿게 하여 우리 이름을 내고 온 지면에 흩어짐을 면하자 하였더니, 여호와께서 인생들의 쌓는 성과 대를 보시려고 강림하셨더라. 여호와께서 가라사대 이 무리가 한 족속이요 언어도 하나이므로 이같이 시작하였으니 이후로는 그 경영하는 일을 금지할 수 없으리로다. 자, 우리가 내려가서 거기서 그들의 언어를 혼잡케 하여 그들로 서로 알아듣지 못하게 하자 하시고, 여호와께서 거기서 그들을 온 지면에 흩으신 고로 그들이 성 쌓기를 그쳤더라. 그러므로 그 이름을 바벨이라 하니 이는 여호와께서 거기서 온 땅의 언어를 혼잡케 하셨음이라 여호와께서 거기서 그들을 온 지면에 흩으셨더라. 셈의 후예는 이러하니라. 셈은 일백 세 곧 홍수 후 이년에 아르박삿을 낳았고, 아르박삿을 낳은 후에 오백 년을 지내며 자녀를 낳았으며, 아르박삿은 삼십오 세에 셀라를 낳았고, 셀라를 낳은 후에 사백삼 년을 지내며 자녀를 낳았으며, 셀라는 삼십 세에 에벨을 낳았고, 에벨을 낳은 후에 사백삼 년을 지내며 자녀를 낳았으며, 에벨은 삼십사 세에 벨렉을 낳았고, 벨렉을 낳은 후에 사백삼십 년을 지내며 자녀를 낳았으며, 벨렉은 삼십 세에 르우를 낳았고, 르우를 낳은 후에 이백구 년을 지내며 자녀를 낳았으며, 르우는 삼십이 세에 스룩을 낳았고, 스룩을 낳은 후에 이백칠 년을 지내며 자녀를 낳았으며, 스룩은 삼십 세에 나홀을 낳았고, 나홀을 낳은 후에 이백 년을 지내며 자녀를 낳았으며, 나홀은 이십구 세에 데라를 낳았고, 데라를 낳은 후에 일백십구 년을 지내며 자녀를 낳았으며, 데라는 칠십 세에 아브람과 나홀과 하란을 낳았더라. 데라의 후예는 이러하니라. 데라는 아브람과 나홀과 하란을 낳았고 하란은 롯을 낳았으며, 하란은 그 아비 데라보다 먼저 본토 갈대아 우르에서 죽었더라. 아브람과 나홀이 장가들었으니 아브람의 아내 이름은 사래며 나홀의 아내 이름은 밀가니 하란의 딸이요 하란은 밀가의 아비며 또 이스가의 아비더라. 사래는 잉태하지 못하므로 자식이 없었더라. 데라가 그 아들 아브람과 하란의 아들 그 손자 롯과 그 자부 아브람의 아내 사래를 데리고 갈대아 우르에서 떠나 가나안 땅으로 가고자 하더니 하란에 이르러 거기 거하였으며, 데라는 이백오 세를 향수하고 하란에서 죽었더라. 창세기 12장. 여호와께서 아브람에게 이르시되 너는 너의 본토 친척 아비 집을 떠나 내가 네게 지시할 땅으로 가라. 내가 너로 큰 민족을 이루고 네게 복을 주어 네 이름을 창대케 하리니 너는 복의 근원이 될지라. 너를 축복하는 자에게는 내가 복을 내리고 너를 저주하는 자에게는 내가 저주하리니 땅의 모든 족속이 너를 인하여 복을 얻을 것이니라. 하신지라. 이에 아브람이 여호와의 말씀을 좇아갔고 롯도 그와 함께 갔으며 아브람이 하란을 떠날 때에 그 나이 칠십오 세였더라. 아브람이 그 아내 사래와 조카 롯과 하란에서 모은 모든 소유와 얻은 사람들을 이끌고 가나안 땅으로 가려고 떠나서 마침내 가나안 땅에 들어갔더라. 아브람이 그 땅을 통과하여 세겜 땅 모레 상수리나무에 이르니 그 때에 가나안 사람이 그 땅에 거하였더라. 여호와께서 아브람에게 나타나 가라사대 내가 이 땅을 네 자손에게 주리라. 하신지라 그가 자기에게 나타나신 여호와를 위하여 그 곳에 단을 쌓고, 거기서 벧엘 동편 산으로 옮겨 장막을 치니 서는 벧엘이요 동은 아이라 그가 그 곳에서 여호와를 위하여 단을 쌓고 여호와의 이름을 부르더니, 점점 남방으로 옮겨 갔더라. 그 땅에 기근이 있으므로 아브람이 애굽에 우거하려 하여 그리로 내려갔으니 이는 그 땅에 기근이 심하였음이라. 그가 애굽에 가까이 이를 때에 그 아내 사래더러 말하되 나 알기에 그대는 아리따운 여인이라. 애굽 사람이 그대를 볼 때에 이르기를 이는 그의 아내라 하고 나는 죽이고 그대는 살리리니, 원컨대 그대는 나의 누이라 하라 그리하면 내가 그대로 인하여 안전하고 내 목숨이 그대로 인하여 보존하겠노라 하니라. 아브람이 애굽에 이르렀을 때에 애굽 사람들이 그 여인의 심히 아리따움을 보았고, 바로의 대신들도 그를 보고 바로 앞에 칭찬하므로 그 여인을 바로의 궁으로 취하여 들인지라. 이에 바로가 그를 인하여 아브람을 후대하므로 아브람이 양과 소와 노비와 암수 나귀와 약대를 얻었더라. 여호와께서 아브람의 아내 사래의 연고로 바로와 그 집에 큰 재앙을 내리신지라. 바로가 아브람을 불러서 이르되 네가 어찌하여 나를 이렇게 대접하였느냐 네가 어찌하여 그를 네 아내라고 내게 고하지 아니하였느냐. 네가 어찌 그를 누이라 하여 나로 그를 취하여 아내를 삼게 하였느냐 네 아내가 여기 있으니 이제 데려가라 하고, 바로가 사람들에게 그의 일을 명하매 그들이 그 아내와 그 모든 소유를 보내었더라. | Z8: 미착수 | AA8: 미착수 | AB8: 미착수
A9: 8 | B9: R0008 | C9: 구약 | D9: 8 | E9: 2 | F9: ='안내'!$C$6+E9-1 | G9: =CHOOSE(WEEKDAY(F9,2),"월","화","수","목","금","토","일") | H9: 4 | I9: =INDEX('안내'!$C$11:$C$16,H9) | J9: 창세기 | K9: 창세기 13~14장 | L9: 42 | M9: 2 | N9: 1617 | O9: =ROUND(N9/'안내'!$C$7*60+M9*'안내'!$C$8,0) | P9: =TEXT(O9/86400,"m:ss") | Q9: =TEXT((O9+'안내'!$C$9+'안내'!$C$10)/86400,"m:ss") | R9: 장 끝 | S9: ='안내'!$C$5&" | 창세기 13~14장" | T9: ="#"&SUBSTITUTE('안내'!$C$5," ","")&" #성경읽기 #성경통독 #창세기 #개역한글" | U9: 창세기 13~14장 (개역한글) 성경 본문: 개역한글판 · 낭독: AI 음성 | V9: 자동 입력 · 대조 필요 | W9: 줄바꿈 띄어쓰기 확인 | X9: 율법서: 광야와 장막, 돌판, 저녁 하늘 | Y9: 창세기 13장. 아브람이 애굽에서 나올새 그와 그 아내와 모든 소유며 롯도 함께 하여 남방으로 올라가니, 아브람에게 육축과 은금이 풍부하였더라. 그가 남방에서부터 발행하여 벧엘에 이르며 벧엘과 아이 사이 전에 장막쳤던 곳에 이르니, 그가 처음으로 단을 쌓은 곳이라 그가 거기서 여호와의 이름을 불렀더라. 아브람의 일행 롯도 양과 소와 장막이 있으므로, 그 땅이 그들의 동거함을 용납지 못하였으니 곧 그들의 소유가 많아서 동거할 수 없었음이라. 그러므로 아브람의 가축의 목자와 롯의 가축의 목자가 서로 다투고 또 가나안 사람과 브리스 사람도 그 땅에 거하였는지라. 아브람이 롯에게 이르되 우리는 한 골육이라 나나 너나 내 목자나 네 목자나 서로 다투게 말자, 네 앞에 온 땅이 있지 아니하냐 나를 떠나라 네가 좌하면 나는 우하고 네가 우하면 나는 좌하리라. 이에 롯이 눈을 들어 요단들을 바라본즉 소알까지 온 땅에 물이 넉넉하니 여호와께서 소돔과 고모라를 멸하시기 전이었는 고로 여호와의 동산 같고 애굽 땅과 같았더라. 그러므로 롯이 요단 온 들을 택하고 동으로 옮기니 그들이 서로 떠난지라. 아브람은 가나안 땅에 거하였고 롯은 평지 성읍들에 머무르며 그 장막을 옮겨 소돔까지 이르렀더라. 소돔 사람은 악하여 여호와 앞에 큰 죄인이었더라. 롯이 아브람을 떠난 후에 여호와께서 아브람에게 이르시되 너는 눈을 들어 너 있는 곳에서 동서 남북을 바라보라. 보이는 땅을 내가 너와 네 자손에게 주리니 영원히 이르리라. 내가 네 자손으로 땅의 티끌 같게 하리니 사람이 땅의 티끌을 능히 셀 수 있을진대 네 자손도 세리라. 너는 일어나 그 땅을 종과 횡으로 행하여 보라 내가 그것을 네게 주리라. 이에 아브람이 장막을 옮겨 헤브론에 있는 마므레 상수리 수풀에 이르러 거하며 거기서 여호와를 위하여 단을 쌓았더라. 창세기 14장. 당시에 시날 왕 아므라벨과 엘라살 왕 아리옥과 엘람 왕 그돌라오멜과 고임 왕 디달이, 소돔 왕 베라와 고모라 왕 비르사와 아드마 왕 시납과 스보임 왕 세메벨과 벨라 곧 소알 왕과 싸우니라. 이들이 다 싯딤 골짜기 곧 지금 염해에 모였더라. 이들이 십이 년 동안 그돌라오멜을 섬기다가 제 십삼 년에 배반한지라. 제 십사 년에 그돌라오멜과 그와 동맹한 왕들이 나와서 아스드롯 가르나임에서 르바 족속을, 함에서 수스 족속을, 사웨 기랴다임에서 엠 족속을 치고, 호리 족속을 그 산 세일에서 쳐서 광야 근방 엘바란까지 이르렀으며, 그들이 돌이켜 엔미스밧 곧 가데스에 이르러 아말렉 족속의 온 땅과 하사손다말에 사는 아모리 족속을 친지라. 소돔 왕과 고모라 왕과 아드마 왕과 스보임 왕과 벨라 곧 소알 왕이 나와서 싯딤 골짜기에서 그들과 접전하였으니, 곧 그 다섯 왕이 엘람 왕 그돌라오멜과 고임 왕 디달과 시날 왕 아므라벨과 엘라살 왕 아리옥 네 왕과 교전하였더라. 싯딤 골짜기에는 역청 구덩이가 많은지라 소돔 왕과 고모라 왕이 달아날 때에 군사가 거기 빠지고 그 나머지는 산으로 도망하매, 네 왕이 소돔과 고모라의 모든 재물과 양식을 빼앗아 가고, 소돔에 거하는 아브람의 조카 롯도 사로잡고 그 재물까지 노략하여 갔더라. 도망한 자가 와서 히브리 사람 아브람에게 고하니 때에 아브람이 아모리 족속 마므레의 상수리 수풀 근처에 거하였더라. 마므레는 에스골의 형제요 또 아넬의 형제라 이들은 아브람과 동맹한 자더라. 아브람이 그 조카의 사로잡혔음을 듣고 집에서 길리고 연습한 자 삼백십팔 인을 거느리고 단까지 쫓아가서, 그 가신을 나누어 밤을 타서 그들을 쳐서 파하고 다메섹 좌편 호바까지 쫓아가서, 모든 빼앗겼던 재물과 자기 조카 롯과 그 재물과 또 부녀와 인민을 다 찾아왔더라. 아브람이 그돌라오멜과 그와 함께한 왕들을 파하고 돌아올 때에 소돔 왕이 사웨 골짜기 곧 왕곡에 나와 그를 영접하였고, 살렘 왕 멜기세덱이 떡과 포도주를 가지고 나왔으니 그는 지극히 높으신 하나님의 제사장이었더라. 그가 아브람에게 축복하여 가로되 천지의 주재시요 지극히 높으신 하나님이여 아브람에게 복을 주옵소서, 너희 대적을 네 손에 붙이신 지극히 높으신 하나님을 찬송할지로다 하매 아브람이 그 얻은 것에서 십분 일을 멜기세덱에게 주었더라. 소돔 왕이 아브람에게 이르되 사람은 내게 보내고 물품은 네가 취하라. 아브람이 소돔 왕에게 이르되 천지의 주재시요 지극히 높으신 하나님 여호와께 내가 손을 들어 맹세하노니, 네 말이 내가 아브람으로 치부케 하였다 할까 하여 네게 속한 것은 무론 한 실이나 신들메라도 내가 취하지 아니하리라. 오직 소년들의 먹은 것과 나와 동행한 아넬과 에스골과 마므레의 분깃을 제할지니 그들이 그 분깃을 취할 것이니라. | Z9: 미착수 | AA9: 미착수 | AB9: 미착수
A10: 9 | B10: R0009 | C10: 구약 | D10: 9 | E10: 3 | F10: ='안내'!$C$6+E10-1 | G10: =CHOOSE(WEEKDAY(F10,2),"월","화","수","목","금","토","일") | H10: 1 | I10: =INDEX('안내'!$C$11:$C$16,H10) | J10: 창세기 | K10: 창세기 15~16장 | L10: 37 | M10: 2 | N10: 1569 | O10: =ROUND(N10/'안내'!$C$7*60+M10*'안내'!$C$8,0) | P10: =TEXT(O10/86400,"m:ss") | Q10: =TEXT((O10+'안내'!$C$9+'안내'!$C$10)/86400,"m:ss") | R10: 장 끝 | S10: ='안내'!$C$5&" | 창세기 15~16장" | T10: ="#"&SUBSTITUTE('안내'!$C$5," ","")&" #성경읽기 #성경통독 #창세기 #개역한글" | U10: 창세기 15~16장 (개역한글) 성경 본문: 개역한글판 · 낭독: AI 음성 | V10: 자동 입력 · 대조 필요 | W10: 줄바꿈 띄어쓰기 확인 | X10: 율법서: 광야와 장막, 돌판, 저녁 하늘 | Y10: 창세기 15장. 이 후에 여호와의 말씀이 이상 중에 아브람에게 임하여 가라사대 아브람아 두려워 말라 나는 너의 방패요 너의 지극히 큰 상급이니라. 아브람이 가로되 주 여호와여 무엇을 내게 주시려나이까 나는 무자하오니 나의 상속자는 이 다메섹 엘리에셀이니이다. 아브람이 또 가로되 주께서 내게 씨를 아니주셨으니 내 집에서 길리운 자가 나의 후사가 될 것이니이다. 여호와의 말씀이 그에게 임하여 가라사대 그 사람은 너의 후사가 아니라. 네 몸에서 날 자가 네 후사가 되리라 하시고, 그를 이끌고 밖으로 나가 가라사대 하늘을 우러러 뭇 별을 셀 수 있나 보라 또 그에게 이르시되 네 자손이 이와 같으리라. 아브람이 여호와를 믿으니 여호와께서 이를 그의 의로 여기시고, 또 그에게 이르시되 나는 이 땅을 네게 주어 업을 삼게 하려고 너를 갈대아 우르에서 이끌어 낸 여호와로라. 그가 가로되 주 여호와여 내가 이 땅으로 업을 삼을 줄을 무엇으로 알리이까. 여호와께서 그에게 이르시되 나를 위하여 삼 년 된 암소와 삼 년 된 암염소와 삼 년 된 숫양과 산비둘기와 집비둘기 새끼를 취할지니라. 아브람이 그 모든 것을 취하여 그 중간을 쪼개고 그 쪼갠 것을 마주 대하여 놓고 그 새는 쪼개지 아니하였으며, 솔개가 그 사체 위에 내릴 때에는 아브람이 쫓았더라. 해질 때에 아브람이 깊이 잠든 중에 캄캄함이 임하므로 심히 두려워하더니, 여호와께서 아브람에게 이르시되 너는 정녕히 알라 네 자손이 이방에서 객이 되어 그들을 섬기겠고 그들은 사백 년 동안 네 자손을 괴롭게 하리니, 그 섬기는 나라를 내가 징치할지며 그 후에 네 자손이 큰 재물을 이끌고 나오리라. 너는 장수하다가 평안히 조상에게로 돌아가 장사될 것이요. 네 자손은 사 대 만에 이 땅으로 돌아오리니 이는 아모리 족속의 죄악이 아직 관영치 아니함이니라 하시더니, 해가 져서 어둘 때에 연기 나는 풀무가 보이며 타는 횃불이 쪼갠 고기 사이로 지나더라. 그 날에 여호와께서 아브람으로 더불어 언약을 세워 가라사대 내가 이 땅을 애굽 강에서부터 그 큰 강 유브라데까지 네 자손에게 주노니, 곧 겐 족속과 그니스 족속과 갓몬 족속과, 헷 족속과 브리스 족속과 르바 족속과, 아모리 족속과 가나안 족속과 기르가스 족속과 여부스 족속의 땅이니라. 하셨더라. 창세기 16장. 아브람의 아내 사래는 생산치 못하였고 그에게 한 여종이 있으니 애굽 사람이요 이름은 하갈이라. 사래가 아브람에게 이르되 여호와께서 나의 생산을 허락지 아니하셨으니 원컨대 나의 여종과 동침하라 내가 혹 그로 말미암아 자녀를 얻을까 하노라 하매 아브람이 사래의 말을 들으니라. 아브람의 아내 사래가 그 여종 애굽 사람 하갈을 가져 그 남편 아브람에게 첩으로 준 때는 아브람이 가나안 땅에 거한 지 십 년 후이었더라. 아브람이 하갈과 동침하였더니 하갈이 잉태하매 그가 자기의 잉태함을 깨닫고 그 여주인을 멸시한지라. 사래가 아브람에게 이르되 나의 받는 욕은 당신이 받아야 옳도다. 내가 나의 여종을 당신의 품에 두었거늘 그가 자기의 잉태함을 깨닫고 나를 멸시하니 당신과 나 사이에 여호와께서 판단하시기를 원하노라. 아브람이 사래에게 이르되 그대의 여종은 그대의 수중에 있으니 그대의 눈에 좋은 대로 그에게 행하라 하매 사래가 하갈을 학대하였더니 하갈이 사래의 앞에서 도망하였더라. 여호와의 사자가 광야의 샘 곁 곧 술 길 샘물 곁에서 그를 만나, 가로되 사래의 여종 하갈아 네가 어디서 왔으며 어디로 가느냐 그가 가로되 나는 나의 여주인 사래를 피하여 도망하나이다. 여호와의 사자가 그에게 이르되 네 여주인에게로 돌아가서 그 수하에 복종하라. 여호와의 사자가 또 그에게 이르되 내가 네 자손으로 크게 번성하여 그 수가 많아 셀 수 없게 하리라. 여호와의 사자가 또 그에게 이르되 네가 잉태하였은즉 아들을 낳으리니 그 이름을 이스마엘이라 하라 이는 여호와께서 네 고통을 들으셨음이니라. 그가 사람 중에 들나귀같이 되리니 그 손이 모든 사람을 치겠고 모든 사람의 손이 그를 칠지며 그가 모든 형제의 동방에서 살리라 하니라. 하갈이 자기에게 이르신 여호와의 이름을 감찰하시는 하나님이라 하였으니 이는 내가 어떻게 여기서 나를 감찰하시는 하나님을 뵈었는고 함이라. 이러므로 그 샘을 브엘라해로이라 불렀으며 그것이 가데스와 베렛 사이에 있더라. 하갈이 아브람의 아들을 낳으매 아브람이 하갈의 낳은 그 아들을 이름하여 이스마엘이라 하였더라. 하갈이 아브람에게 이스마엘을 낳을 때에 아브람이 팔십육 세이었더라. | Z10: 미착수 | AA10: 미착수 | AB10: 미착수
A11: 10 | B11: R0010 | C11: 구약 | D11: 10 | E11: 3 | F11: ='안내'!$C$6+E11-1 | G11: =CHOOSE(WEEKDAY(F11,2),"월","화","수","목","금","토","일") | H11: 2 | I11: =INDEX('안내'!$C$11:$C$16,H11) | J11: 창세기 | K11: 창세기 17장 | L11: 27 | M11: 1 | N11: 1095 | O11: =ROUND(N11/'안내'!$C$7*60+M11*'안내'!$C$8,0) | P11: =TEXT(O11/86400,"m:ss") | Q11: =TEXT((O11+'안내'!$C$9+'안내'!$C$10)/86400,"m:ss") | R11: 장 끝 | S11: ='안내'!$C$5&" | 창세기 17장" | T11: ="#"&SUBSTITUTE('안내'!$C$5," ","")&" #성경읽기 #성경통독 #창세기 #개역한글" | U11: 창세기 17장 (개역한글) 성경 본문: 개역한글판 · 낭독: AI 음성 | V11: 자동 입력 · 대조 필요 | W11: 줄바꿈 띄어쓰기 확인 | X11: 율법서: 광야와 장막, 돌판, 저녁 하늘 | Y11: 창세기 17장. 아브람의 구십구 세 때에 여호와께서 아브람에게 나타나서 그에게 이르시되 나는 전능한 하나님이라 너는 내 앞에서 행하여 완전하라. 내가 내 언약을 나와 너 사이에 세워 너로 심히 번성케 하리라 하시니, 아브람이 엎드린대 하나님이 또 그에게 일러 가라사대, 내가 너와 내 언약을 세우니 너는 열국의 아비가 될지라. 이제 후로는 네 이름을 아브람이라 하지 아니하고 아브라함이라 하리니 이는 내가 너로 열국의 아비가 되게 함이니라. 내가 너로 심히 번성케 하리니 나라들이 네게로 좇아 일어나며 열왕이 네게로 좇아 나리라. 내가 내 언약을 나와 너와 네 대대 후손의 사이에 세워서 영원한 언약을 삼고 너와 네 후손의 하나님이 되리라. 내가 너와 네 후손에게 너의 우거하는 이 땅 곧 가나안 일경으로 주어 영원한 기업이 되게 하고 나는 그들의 하나님이 되리라. 하나님이 또 아브라함에게 이르시되 그런즉 너는 내 언약을 지키고 네 후손도 대대로 지키라. 너희 중 남자는 다 할례를 받으라 이것이 나와 너희와 너희 후손 사이에 지킬 내 언약이니라. 너희는 양피를 베어라 이것이 나와 너희 사이의 언약의 표징이니라. 대대로 남자는 집에서 난 자나 혹 너희 자손이 아니요 이방 사람에게서 돈으로 산 자를 무론하고 난 지 팔 일 만에 할례를 받을 것이라. 너희 집에서 난 자든지 너희 돈으로 산 자든지 할례를 받아야 하리니 이에 내 언약이 너희 살에 있어 영원한 언약이 되려니와, 할례를 받지 아니한 남자 곧 그 양피를 베지 아니한 자는 백성 중에서 끊어지리니 그가 내 언약을 배반하였음이니라. 하나님이 또 아브라함에게 이르시되 네 아내 사래는 이름을 사래라 하지 말고 그 이름을 사라라 하라. 내가 그에게 복을 주어 그로 네게 아들을 낳아주게 하며 내가 그에게 복을 주어 그로 열국의 어미가 되게 하리니 민족의 열왕이 그에게서 나리라. 아브라함이 엎드리어 웃으며 심중에 이르되 백 세 된 사람이 어찌 자식을 낳을까 사라는 구십 세니 어찌 생산하리요 하고, 아브라함이 이에 하나님께 고하되 이스마엘이나 하나님 앞에 살기를 원하나이다. 하나님이 가라사대 아니라. 네 아내 사라가 정녕 네게 아들을 낳으리니 너는 그 이름을 이삭이라 하라 내가 그와 내 언약을 세우리니 그의 후손에게 영원한 언약이 되리라. 이스마엘에게 이르러는 내가 네 말을 들었나니 내가 그에게 복을 주어 생육이 중다하여 그로 크게 번성케 할지라 그가 열두 방백을 낳으리니 내가 그로 큰 나라가 되게 하려니와, 내 언약은 내가 명년 이 기한에 사라가 네게 낳을 이삭과 세우리라. 하나님이 아브라함과 말씀을 마치시고 그를 떠나 올라가셨더라. 이에 아브라함이 하나님이 자기에게 말씀하신 대로 이 날에 그 아들 이스마엘과 집에서 생장한 모든 자와 돈으로 산 모든 자 곧 아브라함의 집 사람 중 모든 남자를 데려다가 그 양피를 베었으니, 아브라함이 그 양피를 벤 때는 구십구 세이었고, 그 아들 이스마엘이 그 양피를 벤 때는 십삼 세이었더라. 당일에 아브라함과 그 아들 이스마엘이 할례를 받았고, 그 집의 모든 남자 곧 집에서 생장한 자와 돈으로 이방 사람에게서 사온 자가 다 그와 함께 할례를 받았더라. | Z11: 미착수 | AA11: 미착수 | AB11: 미착수
A12: 11 | B12: R0011 | C12: 구약 | D12: 11 | E12: 3 | F12: ='안내'!$C$6+E12-1 | G12: =CHOOSE(WEEKDAY(F12,2),"월","화","수","목","금","토","일") | H12: 3 | I12: =INDEX('안내'!$C$11:$C$16,H12) | J12: 창세기 | K12: 창세기 18장 | L12: 33 | M12: 1 | N12: 1460 | O12: =ROUND(N12/'안내'!$C$7*60+M12*'안내'!$C$8,0) | P12: =TEXT(O12/86400,"m:ss") | Q12: =TEXT((O12+'안내'!$C$9+'안내'!$C$10)/86400,"m:ss") | R12: 장 끝 | S12: ='안내'!$C$5&" | 창세기 18장" | T12: ="#"&SUBSTITUTE('안내'!$C$5," ","")&" #성경읽기 #성경통독 #창세기 #개역한글" | U12: 창세기 18장 (개역한글) 성경 본문: 개역한글판 · 낭독: AI 음성 | V12: 자동 입력 · 대조 필요 | W12: 줄바꿈 띄어쓰기 확인 | X12: 율법서: 광야와 장막, 돌판, 저녁 하늘 | Y12: 창세기 18장. 여호와께서 마므레 상수리 수풀 근처에서 아브라함에게 나타나시니라. 오정 즈음에 그가 장막문에 앉았다가, 눈을 들어 본즉 사람 셋이 맞은편에 섰는지라 그가 그들을 보자 곧 장막문에서 달려나가 영접하며 몸을 땅에 굽혀, 가로되 내 주여 내가 주께 은혜를 입었사오면 원컨대 종을 떠나 지나가지 마옵시고, 물을 조금 가져오게 하사 당신들의 발을 씻으시고 나무 아래서 쉬소서, 내가 떡을 조금 가져오리니 당신들의 마음을 쾌활케 하신 후에 지나가소서. 당신들이 종에게 오셨음이니이다. 그들이 가로되 네 말대로 그리하라. 아브라함이 급히 장막에 들어가 사라에게 이르러 이르되 속히 고운 가루 세 스아를 가져다가 반죽하여 떡을 만들라 하고, 아브라함이 또 짐승 떼에 달려가서 기름지고 좋은 송아지를 취하여 하인에게 주니 그가 급히 요리한지라. 아브라함이 버터와 우유와 하인이 요리한 송아지를 가져다가 그들의 앞에 진설하고 나무 아래 모셔 서매 그들이 먹으니라. 그들이 아브라함에게 이르되 네 아내 사라가 어디 있느냐 대답하되 장막에 있나이다. 그가 가라사대 기한이 이를 때에 내가 정녕 네게로 돌아오리니 네 아내 사라에게 아들이 있으리라 하시니 사라가 그 뒤 장막문에서 들었더라. 아브라함과 사라가 나이 많아 늙었고 사라의 경수는 끊어졌는지라. 사라가 속으로 웃고 이르되 내가 노쇠하였고 내 주인도 늙었으니 내게 어찌 낙이 있으리요. 여호와께서 아브라함에게 이르시되 사라가 왜 웃으며 이르기를 내가 늙었거늘 어떻게 아들을 낳으리요 하느냐. 여호와께 능치 못한 일이 있겠느냐 기한이 이를 때에 내가 네게로 돌아오리니 사라에게 아들이 있으리라. 사라가 두려워서 승인치 아니하여 가로되 내가 웃지 아니하였나이다. 가라사대 아니라. 네가 웃었느니라. 그 사람들이 거기서 일어나서 소돔으로 향하고 아브라함은 그들을 전송하러 함께 나가니라. 여호와께서 가라사대 나의 하려는 것을 아브라함에게 숨기겠느냐. 아브라함은 강대한 나라가 되고 천하 만민은 그를 인하여 복을 받게 될 것이 아니냐. 내가 그로 그 자식과 권속에게 명하여 여호와의 도를 지켜 의와 공도를 행하게 하려고 그를 택하였나니 이는 나 여호와가 아브라함에게 대하여 말한 일을 이루려 함이니라. 여호와께서 또 가라사대 소돔과 고모라에 대한 부르짖음이 크고 그 죄악이 심히 중하니, 내가 이제 내려가서 그 모든 행한 것이 과연 내게 들린 부르짖음과 같은지 그렇지 않은지 내가 보고 알려 하노라. 그 사람들이 거기서 떠나 소돔으로 향하여 가고 아브라함은 여호와 앞에 그대로 섰더니, 가까이 나아가 가로되 주께서 의인을 악인과 함께 멸하시려나이까. 그 성중에 의인 오십이 있을지라도 주께서 그 곳을 멸하시고 그 오십 의인을 위하여 용서치 아니하시리이까. 주께서 이같이 하사 의인을 악인과 함께 죽이심은 불가하오며 의인과 악인을 균등히 하심도 불가하니이다. 세상을 심판하시는 이가 공의를 행하실 것이 아니니이까. 여호와께서 가라사대 내가 만일 소돔 성중에서 의인 오십을 찾으면 그들을 위하여 온 지경을 용서하리라. 아브라함이 말씀하여 가로되 티끌과 같은 나라도 감히 주께 고하나이다. 오십 의인 중에 오 인이 부족할 것이면 그 오 인 부족함을 인하여 온 성을 멸하시리이까 가라사대 내가 거기서 사십오 인을 찾으면 멸하지 아니하리라. 아브라함이 또 고하여 가로되 거기서 사십 인을 찾으시면 어찌 하시려나이까 가라사대 사십 인을 인하여 멸하지 아니하리라. 아브라함이 가로되 내 주여 노하지 마옵시고 말씀하게 하옵소서. 거기서 삼십 인을 찾으시면 어찌 하시려나이까 가라사대 내가 거기서 삼십 인을 찾으면 멸하지 아니하리라. 아브라함이 또 가로되 내가 감히 내 주께 고하나이다. 거기서 이십 인을 찾으시면 어찌 하시려나이까 가라사대 내가 이십 인을 인하여 멸하지 아니하리라. 아브라함이 또 가로되 주는 노하지 마옵소서. 내가 이번만 더 말씀하리이다 거기서 십 인을 찾으시면 어찌 하시려나이까 가라사대 내가 십 인을 인하여도 멸하지 아니하리라. 여호와께서 아브라함과 말씀을 마치시고 즉시 가시니 아브라함도 자기 곳으로 돌아갔더라. | Z12: 미착수 | AA12: 미착수 | AB12: 미착수
A13: 12 | B13: R0012 | C13: 구약 | D13: 12 | E13: 3 | F13: ='안내'!$C$6+E13-1 | G13: =CHOOSE(WEEKDAY(F13,2),"월","화","수","목","금","토","일") | H13: 4 | I13: =INDEX('안내'!$C$11:$C$16,H13) | J13: 창세기 | K13: 창세기 19장 | L13: 38 | M13: 1 | N13: 1670 | O13: =ROUND(N13/'안내'!$C$7*60+M13*'안내'!$C$8,0) | P13: =TEXT(O13/86400,"m:ss") | Q13: =TEXT((O13+'안내'!$C$9+'안내'!$C$10)/86400,"m:ss") | R13: 장 끝 | S13: ='안내'!$C$5&" | 창세기 19장" | T13: ="#"&SUBSTITUTE('안내'!$C$5," ","")&" #성경읽기 #성경통독 #창세기 #개역한글" | U13: 창세기 19장 (개역한글) 성경 본문: 개역한글판 · 낭독: AI 음성 | V13: 자동 입력 · 대조 필요 | W13: 줄바꿈 띄어쓰기 확인 | X13: 율법서: 광야와 장막, 돌판, 저녁 하늘 | Y13: 창세기 19장. 날이 저물 때에 그 두 천사가 소돔에 이르니 마침 롯이 소돔 성문에 앉았다가 그들을 보고 일어나 영접하고 땅에 엎드리어 절하여, 가로되 내 주여 돌이켜 종의 집으로 들어와 발을 씻고 주무시고 일찌기 일어나 갈 길을 가소서. 그들이 가로되 아니라. 우리가 거리에서 경야하리라. 롯이 간청하매 그제야 돌이켜서 그 집으로 들어오는지라 롯이 그들을 위하여 식탁을 베풀고 무교병을 구우니 그들이 먹으니라. 그들의 눕기 전에 그 성 사람 곧 소돔 백성들이 무론 노소하고 사방에서 다 모여 그 집을 에워싸고, 롯을 부르고 그에게 이르되 이 저녁에 네게 온 사람이 어디 있느냐 이끌어 내라 우리가 그들을 상관하리라. 롯이 문 밖의 무리에게로 나가서 뒤로 문을 닫고, 이르되 청하노니 내 형제들아 이런 악을 행치 말라. 내게 남자를 가까이 아니한 두 딸이 있노라. 청컨대 내가 그들을 너희에게로 이끌어 내리니 너희 눈에 좋은 대로 그들에게 행하고 이 사람들은 내 집에 들어왔은즉 이 사람들에게는 아무 짓도 하지 말라. 그들이 가로되 너는 물러나라 또 가로되 이 놈이 들어와서 우거하면서 우리의 법관이 되려 하는도다. 이제 우리가 그들보다 너를 더 해하리라 하고 롯을 밀치며 가까이 나아와서 그 문을 깨치려 하는지라. 그 사람들이 손을 내밀어 롯을 집으로 끌어들이고 문을 닫으며, 문 밖의 무리로 무론 대소하고 그 눈을 어둡게 하니 그들이 문을 찾느라고 곤비하였더라. 그 사람들이 롯에게 이르되 이 외에 네게 속한 자가 또 있느냐 네 사위나 자녀나 성중에 네게 속한 자들을 다 성 밖으로 이끌어내라. 그들에 대하여 부르짖음이 여호와 앞에 크므로 여호와께서 우리로 이 곳을 멸하러 보내셨나니 우리가 멸하리라. 롯이 나가서 그 딸들과 정혼한 사위들에게 고하여 이르되 여호와께서 이 성을 멸하실 터이니 너희는 일어나 이 곳에서 떠나라 하되 그 사위들이 농담으로 여겼더라. 동틀 때에 천사가 롯을 재촉하여 가로되 일어나 여기 있는 네 아내와 두 딸을 이끌라 이 성의 죄악 중에 함께 멸망할까 하노라. 그러나 롯이 지체하매 그 사람들이 롯의 손과 그 아내의 손과 두 딸의 손을 잡아 인도하여 성 밖에 두니 여호와께서 그에게 인자를 더하심이었더라. 그 사람들이 그들을 밖으로 이끌어낸 후에 이르되 도망하여 생명을 보존하라 돌아보거나 들에 머무르거나 하지 말고 산으로 도망하여 멸망함을 면하라. 롯이 그들에게 이르되 내 주여 그리 마옵소서, 종이 주께 은혜를 얻었고 주께서 큰 인자를 내게 베푸사 내 생명을 구원하시오나 내가 도망하여 산까지 갈 수 없나이다. 두렵건대 재앙을 만나 죽을까 하나이다. 보소서. 저 성은 도망하기 가깝고 작기도 하오니 나로 그 곳에 도망하게 하소서. 이는 작은 성이 아니니이까 내 생명이 보존되리이다. 그가 그에게 이르되 내가 이 일에도 네 소원을 들었은즉 너의 말하는 성을 멸하지 아니하리니, 그리로 속히 도망하라 네가 거기 이르기까지는 내가 아무 일도 행할 수 없노라 하였더라. 그러므로 그 성 이름을 소알이라 불렀더라. 롯이 소알에 들어갈 때에 해가 돋았더라. 여호와께서 하늘 곧 여호와에게로서 유황과 불을 비같이 소돔과 고모라에 내리사, 그 성들과 온 들과 성에 거하는 모든 백성과 땅에 난 것을 다 엎어 멸하셨더라. 롯의 아내는 뒤를 돌아본 고로 소금 기둥이 되었더라. 아브라함이 그 아침에 일찌기 일어나 여호와의 앞에 섰던 곳에 이르러, 소돔과 고모라와 그 온 들을 향하여 눈을 들어 연기가 옹기점 연기같이 치밀음을 보았더라. 하나님이 들의 성들을 멸하실 때 곧 롯의 거하는 성을 엎으실 때에 아브라함을 생각하사 롯을 그 엎으시는 중에서 내어 보내셨더라. 롯이 소알에 거하기를 두려워하여 두 딸과 함께 소알에서 나와 산에 올라 거하되 그 두 딸과 함께 굴에 거하였더니, 큰 딸이 작은 딸에게 이르되 우리 아버지는 늙으셨고 이 땅에는 세상의 도리를 좇아 우리의 배필 될 사람이 없으니, 우리가 우리 아버지에게 술을 마시우고 동침하여 우리 아버지로 말미암아 인종을 전하자 하고, 그 밤에 그들이 아비에게 술을 마시우고 큰 딸이 들어가서 그 아비와 동침하니라. 그러자 그 아비는 그 딸의 눕고 일어나는 것을 깨닫지 못하였더라. 이튿날에 큰 딸이 작은 딸에게 이르되 어제 밤에는 내가 우리 아버지와 동침하였으니 오늘 밤에도 우리가 아버지에게 술을 마시우고 네가 들어가 동침하고 우리가 아버지로 말미암아 인종을 전하자 하고, 이 밤에도 그들이 아비에게 술을 마시우고 작은 딸이 일어나 아비와 동침하니라. 그러나 아비는 그 딸의 눕고 일어나는 것을 깨닫지 못하였더라. 롯의 두 딸이 아비로 말미암아 잉태하고, 큰 딸은 아들을 낳아 이름을 모압이라 하였으니 오늘날 모압 족속의 조상이요. 작은 딸도 아들을 낳아 이름을 벤암미라 하였으니 오늘날 암몬 족속의 조상이었더라. | Z13: 미착수 | AA13: 미착수 | AB13: 미착수
A14: 13 | B14: R0013 | C14: 구약 | D14: 13 | E14: 4 | F14: ='안내'!$C$6+E14-1 | G14: =CHOOSE(WEEKDAY(F14,2),"월","화","수","목","금","토","일") | H14: 1 | I14: =INDEX('안내'!$C$11:$C$16,H14) | J14: 창세기 | K14: 창세기 20장 1절 ~ 21장 19절 | L14: 37 | M14: 2 | N14: 1602 | O14: =ROUND(N14/'안내'!$C$7*60+M14*'안내'!$C$8,0) | P14: =TEXT(O14/86400,"m:ss") | Q14: =TEXT((O14+'안내'!$C$9+'안내'!$C$10)/86400,"m:ss") | R14: 문장 끝 | S14: ='안내'!$C$5&" | 창세기 20장 1절 ~ 21장 19절" | T14: ="#"&SUBSTITUTE('안내'!$C$5," ","")&" #성경읽기 #성경통독 #창세기 #개역한글" | U14: 창세기 20장 1절 ~ 21장 19절 (개역한글) 성경 본문: 개역한글판 · 낭독: AI 음성 | V14: 자동 입력 · 대조 필요 | W14: 줄바꿈 띄어쓰기 확인 | X14: 율법서: 광야와 장막, 돌판, 저녁 하늘 | Y14: 창세기 20장. 아브라함이 거기서 남방으로 이사하여 가데스와 술 사이 그랄에 우거하며, 그 아내 사라를 자기 누이라 하였으므로 그랄 왕 아비멜렉이 보내어 사라를 취하였더니, 그 밤에 하나님이 아비멜렉에게 현몽하시고 그에게 이르시되 네가 취한 이 여인을 인하여 네가 죽으리니 그가 남의 아내임이니라. 아비멜렉이 그 여인을 가까이 아니한 고로 그가 대답하되 주여 주께서 의로운 백성도 멸하시나이까. 그가 나더러 이는 내 누이라고 하지 아니하였나이까 그 여인도 그는 내 오라비라 하였사오니 나는 온전한 마음과 깨끗한 손으로 이렇게 하였나이다. 하나님이 꿈에 또 그에게 이르시되 네가 온전한 마음으로 이렇게 한 줄을 나도 알았으므로 너를 막아 내게 범죄하지 않게 하였나니 여인에게 가까이 못하게 함이 이 까닭이니라. 이제 그 사람의 아내를 돌려 보내라 그는 선지자라 그가 너를 위하여 기도하리니 네가 살려니와 네가 돌려 보내지 않으면 너와 네게 속한 자가 다 정녕 죽을 줄 알지니라. 아비멜렉이 그 아침에 일찌기 일어나 모든 신복을 불러 그 일을 다 말하여 들리매 그 사람들이 심히 두려워하였더라. 아비멜렉이 아브라함을 불러서 그에게 이르되 네가 어찌하여 우리에게 이리하느냐 내가 무슨 죄를 네게 범하였관대 네가 나와 내 나라로 큰 죄에 빠질 뻔하게 하였느냐 네가 합당치 않은 일을 내게 행하였도다 하고, 아비멜렉이 또 아브라함에게 이르되 네가 무슨 의견으로 이렇게 하였느냐. 아브라함이 가로되 이 곳에서는 하나님을 두려워함이 없으니 내 아내를 인하여 사람이 나를 죽일까 생각하였음이요. 또 그는 실로 나의 이복 누이로서 내 처가 되었음이니라. 하나님이 나로 내 아비 집을 떠나 두루 다니게 하실 때에 내가 아내에게 말하기를 이후로 우리의 가는 곳마다 그대는 나를 그대의 오라비라 하라 이것이 그대가 내게 베풀 은혜라 하였었노라. 아비멜렉이 양과 소와 노비를 취하여 아브라함에게 주고 그 아내 사라도 그에게 돌려 보내고, 아브라함에게 이르되 내 땅이 네 앞에 있으니 너 보기에 좋은 대로 거하라 하고, 사라에게 이르되 내가 은 천개를 네 오라비에게 주어서 그것으로 너와 함께한 여러 사람 앞에서 네 수치를 풀게 하였노니 네 일이 다 선히 해결되었느니라. 아브라함이 하나님께 기도하매 하나님이 아비멜렉과 그 아내와 여종을 치료하사 생산케 하셨으니, 여호와께서 이왕에 아브라함의 아내 사라의 연고로 아비멜렉의 집 모든 태를 닫히셨음이더라. 창세기 21장. 여호와께서 그 말씀대로 사라를 권고하셨고 여호와께서 그 말씀대로 사라에게 행하셨으므로, 사라가 잉태하고 하나님의 말씀하신 기한에 미쳐 늙은 아브라함에게 아들을 낳으니, 아브라함이 그 낳은 아들 곧 사라가 자기에게 낳은 아들을 이름하여 이삭이라 하였고, 그 아들 이삭이 난 지 팔 일 만에 그가 하나님의 명대로 할례를 행하였더라. 아브라함이 그 아들 이삭을 낳을 때에 백 세라. 사라가 가로되 하나님이 나로 웃게 하시니 듣는 자가 다 나와 함께 웃으리로다. 또 가로되 사라가 자식들을 젖 먹이겠다고 누가 아브라함에게 말하였으리요마는 아브라함 노경에 내가 아들을 낳았도다 하니라. 아이가 자라매 젖을 떼고 이삭의 젖을 떼는 날에 아브라함이 대연을 배설하였더라. 사라가 본즉 아브라함의 아들 애굽 여인 하갈의 소생이 이삭을 희롱하는지라. 그가 아브라함에게 이르되 이 여종과 그 아들을 내어쫓으라 이 종의 아들은 내 아들 이삭과 함께 기업을 얻지 못하리라 하매, 아브라함이 그 아들을 위하여 그 일이 깊이 근심이 되었더니, 하나님이 아브라함에게 이르시되 네 아이나 네 여종을 위하여 근심치 말고 사라가 네게 이른 말을 다 들으라 이삭에게서 나는 자라야 네 씨라 칭할 것임이니라. 그러나 여종의 아들도 네 씨니 내가 그로 한 민족을 이루게 하리라. 하신지라. 아브라함이 아침에 일찌기 일어나 떡과 물 한 가죽부대를 취하여 하갈의 어깨에 메워 주고 그 자식을 이끌고 가게 하매 하갈이 나가서 브엘세바 들에서 방황하더니, 가죽부대의 물이 다한지라 그 자식을 떨기나무 아래 두며, 가로되 자식의 죽는 것을 참아 보지 못하겠다 하고 살 한 바탕쯤 가서 마주 앉아 바라보며 방성대곡하니, 하나님이 그 아이의 소리를 들으시므로 하나님의 사자가 하늘에서부터 하갈을 불러 가라사대 하갈아 무슨 일이냐 두려워 말라 하나님이 거기 있는 아이의 소리를 들으셨나니, 일어나 아이를 일으켜 네 손으로 붙들라 그로 큰 민족을 이루게 하리라 하시니라. 하나님이 하갈의 눈을 밝히시매 샘물을 보고 가서 가죽부대에 물을 채워다가 그 아이에게 마시웠더라. | Z14: 미착수 | AA14: 미착수 | AB14: 미착수
A15: 14 | B15: R0014 | C15: 구약 | D15: 14 | E15: 4 | F15: ='안내'!$C$6+E15-1 | G15: =CHOOSE(WEEKDAY(F15,2),"월","화","수","목","금","토","일") | H15: 2 | I15: =INDEX('안내'!$C$11:$C$16,H15) | J15: 창세기 | K15: 창세기 21장 20절 ~ 22장 24절 | L15: 39 | M15: 2 | N15: 1618 | O15: =ROUND(N15/'안내'!$C$7*60+M15*'안내'!$C$8,0) | P15: =TEXT(O15/86400,"m:ss") | Q15: =TEXT((O15+'안내'!$C$9+'안내'!$C$10)/86400,"m:ss") | R15: 장 끝 | S15: ='안내'!$C$5&" | 창세기 21장 20절 ~ 22장 24절" | T15: ="#"&SUBSTITUTE('안내'!$C$5," ","")&" #성경읽기 #성경통독 #창세기 #개역한글" | U15: 창세기 21장 20절 ~ 22장 24절 (개역한글) 성경 본문: 개역한글판 · 낭독: AI 음성 | V15: 자동 입력 · 대조 필요 | W15: 줄바꿈 띄어쓰기 확인 | X15: 율법서: 광야와 장막, 돌판, 저녁 하늘 | Y15: 창세기 21장 20절부터. 하나님이 그 아이와 함께 계시매 그가 장성하여 광야에 거하며 활 쏘는 자가 되었더니, 그가 바란 광야에 거할 때에 그 어미가 그를 위하여 애굽 땅 여인을 취하여 아내를 삼게 하였더라. 때에 아비멜렉과 그 군대장관 비골이 아브라함에게 말하여 가로되 네가 무슨 일을 하든지 하나님이 너와 함께 계시도다. 그런즉 너는 나와 내 아들과 내 손자에게 거짓되이 행치 않기를 이제 여기서 하나님을 가리켜 내게 맹세하라 내가 네게 후대한 대로 너도 나와 너의 머무는 이 땅에 행할 것이니라. 아브라함이 가로되 내가 맹세하리라 하고, 아비멜렉의 종들이 아브라함의 우물을 늑탈한 일에 대하여 아브라함이 아비멜렉을 책망하매, 아비멜렉이 가로되 누가 그리하였는지 내가 알지 못하노라. 너도 내게 고하지 아니하였고 나도 듣지 못하였더니 오늘이야 들었노라. 아브라함이 양과 소를 취하여 아비멜렉에게 주고 두 사람이 서로 언약을 세우니라. 아브라함이 일곱 암양 새끼를 따로 놓으니, 아비멜렉이 아브라함에게 이르되 이 일곱 암양 새끼를 따로 놓음은 어찜이뇨, 아브라함이 가로되 너는 내 손에서 이 암양 새끼 일곱을 받아 내가 이 우물 판 증거를 삼으라 하고, 두 사람이 거기서 서로 맹세하였으므로 그 곳을 브엘세바라 이름하였더라. 그들이 브엘세바에서 언약을 세우매 아비멜렉과 그 군대장관 비골은 떠나 블레셋 족속의 땅으로 돌아갔고, 아브라함은 브엘세바에 에셀나무를 심고 거기서 영생하시는 하나님 여호와의 이름을 불렀으며, 그가 블레셋 족속의 땅에서 여러 날을 지내었더라. 창세기 22장. 그 일 후에 하나님이 아브라함을 시험하시려고 그를 부르시되 아브라함아 하시니 그가 가로되 내가 여기 있나이다. 여호와께서 가라사대 네 아들 네 사랑하는 독자 이삭을 데리고 모리아 땅으로 가서 내가 네게 지시하는 한 산 거기서 그를 번제로 드리라. 아브라함이 아침에 일찌기 일어나 나귀에 안장을 지우고 두 사환과 그 아들 이삭을 데리고 번제에 쓸 나무를 쪼개어 가지고 떠나 하나님의 자기에게 지시하시는 곳으로 가더니, 제 삼 일에 아브라함이 눈을 들어 그 곳을 멀리 바라본지라. 이에 아브라함이 사환에게 이르되 너희는 나귀와 함께 여기서 기다리라. 내가 아이와 함께 저기 가서 경배하고 너희에게로 돌아오리라 하고, 아브라함이 이에 번제 나무를 취하여 그 아들 이삭에게 지우고 자기는 불과 칼을 손에 들고 두 사람이 동행하더니, 이삭이 그 아비 아브라함에게 말하여 가로되 내 아버지여 하니 그가 가로되 내 아들아 내가 여기 있노라. 이삭이 가로되 불과 나무는 있거니와 번제할 어린 양은 어디 있나이까. 아브라함이 가로되 아들아 번제할 어린 양은 하나님이 자기를 위하여 친히 준비하시리라 하고 두 사람이 함께 나아가서, 하나님이 그에게 지시하신 곳에 이른지라 이에 아브라함이 그 곳에 단을 쌓고 나무를 벌여 놓고 그 아들 이삭을 결박하여 단 나무 위에 놓고, 손을 내밀어 칼을 잡고 그 아들을 잡으려 하더니, 여호와의 사자가 하늘에서부터 그를 불러 가라사대 아브라함아 아브라함아 하시는지라 아브라함이 가로되 내가 여기 있나이다 하매, 사자가 가라사대 그 아이에게 네 손을 대지 말라 아무 일도 그에게 하지 말라 네가 네 아들 네 독자라도 내게 아끼지 아니하였으니 내가 이제야 네가 하나님을 경외하는 줄을 아노라. 아브라함이 눈을 들어 살펴본즉 한 숫양이 뒤에 있는데 뿔이 수풀에 걸렸는지라 아브라함이 가서 그 숫양을 가져다가 아들을 대신하여 번제로 드렸더라. 아브라함이 그 땅 이름을 여호와이레라 하였으므로 오늘까지 사람들이 이르기를 여호와의 산에서 준비되리라 하더라. 여호와의 사자가 하늘에서부터 두 번째 아브라함을 불러, 가라사대 여호와께서 이르시기를 내가 나를 가리켜 맹세하노니 네가 이같이 행하여 네 아들 네 독자를 아끼지 아니하였은즉, 내가 네게 큰 복을 주고 네 씨로 크게 성하여 하늘의 별과 같고 바닷가의 모래와 같게 하리니 네 씨가 그 대적의 문을 얻으리라. 또 네 씨로 말미암아 천하 만민이 복을 얻으리니 이는 네가 나의 말을 준행하였음이니라. 하셨다 하니라. 이에 아브라함이 그 사환에게로 돌아와서 함께 떠나 브엘세바에 이르러 거기 거하였더라. 이 일 후에 혹이 아브라함에게 고하여 이르기를 밀가가 그대의 동생 나홀에게 자녀를 낳았다 하였더라. 그 맏아들은 우스요 우스의 동생은 부스와 아람의 아비 그므엘과, 게셋과 하소와 빌다스와 이들랍과 브두엘이라. 이 여덟 사람은 아브라함의 동생 나홀의 처 밀가의 소생이며 브두엘은 리브가를 낳았고, 나홀의 첩 르우마라 하는 자도 데바와 가함과 다하스와 마아가를낳았더라. | Z15: 미착수 | AA15: 미착수 | AB15: 미착수
A16: 15 | B16: R0015 | C16: 구약 | D16: 15 | E16: 4 | F16: ='안내'!$C$6+E16-1 | G16: =CHOOSE(WEEKDAY(F16,2),"월","화","수","목","금","토","일") | H16: 3 | I16: =INDEX('안내'!$C$11:$C$16,H16) | J16: 창세기 | K16: 창세기 23장 1절 ~ 24장 17절 | L16: 37 | M16: 2 | N16: 1670 | O16: =ROUND(N16/'안내'!$C$7*60+M16*'안내'!$C$8,0) | P16: =TEXT(O16/86400,"m:ss") | Q16: =TEXT((O16+'안내'!$C$9+'안내'!$C$10)/86400,"m:ss") | R16: 문장 끝 | S16: ='안내'!$C$5&" | 창세기 23장 1절 ~ 24장 17절" | T16: ="#"&SUBSTITUTE('안내'!$C$5," ","")&" #성경읽기 #성경통독 #창세기 #개역한글" | U16: 창세기 23장 1절 ~ 24장 17절 (개역한글) 성경 본문: 개역한글판 · 낭독: AI 음성 | V16: 자동 입력 · 대조 필요 | W16: 줄바꿈 띄어쓰기 확인 | X16: 율법서: 광야와 장막, 돌판, 저녁 하늘 | Y16: 창세기 23장. 사라가 일백이십칠 세를 살았으니 이것이 곧 사라의 향년이라. 사라가 가나안 땅 헤브론 곧 기럇아르바에서 죽으매 아브라함이 들어가서 사라를 위하여 슬퍼하며 애통하다가, 그 시체 앞에서 일어나 나가서 헷 족속에게 말하여 가로되, 나는 당신들 중에 나그네요 우거한 자니 청컨대 당신들 중에서 내게 매장지를 주어 소유를 삼아 나로 내 죽은 자를 내어 장사하게 하시오, 헷 족속이 아브라함에게 대답하여 가로되, 내 주여 들으소서. 당신은 우리 중 하나님의 방백이시니 우리 묘실 중에서 좋은 것을 택하여 당신의 죽은 자를 장사하소서. 우리 중에서 자기 묘실에 당신의 죽은 자 장사함을 금할 자가 없으리이다. 아브라함이 일어나 그 땅 거민 헷 족속을 향하여 몸을 굽히고, 그들에게 말하여 가로되 나로 나의 죽은 자를 내어 장사하게 하는 일이 당신들의 뜻일진대 내 말을 듣고 나를 위하여 소할의 아들 에브론에게 구하여, 그로 그 밭머리에 있는 막벨라 굴을 내게 주게 하되 준가를 받고 그 굴을 내게 주어서 당신들 중에 내 소유 매장지가 되게 하기를 원하노라. 때에 에브론이 헷 족속 중에 앉았더니 그가 헷 족속 곧 성문에 들어온 모든 자의 듣는데 아브라함에게 대답하여 가로되, 내 주여 그리 마시고 내 말을 들으소서. 내가 그 밭을 당신께 드리고 그 속의 굴도 내가 당신께 드리되 내가 내 동족 앞에서 당신께 드리오니 당신의 죽은 자를 장사하소서, 아브라함이 이에 그 땅 백성을 대하여 몸을 굽히고, 그 땅 백성의 듣는데 에브론에게 말하여 가로되 당신이 합당히 여기면 청컨대 내 말을 들으시오 내가 그 밭값을 당신에게 주리니 당신은 내게서 받으시오 내가 나의 죽은 자를 거기 장사하겠노라. 에브론이 아브라함에게 대답하여 가로되, 내 주여 내게 들으소서. 땅값은 은 사백 세겔이나 나와 당신 사이에 어찌 교계하리이까 당신의 죽은 자를 장사하소서, 아브라함이 에브론의 말을 좇아 에브론이 헷 족속의 듣는 데서 말한 대로 상고의 통용하는 은 사백 세겔을 달아 에브론에게 주었더니, 마므레 앞 막벨라에 있는 에브론의 밭을 바꾸어 그 속의 굴과 그 사방에 둘린 수목을 다. 성문에 들어온 헷 족속 앞에서 아브라함의 소유로 정한지라. 그 후에 아브라함이 그 아내 사라를 가나안 땅 마므레 앞 막벨라 밭 굴에 장사하였더라. (마므레는 곧 헤브론이라) 이와 같이 그 밭과 그 속의 굴을 헷 족속이 아브라함 소유 매장지로 정하였더라. 창세기 24장. 아브라함이 나이 많아 늙었고 여호와께서 그의 범사에 복을 주셨더라. 아브라함이 자기 집 모든 소유를 맡은 늙은 종에게 이르되 청컨대 네 손을 내 환도뼈 밑에 넣으라. 내가 너로 하늘의 하나님, 땅의 하나님이신 여호와를 가리켜 맹세하게 하노니 너는 나의 거하는 이 지방 가나안 족속의 딸 중에서 내 아들을 위하여 아내를 택하지 말고, 내 고향 내 족속에게로 가서 내 아들 이삭을 위하여 아내를 택하라. 종이 가로되 여자가 나를 좇아 이 땅으로 오고자 아니하거든 내가 주인의 아들을 주인의 나오신 땅으로 인도하여 돌아가리이까. 아브라함이 그에게 이르되 삼가 내 아들을 그리로 데리고 돌아가지 말라. 하늘의 하나님 여호와께서 나를 내 아버지의 집과 내 본토에서 떠나게 하시고 내게 말씀하시며 내게 맹세하여 이르시기를 이 땅을 네 씨에게 주리라. 하셨으니 그가 그 사자를 네 앞서 보내실지라 네가 거기서 내 아들을 위하여 아내를 택할지니라. 만일 여자가 너를 좇아오고자 아니하면 나의 이 맹세가 너와 상관이 없나니 오직 내 아들을 데리고 그리로 가지 말지니라. 종이 이에 주인 아브라함의 환도뼈 아래 손을 넣고 이 일에 대하여 그에게 맹세하였더라. 이에 종이 그 주인의 약대 중 열 필을 취하고 떠났는데 곧 그 주인의 모든 좋은 것을 가지고 떠나 메소보다미아로 가서 나홀의 성에 이르러, 그 약대를 성 밖 우물 곁에 꿇렸으니 저녁때라 여인들이 물을 길러 나올 때이었더라. 그가 가로되 우리 주인 아브라함의 하나님 여호와여 원컨대 오늘날 나로 순적히 만나게 하사 나의 주인 아브라함에게 은혜를 베푸시옵소서, 성중 사람의 딸들이 물 길러 나오겠사오니 내가 우물 곁에 섰다가, 한 소녀에게 이르기를 청컨대 너는 물 항아리를 기울여 나로 마시게 하라 하리니 그의 대답이 마시라 내가 당신의 약대에게도 마시우리라. 하면 그는 주께서 주의 종 이삭을 위하여 정하신 자라 이로 인하여 주께서 나의 주인에게 은혜 베푸심을 내가 알겠나이다. 말을 마치지 못하여서 리브가가 물 항아리를 어깨에 메고 나오니 그는 아브라함의 동생 나홀의 아내 밀가의 아들 브두엘의 소생이라. 그 소녀는 보기에 심히 아리땁고 지금까지 남자가 가까이 하지 아니한 처녀더라. 그가 우물에 내려가서 물을 그 물 항아리에 채워가지고 올라오는지라. 종이 마주 달려가서 가로되 청컨대 네 물 항아리의 물을 내게 조금 마시우라. | Z16: 미착수 | AA16: 미착수 | AB16: 미착수
A17: 16 | B17: R0016 | C17: 구약 | D17: 16 | E17: 4 | F17: ='안내'!$C$6+E17-1 | G17: =CHOOSE(WEEKDAY(F17,2),"월","화","수","목","금","토","일") | H17: 4 | I17: =INDEX('안내'!$C$11:$C$16,H17) | J17: 창세기 | K17: 창세기 24장 18절 ~ 55절 | L17: 38 | M17: 1 | N17: 1680 | O17: =ROUND(N17/'안내'!$C$7*60+M17*'안내'!$C$8,0) | P17: =TEXT(O17/86400,"m:ss") | Q17: =TEXT((O17+'안내'!$C$9+'안내'!$C$10)/86400,"m:ss") | R17: 문장 끝 | S17: ='안내'!$C$5&" | 창세기 24장 18절 ~ 55절" | T17: ="#"&SUBSTITUTE('안내'!$C$5," ","")&" #성경읽기 #성경통독 #창세기 #개역한글" | U17: 창세기 24장 18절 ~ 55절 (개역한글) 성경 본문: 개역한글판 · 낭독: AI 음성 | V17: 자동 입력 · 대조 필요 | W17: 줄바꿈 띄어쓰기 확인 | X17: 율법서: 광야와 장막, 돌판, 저녁 하늘 | Y17: 창세기 24장 18절부터. 그가 가로되 주여 마시소서 하며 급히 그 물 항아리를 손에 내려 마시게 하고, 마시우기를 다하고 가로되 당신의 약대도 위하여 물을 길어 그것들로 배불리 마시게 하리이다 하고, 급히 물 항아리의 물을 구유에 붓고 다시 길으려고 우물로 달려가서 모든 약대를 위하여 긷는지라. 그 사람이 그를 묵묵히 주목하며 여호와께서 과연 평탄한 길을 주신 여부를 알고자 하더니, 약대가 마시기를 다하매 그가 반 세겔 중 금고리 한 개와 열 세겔 중 금 손목고리 한 쌍을 그에게 주며, 가로되 네가 뉘 딸이냐 청컨대 내게 고하라 네 부친의 집에 우리 유숙할 곳이 있느냐. 그 여자가 그에게 이르되 나는 밀가가 나홀에게 낳은 아들 브두엘의 딸이니이다. 또 가로되 우리에게 짚과 보리가 족하며 유숙할 곳도 있나이다. 이에 그 사람이 머리를 숙여 여호와께 경배하고, 가로되 나의 주인 아브라함의 하나님 여호와를 찬송하나이다. 나의 주인에게 주의 인자와 성실을 끊이지 아니하셨사오며 여호와께서 길에서 나를 인도하사 내 주인의 동생 집에 이르게 하셨나이다 하니라. 소녀가 달려가서 이 일을 어미 집에 고하였더니, 리브가에게 오라비가 있어 이름은 라반이라 그가 우물로 달려가 그 사람에게 이르니, 그가 그 누이의 고리와 그 손의 손목고리를 보고 또 그 누이 리브가가 그 사람이 자기에게 이같이 말하더라 함을 듣고 그 사람에게로 나아감이라 때에 그가 우물가 약대 곁에 섰더라. 라반이 가로되 여호와께 복을 받은 자여 들어오소서. 어찌 밖에 섰나이까 내가 방과 약대의 처소를 예비하였나이다. 그 사람이 집으로 들어가매 라반이 약대의 짐을 부리고 짚과 보리를 약대에게 주고 그 사람의 발과 그 종자의 발 씻을 물을 주고, 그 앞에 식물을 베푸니 그 사람이 가로되 내가 내 일을 진술하기 전에는 먹지 아니하겠나이다. 라반이 가로되 말하소서, 그가 가로되 나는 아브라함의 종이니이다. 여호와께서 나의 주인에게 크게 복을 주어 창성케 하시되 우양과 은금과 노비와 약대와 나귀를 그에게 주셨고, 나의 주인의 부인 사라가 노년에 나의 주인에게 아들을 낳으매 주인이 그 모든 소유를 그 아들에게 주었나이다. 나의 주인이 나로 맹세하게 하여 가로되 너는 내 아들을 위하여 나 사는 땅 가나안 족속의 딸 중에서 아내를 택하지 말고, 내 아비 집 내 족속에게로 가서 내 아들을 위하여 아내를 택하라 하시기로, 내가 내 주인에게 말씀하되 혹 여자가 나를 좇지 아니하면 어찌하리이까 한즉, 주인이 내게 이르되 나의 섬기는 여호와께서 그 사자를 너와 함께 보내어 네게 평탄한 길을 주시리니 너는 내 족속 중 내 아비 집에서 내 아들을 위하여 아내를 택할 것이니라. 네가 내 족속에게 이를 때에는 네가 내 맹세와 상관이 없으리라. 설혹 그들이 네게 주지 아니할지라도 네가 내 맹세와 상관이 없으리라 하시기로, 내가 오늘 우물에 이르러 말씀하기를 나의 주인 아브라함의 하나님 여호와여 만일 나의 행하는 길에 형통함을 주실진대, 내가 이 우물 곁에 섰다가 청년 여자가 물을 길러 오거든 내가 그에게 청하기를 너는 물 항아리의 물을 내게 조금 마시우라 하여, 그의 대답이 당신은 마시라 내가 또 당신의 약대를 위하여도 길으리라. 하면 그 여자는 여호와께서 나의 주인의 아들을 위하여 정하여 주신 자가 되리이다 하며, 내가 묵도하기를 마치지 못하여 리브가가 물 항아리를 어깨에 메고 나와서 우물로 내려와 긷기로 내가 그에게 이르기를 청컨대 내게 마시우라 한즉, 그가 급히 물 항아리를 어깨에서 내리며 가로되 마시라 내가 당신의 약대에게도 마시우리라. 하기로 내가 마시매 그가 또 약대에게도 마시운지라. 내가 그에게 묻기를 네가 뉘 딸이뇨 한즉 가로되 밀가가 나홀에게 낳은 브두엘의 딸이라 하기로 내가 고리를 그 코에 꿰고 손목고리를 그 손에 끼우고, 나의 주인 아브라함의 하나님 여호와께서 나를 바른 길로 인도하사 나의 주인의 동생의 딸을 그 아들을 위하여 택하게 하셨으므로 내가 머리를 숙여 그에게 경배하고 찬송하였나이다. 이제 당신들이 인자와 진실로 나의 주인을 대접하려거든 내게 고하시고 그렇지 않을지라도 내게 고하여 나로 좌우간 행하게 하소서, 라반과 브두엘이 대답하여 가로되 이 일이 여호와께로 말미암았으니 우리는 가부를 말할 수 없노라. 리브가가 그대 앞에 있으니 데리고 가서 여호와의 명대로 그로 그대의 주인의 아들의 아내가 되게 하라. 아브라함의 종이 그들의 말을 듣고 땅에 엎드리어 여호와께 절하고, 은금 패물과 의복을 꺼내어 리브가에게 주고 그 오라비와 어미에게도 보물을 주니라. 이에 그들 곧 종과 종자들이 먹고 마시고 유숙하고 아침에 일어나서 그가 가로되 나를 보내어 내 주인에게로 돌아가게 하소서, 리브가의 오라비와 그 어미가 가로되 소녀로 며칠을 적어도 열흘을 우리와 함께 있게 하라 그 후에 그가 갈 것이니라. | Z17: 미착수 | AA17: 미착수 | AB17: 미착수
A18: 17 | B18: R0017 | C18: 구약 | D18: 17 | E18: 5 | F18: ='안내'!$C$6+E18-1 | G18: =CHOOSE(WEEKDAY(F18,2),"월","화","수","목","금","토","일") | H18: 1 | I18: =INDEX('안내'!$C$11:$C$16,H18) | J18: 창세기 | K18: 창세기 24장 56절 ~ 25장 34절 | L18: 46 | M18: 2 | N18: 1641 | O18: =ROUND(N18/'안내'!$C$7*60+M18*'안내'!$C$8,0) | P18: =TEXT(O18/86400,"m:ss") | Q18: =TEXT((O18+'안내'!$C$9+'안내'!$C$10)/86400,"m:ss") | R18: 장 끝 | S18: ='안내'!$C$5&" | 창세기 24장 56절 ~ 25장 34절" | T18: ="#"&SUBSTITUTE('안내'!$C$5," ","")&" #성경읽기 #성경통독 #창세기 #개역한글" | U18: 창세기 24장 56절 ~ 25장 34절 (개역한글) 성경 본문: 개역한글판 · 낭독: AI 음성 | V18: 자동 입력 · 대조 필요 | W18: 줄바꿈 띄어쓰기 확인 | X18: 율법서: 광야와 장막, 돌판, 저녁 하늘 | Y18: 창세기 24장 56절부터. 그 사람이 그들에게 이르되 나를 만류치 마소서. 여호와께서 내게 형통한 길을 주셨으니 나를 보내어 내 주인에게로 돌아가게 하소서, 그들이 가로되 우리가 소녀를 불러 그에게 물으리라 하고, 리브가를 불러 그에게 이르되 네가 이 사람과 함께 가려느냐 그가 대답하되 가겠나이다. 그들이 그 누이 리브가와 그의 유모와 아브라함의 종과 종자들을 보내며, 리브가에게 축복하여 가로되 우리 누이여 너는 천만 인의 어미가 될지어다. 네 씨로 그 원수의 성문을 얻게 할지어다. 리브가가 일어나 비자와 함께 약대를 타고 그 사람을 따라가니 종이 리브가를 데리고 가니라. 때에 이삭이 브엘 라해로이에서 왔으니 그가 남방에 거하였었음이라. 이삭이 저물 때에 들에 나가 묵상하다가 눈을 들어 보매 약대들이 오더라. 리브가가 눈을 들어 이삭을 바라보고 약대에서 내려, 종에게 말하되 들에서 배회하다가 우리에게로 마주 오는 자가 누구뇨 종이 가로되 이는 내 주인이니이다리브가가 면박을 취하여 스스로 가리우더라. 종이 그 행한 일을 다 이삭에게 고하매, 이삭이 리브가를 인도하여 모친 사라의 장막으로 들이고 그를 취하여 아내를 삼고 사랑하였으니 이삭이 모친 상사 후에 위로를 얻었더라. 창세기 25장. 아브라함이 후처를 취하였으니 그 이름은 그두라라. 그가 시므란과 욕산과 므단과 미디안과 이스박과 수아를 낳았고, 욕산은 스바와 드단을 낳았으며 드단의 자손은 앗수르 족속과 르두시 족속과 르움미 족속이며, 미디안의 아들은 에바와 에벨과 하녹과 아비다와 엘다아니 다 그두라의 자손이었더라. 아브라함이 이삭에게 자기 모든 소유를 주었고, 자기 서자들에게도 재물을 주어 자기 생전에 그들로 자기 아들 이삭을 떠나 동방 곧 동국으로 가게 하였더라. 아브라함의 향년이 일백칠십오 세라. 그가 수가 높고 나이 많아 기운이 진하여 죽어 자기 열조에게로 돌아가매, 그 아들 이삭과 이스마엘이 그를 마므레 앞 헷 족속 소할의 아들 에브론의 밭에 있는 막벨라 굴에 장사하였으니, 이것은 아브라함이 헷 족속에게서 산 밭이라 아브라함과 그 아내 사라가 거기 장사되니라. 아브라함이 죽은 후에 하나님이 그 아들 이삭에게 복을 주셨고 이삭은 브엘 라해로이 근처에 거하였더라. 사라의 여종 애굽인 하갈이 아브라함에게 낳은 아들 이스마엘의 후예는 이러하고, 이스마엘의 아들들의 이름은 그 이름과 그 세대대로 이와 같으니라. 이스마엘의 장자는 느바욧이요 그 다음은 게달과 앗브엘과 밉삼과, 미스마와 두마와 맛사와, 하닷과 데마와 여둘과 나비스와 게드마니, 이들은 이스마엘의 아들들이요 그 촌과 부락대로 된 이름이며 그 족속대로는 십이 방백이었더라. 이스마엘은 향년이 일백삼십칠 세에 기운이 진하여 죽어 자기 열조에게로 돌아갔고, 그 자손들은 하윌라에서부터 앗수르로 통하는 애굽 앞 술까지 이르러 그 모든 형제의 맞은편에 거하였더라. 아브라함의 아들 이삭의 후예는 이러하니라. 아브라함이 이삭을 낳았고, 이삭은 사십 세에 리브가를 취하여 아내를 삼았으니 리브가는 밧단 아람의 아람 족속 중 브두엘의 딸이요아람 족속 중 라반의 누이였더라. 이삭이 그 아내가 잉태하지 못하므로 그를 위하여 여호와께 간구하매 여호와께서 그 간구를 들으셨으므로 그 아내 리브가가 잉태하였더니, 아이들이 그의 태 속에서 서로 싸우는지라 그가 가로되 이같으면 내가 어찌할꼬 하고 가서 여호와께 묻자온대, 여호와께서 그에게 이르시되 두 국민이 네 태중에 있구나 두 민족이 네 복중에서부터 나누이리라. 이 족속이 저 족속보다 강하겠고 큰 자는 어린 자를 섬기리라. 하셨더라. 그 해산 기한이 찬즉 태에 쌍동이가 있었는데, 먼저 나온 자는 붉고 전신이 갖옷 같아서 이름을 에서라 하였고, 후에 나온 아우는 손으로 에서의 발꿈치를 잡았으므로 그 이름을 야곱이라 하였으며 리브가가 그들을 낳을 때에 이삭이 육십 세이었더라. 그 아이들이 장성하매 에서는 익숙한 사냥꾼인고로 들사람이 되고 야곱은 종용한 사람인고로 장막에 거하니, 이삭은 에서의 사냥한 고기를 좋아하므로 그를 사랑하고 리브가는 야곱을 사랑하였더라. 야곱이 죽을 쑤었더니 에서가 들에서부터 돌아와서 심히 곤비하여, 야곱에게 이르되 내가 곤비하니 그 붉은 것을 나로 먹게 하라 한지라 그러므로 에서의 별명은 에돔이더라. 야곱이 가로되 형의 장자의 명분을 오늘날 내게 팔라. 에서가 가로되 내가 죽게 되었으니 이 장자의 명분이 내게 무엇이 유익하리요. 야곱이 가로되 오늘 내게 맹세하라 에서가 맹세하고 장자의 명분을 야곱에게 판지라. 야곱이 떡과 팥죽을 에서에게 주매 에서가 먹으며 마시고 일어나서 갔으니 에서가 장자의 명분을 경홀히 여김이었더라. | Z18: 미착수 | AA18: 미착수 | AB18: 미착수
A19: 18 | B19: R0018 | C19: 구약 | D19: 18 | E19: 5 | F19: ='안내'!$C$6+E19-1 | G19: =CHOOSE(WEEKDAY(F19,2),"월","화","수","목","금","토","일") | H19: 2 | I19: =INDEX('안내'!$C$11:$C$16,H19) | J19: 창세기 | K19: 창세기 26장 | L19: 35 | M19: 1 | N19: 1482 | O19: =ROUND(N19/'안내'!$C$7*60+M19*'안내'!$C$8,0) | P19: =TEXT(O19/86400,"m:ss") | Q19: =TEXT((O19+'안내'!$C$9+'안내'!$C$10)/86400,"m:ss") | R19: 장 끝 | S19: ='안내'!$C$5&" | 창세기 26장" | T19: ="#"&SUBSTITUTE('안내'!$C$5," ","")&" #성경읽기 #성경통독 #창세기 #개역한글" | U19: 창세기 26장 (개역한글) 성경 본문: 개역한글판 · 낭독: AI 음성 | V19: 자동 입력 · 대조 필요 | W19: 줄바꿈 띄어쓰기 확인 | X19: 율법서: 광야와 장막, 돌판, 저녁 하늘 | Y19: 창세기 26장. 아브라함 때에 첫 흉년이 들었더니 그 땅에 또 흉년이 들매 이삭이 그랄로 가서 블레셋 왕 아비멜렉에게 이르렀더니, 여호와께서 이삭에게 나타나 가라사대 애굽으로 내려가지 말고 내가 네게 지시하는 땅에 거하라. 이 땅에 유하면 내가 너와 함께 있어 네게 복을 주고 내가 이 모든 땅을 너와 네 자손에게 주리라. 내가 네 아비 아브라함에게 맹세한 것을 이루어, 네 자손을 하늘의 별과 같이 번성케 하며 이 모든 땅을 네 자손에게 주리니 네 자손을 인하여 천하 만민이 복을 받으리라. 이는 아브라함이 내 말을 순종하고 내 명령과 내 계명과 내 율례와 내 법도를 지켰음이니라 하시니라. 이삭이 그랄에 거하였더니, 그 곳 사람들이 그 아내를 물으매 그가 말하기를 그는 나의 누이라 하였으니 리브가는 보기에 아리따우므로 그 곳 백성이 리브가로 인하여 자기를 죽일까 하여 그는 나의 아내라 하기를 두려워함이었더라. 이삭이 거기 오래 거하였더니 이삭이 그 아내 리브가를 껴안은 것을 블레셋 왕 아비멜렉이 창으로 내다본지라. 이에 아비멜렉이 이삭을 불러 이르되 그가 정녕 네 아내여늘 어찌 네 누이라 하였느냐 이삭이 그에게 대답하되 내 생각에 그를 인하여 내가 죽게 될까 두려워하였음이로라. 아비멜렉이 가로되 네가 어찌 우리에게 이렇게 행하였느냐 백성 중 하나가 네 아내와 동침하기 쉬웠을 뻔하였은즉 네가 죄를 우리에게 입혔으리라. 아비멜렉이 이에 모든 백성에게 명하여 가로되 이 사람이나 그 아내에게 범하는 자는 죽이리라 하였더라. 이삭이 그 땅에서 농사하여 그 해에 백 배나 얻었고 여호와께서 복을 주시므로, 그 사람이 창대하고 왕성하여 마침내 거부가 되어, 양과 소가 떼를 이루고 노복이 심히 많으므로 블레셋 사람이 그를 시기하여, 그 아비 아브라함 때에 그 아비의 종들이 판 모든 우물을 막고 흙으로 메웠더라. 아비멜렉이 이삭에게 이르되 네가 우리보다 크게 강성한즉 우리를 떠나가라. 이삭이 그 곳을 떠나 그랄 골짜기에 장막을 치고 거기 우거하며, 그 아비 아브라함 때에 팠던 우물들을 다시 팠으니 이는 아브라함 죽은 후에 블레셋 사람이 그 우물들을 메웠음이라 이삭이 그 우물들의 이름을 그 아비의 부르던 이름으로 불렀더라. 이삭의 종들이 골짜기에 파서 샘 근원을 얻었더니, 그랄 목자들이 이삭의 목자와 다투어 가로되 이 물은 우리의 것이라 하매 이삭이 그 다툼을 인하여 그 우물 이름을 에섹이라 하였으며, 또 다른 우물을 팠더니 그들이 또 다투는 고로 그 이름을 싯나라 하였으며, 이삭이 거기서 옮겨 다른 우물을 팠더니 그들이 다투지 아니하였으므로 그 이름을 르호봇이라 하여 가로되 이제는 여호와께서 우리의 장소를 넓게 하셨으니 이 땅에서 우리가 번성하리로다 하였더라. 이삭이 거기서부터 브엘세바로 올라갔더니, 그 밤에 여호와께서 그에게 나타나 가라사대 나는 네 아비 아브라함의 하나님이니 두려워 말라 내 종 아브라함을 위하여 내가 너와 함께 있어 네게 복을 주어 네 자손으로 번성케 하리라. 하신지라. 이삭이 그 곳에 단을 쌓아 여호와의 이름을 부르고 거기 장막을 쳤더니 그 종들이 거기서도 우물을 팠더라. 아비멜렉이 그 친구 아훗삿과 군대장관 비골로 더불어 그랄에서부터 이삭에게로 온지라. 이삭이 그들에게 이르되 너희가 나를 미워하여 나로 너희를 떠나가게 하였거늘 어찌하여 내게 왔느냐. 그들이 가로되 여호와께서 너와 함께 계심을 우리가 분명히 보았으므로 우리의 사이 곧 우리와 너의 사이에 맹세를 세워 너와 계약을 맺으리라 말하였노라. 너는 우리를 해하지 말라 이는 우리가 너를 범하지 아니하고 선한 일만 네게 행하며 너로 평안히 가게 하였음이니라. 이제 너는 여호와께 복을 받은 자니라. 이삭이 그들을 위하여 잔치를 베풀매 그들이 먹고 마시고, 아침에 일찌기 일어나 서로 맹세한 후에 이삭이 그들을 보내매 그들이 평안히 갔더라. 그 날에 이삭의 종들이 자기들의 판 우물에 대하여 이삭에게 와서 고하여 가로되 우리가 물을 얻었나이다 하매, 그가 그 이름을 세바라 한지라 그러므로 그 성읍 이름이 오늘까지 브엘세바더라. 에서가 사십 세에 헷 족속 브에리의 딸 유딧과 헷 족속 엘론의 딸 바스맛을 아내로 취하였더니, 그들이 이삭과 리브가의 마음의 근심이 되었더라. | Z19: 미착수 | AA19: 미착수 | AB19: 미착수
A20: 19 | B20: R0019 | C20: 구약 | D20: 19 | E20: 5 | F20: ='안내'!$C$6+E20-1 | G20: =CHOOSE(WEEKDAY(F20,2),"월","화","수","목","금","토","일") | H20: 3 | I20: =INDEX('안내'!$C$11:$C$16,H20) | J20: 창세기 | K20: 창세기 27장 1절 ~ 36절 | L20: 36 | M20: 1 | N20: 1561 | O20: =ROUND(N20/'안내'!$C$7*60+M20*'안내'!$C$8,0) | P20: =TEXT(O20/86400,"m:ss") | Q20: =TEXT((O20+'안내'!$C$9+'안내'!$C$10)/86400,"m:ss") | R20: 문장 끝 | S20: ='안내'!$C$5&" | 창세기 27장 1절 ~ 36절" | T20: ="#"&SUBSTITUTE('안내'!$C$5," ","")&" #성경읽기 #성경통독 #창세기 #개역한글" | U20: 창세기 27장 1절 ~ 36절 (개역한글) 성경 본문: 개역한글판 · 낭독: AI 음성 | V20: 자동 입력 · 대조 필요 | W20: 줄바꿈 띄어쓰기 확인 | X20: 율법서: 광야와 장막, 돌판, 저녁 하늘 | Y20: 창세기 27장. 이삭이 나이 많아 눈이 어두워 잘 보지 못하더니 맏아들 에서를 불러 가로되 내 아들아 하매 그가 가로되 내가 여기 있나이다 하니, 이삭이 가로되 내가 이제 늙어 어느 날 죽을는지 알지 못하노니, 그런즉 네 기구 곧 전통과 활을 가지고 들에 가서 나를 위하여 사냥하여, 나의 즐기는 별미를 만들어 내게로 가져다가 먹게 하여 나로 죽기 전에 내 마음껏 네게 축복하게 하라. 이삭이 그 아들 에서에게 말할 때에 리브가가 들었더니 에서가 사냥하여 오려고 들로 나가매, 리브가가 그 아들 야곱에게 일러 가로되 네 부친이 네 형 에서에게 말씀하시는 것을 내가 들으니 이르시기를, 나를 위하여 사냥하여 가져다가 별미를 만들어 나로 먹게 하여 죽기 전에 여호와 앞에서 네게 축복하게 하라 하셨으니, 그런즉 내 아들아 내 말을 좇아 내가 네게 명하는 대로, 염소 떼에 가서 거기서 염소의 좋은 새끼를 내게로 가져오면 내가 그것으로 네 부친을 위하여 그 즐기시는 별미를 만들리니, 네가 그것을 가져 네 부친께 드려서 그로 죽으시기 전에 네게 축복하기 위하여 잡수시게 하라. 야곱이 그 모친 리브가에게 이르되 내 형 에서는 털사람이요 나는 매끈매끈한 사람인즉, 아버지께서 나를 만지실진대 내가 아버지께 속이는 자로 뵈일지라 복은 고사하고 저주를 받을까 하나이다. 어미가 그에게 이르되 내 아들아 너의 저주는 내게로 돌리리니 내 말만 좇고 가서 가져오라. 그가 가서 취하여 어미에게로 가져왔더니 그 어미가 그 아비의 즐기는 별미를 만들었더라. 리브가가 집안 자기 처소에 있는 맏아들 에서의 좋은 의복을 취하여 작은 아들 야곱에게 입히고, 또 염소 새끼의 가죽으로 그 손과 목의 매끈매끈한 곳에 꾸미고, 그 만든 별미와 떡을 자기 아들 야곱의 손에 주매, 야곱이 아버지에게 나아가서 내 아버지여 하고 부른대 가로되 내가 여기 있노라. 내 아들아 네가 누구냐. 야곱이 아비에게 대답하되 나는 아버지의 맏아들 에서로소이다 아버지께서 내게 명하신 대로 내가 하였사오니 청컨대 일어나 앉아서 내 사냥한 고기를 잡수시고 아버지의 마음껏 내게 축복하소서, 이삭이 그 아들에게 이르되 내 아들아 네가 어떻게 이같이 속히 잡았느냐 그가 가로되 아버지의 하나님 여호와께서 나로 순적히 만나게 하셨음이니이다. 이삭이 야곱에게 이르되 내 아들아 가까이 오라 네가 과연 내 아들 에서인지 아닌지 내가 너를 만지려 하노라. 야곱이 그 아비 이삭에게 가까이 가니 이삭이 만지며 가로되 음성은 야곱의 음성이나 손은 에서의 손이로다 하며, 그 손이 형 에서의 손과 같이 털이 있으므로 능히 분별치 못하고 축복하였더라. 이삭이 가로되 네가 참 내 아들 에서냐 그가 대답하되 그러하니이다. 이삭이 가로되 내게로 가져오라 내 아들의 사냥한 고기를 먹고 내 마음껏 네게 축복하리라. 야곱이 그에게로 가져가매 그가 먹고 또 포도주를 가져가매 그가 마시고, 그 아비 이삭이 그에게 이르되 내 아들아 가까이 와서 내게 입맞추라. 그가 가까이 가서 그에게 입맞추니 아비가 그 옷의 향취를 맡고 그에게 축복하여 가로되 내 아들의 향취는 여호와의 복 주신 밭의 향취로다. 하나님은 하늘의 이슬과 땅의 기름짐이며 풍성한 곡식과 포도주로 네게 주시기를 원하노라. 만민이 너를 섬기고 열국이 네게 굴복하리니 네가 형제들의 주가 되고 네 어미의 아들들이 네게 굴복하며 네게 저주하는 자는 저주를 받고 네게 축복하는 자는 복을 받기를 원하노라. 이삭이 야곱에게 축복하기를 마치매 야곱이 그 아비 이삭 앞에서 나가자 곧 그 형 에서가 사냥하여 돌아온지라. 그가 별미를 만들어 아비에게로 가지고 가서 가로되 아버지여 일어나서 아들의 사냥한 고기를 잡수시고 마음껏 내게 축복하소서, 그 아비 이삭이 그에게 이르되 너는 누구냐 그가 대답하되 나는 아버지의 아들 곧 아버지의 맏아들 에서로소이다. 이삭이 심히 크게 떨며 가로되 그런즉 사냥한 고기를 내게 가져온 자가 누구냐 너 오기 전에 내가 다 먹고 그를 위하여 축복하였은즉 그가 정녕 복을 받을 것이니라. 에서가 그 아비의 말을 듣고 방성대곡하며 아비에게 이르되 내 아버지여 내게 축복하소서. 내게도 그리하소서, 이삭이 가로되 네 아우가 간교하게 와서 네 복을 빼앗았도다. 에서가 가로되 그의 이름을 야곱이라 함이 합당치 아니하니이까 그가 나를 속임이 이것이 두 번째니이다. 전에는 나의 장자의 명분을 빼앗고 이제는 내 복을 빼앗았나이다. 또 가로되 아버지께서 나를 위하여 빌 복을 남기지 아니하셨나이까. | Z20: 미착수 | AA20: 미착수 | AB20: 미착수
A21: 20 | B21: R0020 | C21: 구약 | D21: 20 | E21: 6 | F21: ='안내'!$C$6+E21-1 | G21: =CHOOSE(WEEKDAY(F21,2),"월","화","수","목","금","토","일") | H21: 1 | I21: =INDEX('안내'!$C$11:$C$16,H21) | J21: 창세기 | K21: 창세기 27장 37절 ~ 28장 22절 | L21: 32 | M21: 2 | N21: 1518 | O21: =ROUND(N21/'안내'!$C$7*60+M21*'안내'!$C$8,0) | P21: =TEXT(O21/86400,"m:ss") | Q21: =TEXT((O21+'안내'!$C$9+'안내'!$C$10)/86400,"m:ss") | R21: 장 끝 | S21: ='안내'!$C$5&" | 창세기 27장 37절 ~ 28장 22절" | T21: ="#"&SUBSTITUTE('안내'!$C$5," ","")&" #성경읽기 #성경통독 #창세기 #개역한글" | U21: 창세기 27장 37절 ~ 28장 22절 (개역한글) 성경 본문: 개역한글판 · 낭독: AI 음성 | V21: 자동 입력 · 대조 필요 | W21: 줄바꿈 띄어쓰기 확인 | X21: 율법서: 광야와 장막, 돌판, 저녁 하늘 | Y21: 창세기 27장 37절부터. 이삭이 에서에게 대답하여 가로되 내가 그를 너의 주로 세우고 그 모든 형제를 내가 그에게 종으로 주었으며 곡식과 포도주를 그에게 공급하였으니 내 아들아 내가 네게 무엇을 할 수 있으랴, 에서가 아비에게 이르되 내 아버지여 아버지의 빌 복이 이 하나뿐이리이까 내 아버지여 내게 축복하소서. 내게도 그리하소서 하고 소리를 높여 우니, 그 아비 이삭이 그에게 대답하여 가로되 너의 주소는 땅의 기름짐에서 뜨고 내리는 하늘 이슬에서 뜰 것이며, 너는 칼을 믿고 생활하겠고 네 아우를 섬길 것이며 네가 매임을 벗을 때에는 그 멍에를 네 목에서 떨쳐 버리리라 하였더라. 그 아비가 야곱에게 축복한 그 축복을 인하여 에서가 야곱을 미워하여 심중에 이르기를 아버지를 곡할 때가 가까왔은즉 내가 내 아우 야곱을 죽이리라 하였더니, 맏아들 에서의 이 말이 리브가에게 들리매 이에 보내어 작은 아들 야곱을 불러 그에게 이르되 네 형 에서 가 너를 죽여 그 한을 풀려 하나니, 내 아들아 내 말을 좇아 일어나 하란으로 가서 내 오라버니 라반에게 피하여, 네 형의 노가 풀리기까지 몇날 동안 그와 함께 거하라. 네 형의 분노가 풀려 네가 자기에게 행한 것을 잊어버리거든 내가 곧 보내어 너를 거기서 불러오리라. 어찌 하루에 너희 둘을 잃으랴, 리브가가 이삭에게 이르되 내가 헷 사람의 딸들을 인하여 나의 생명을 싫어하거늘 야곱이 만일 이 땅의 딸들 곧 그들과 같은 헷 사람의 딸들 중에서 아내를 취하면 나의 생명이 내게 무슨 재미가 있으리이까. 창세기 28장. 이삭이 야곱을 불러 그에게 축복하고 또 부탁하여 가로되 너는 가나안 사람의 딸들 중에서 아내를 취하지 말고, 일어나 밧단아람으로 가서 너의 외조부 브두엘 집에 이르러 거기서 너의 외삼촌 라반의 딸 중에서 아내를 취하라. 전능하신 하나님이 네게 복을 주어 너로 생육하고 번성케 하사 너로 여러 족속을 이루게 하시고, 아브라함에게 허락하신 복을 네게 주시되 너와 너와 함께 네 자손에게 주사 너로 하나님이 아브라함에게 주신 땅 곧 너의 우거하는 땅을 유업으로 받게 하시기를 원하노라. 이에 이삭이 야곱을 보내었더니 밧단아람으로 가서 라반에게 이르렀으니 라반은 아람 사람 브두엘의 아들이요 야곱과 에서의 어미 리브가의 오라비더라. 에서가 본즉 이삭이 야곱에게 축복하고 그를 밧단아람으로 보내어 거기서 아내를 취하게 하였고 또 그에게 축복하고 명하기를 너는 가나안 사람의 딸들 중에서 아내를 취하지 말라 하였고, 또 야곱이 부모의 명을 좇아 밧단아람으로 갔으며, 에서가 또 본즉 가나안 사람의 딸들이 그 아비 이삭을 기쁘게 못하는지라. 이에 에서가 이스마엘에게 가서 그 본처들 외에 아브라함의 아들 이스마엘의 딸이요 느바욧의 누이인 마할랏을 아내로 취하였더라. 야곱이 브엘세바에서 떠나 하란으로 향하여 가더니, 한 곳에 이르러는 해가 진지라 거기서 유숙하려고 그 곳의 한 돌을 취하여 베개하고 거기 누워 자더니, 꿈에 본즉 사닥다리가 땅 위에 섰는데 그 꼭대기가 하늘에 닿았고 또 본즉 하나님의 사자가 그 위에서 오르락내리락하고, 또 본즉 여호와께서 그 위에 서서 가라사대 나는 여호와니 너의 조부 아브라함의 하나님이요 이삭의 하나님이라 너 누운 땅을 내가 너와 네 자손에게 주리니, 네 자손이 땅의 티끌같이 되어서 동서 남북에 편만할지며 땅의 모든 족속이 너와 네 자손을 인하여 복을 얻으리라. 내가 너와 함께 있어 네가 어디로 가든지 너를 지키며 너를 이끌어 이 땅으로 돌아오게 할지라 내가 네게 허락한 것을 다 이루기까지 너를 떠나지 아니하리라. 하신지라. 야곱이 잠이 깨어 가로되 여호와께서 과연 여기 계시거늘 내가 알지 못하였도다. 이에 두려워하여 가로되 두렵도다. 이 곳이여 다른 것이 아니라. 이는 하나님의 전이요 이는 하늘의 문이로다 하고, 야곱이 아침에 일찌기 일어나 베개하였던 돌을 가져 기둥으로 세우고 그 위에 기름을 붓고, 그 곳 이름을 벧엘이라 하였더라. 이 성의 본 이름은 루스더라. 야곱이 서원하여 가로되 하나님이 나와 함께 계시사 내가 가는 이 길에서 나를 지키시고 먹을 양식과 입을 옷을 주사, 나로 평안히 아비 집으로 돌아가게 하시오면 여호와께서 나의 하나님이 되실 것이요. 내가 기둥으로 세운 이 돌이 하나님의 전이 될 것이요 하나님께서 내게 주신 모든 것에서 십분 일을 내가 반드시 하나님께 드리겠나이다 하였더라. | Z21: 미착수 | AA21: 미착수 | AB21: 미착수
A22: 21 | B22: R0021 | C22: 구약 | D22: 21 | E22: 6 | F22: ='안내'!$C$6+E22-1 | G22: =CHOOSE(WEEKDAY(F22,2),"월","화","수","목","금","토","일") | H22: 2 | I22: =INDEX('안내'!$C$11:$C$16,H22) | J22: 창세기 | K22: 창세기 29장 | L22: 35 | M22: 1 | N22: 1383 | O22: =ROUND(N22/'안내'!$C$7*60+M22*'안내'!$C$8,0) | P22: =TEXT(O22/86400,"m:ss") | Q22: =TEXT((O22+'안내'!$C$9+'안내'!$C$10)/86400,"m:ss") | R22: 장 끝 | S22: ='안내'!$C$5&" | 창세기 29장" | T22: ="#"&SUBSTITUTE('안내'!$C$5," ","")&" #성경읽기 #성경통독 #창세기 #개역한글" | U22: 창세기 29장 (개역한글) 성경 본문: 개역한글판 · 낭독: AI 음성 | V22: 자동 입력 · 대조 필요 | W22: 줄바꿈 띄어쓰기 확인 | X22: 율법서: 광야와 장막, 돌판, 저녁 하늘 | Y22: 창세기 29장. 야곱이 발행하여 동방 사람의 땅에 이르러, 본즉 들에 우물이 있고 그 곁에 양 세 떼가 누웠으니 이는 목자들이 그 우물에서 물을 양 떼에게 먹임이라 큰 돌로 우물 아구를 덮었다가, 모든 떼가 모이면 그들이 우물 아구에서 돌을 옮기고 양에게 물을 먹이고는 여전히 우물 아구 그 자리에 돌을 덮더라. 야곱이 그들에게 이르되 나의 형제여 어디로서뇨 그들이 가로되 하란에서로라. 야곱이 그들에게 이르되 너희가 나홀의 손자 라반을 아느냐 그들이 가로되 아노라. 야곱이 그들에게 이르되 그가 평안하냐 가로되 평안하니라. 그 딸 라헬이 지금 양을 몰고 오느니라. 야곱이 가로되 해가 아직 높은즉 짐승 모일 때가 아니니 양에게 물을 먹이고 가서 뜯기라. 그들이 가로되 우리가 그리하지 못하겠노라. 떼가 다 모이고 목자들이 우물 아구에서 돌을 옮겨야 우리가 양에게 물을 먹이느리라. 야곱이 그들과 말하는 중에 라헬이 그 아비의 양과 함께 오니 그가 그의 양들을 침이었더라. 야곱이 그 외삼촌 라반의 딸 라헬과 그 외삼촌의 양을 보고 나아가서 우물 아구에서 돌을 옮기고 외삼촌 라반의 양 떼에게 물을 먹이고, 그가 라헬에게 입맞추고 소리내어 울며, 그에게 자기가 그의 아비의 생질이요 리브가의 아들됨을 고하였더니 라헬이 달려가서 그 아비에게 고하매, 라반이 그 생질 야곱의 소식을 듣고 달려와서 그를 영접하여 안고 입맞추고 자기 집으로 인도하여 들이니 야곱이 자기의 모든 일을 라반에게 고하매, 라반이 가로되 너는 참으로 나의 골육이로다 하였더라. 야곱이 한 달을 그와 함께 거하더니, 라반이 야곱에게 이르되 네가 비록 나의 생질이나 어찌 공으로 내 일만 하겠느냐 무엇이 네 보수겠느냐 내게 고하라. 라반이 두 딸이 있으니 형의 이름은 레아요 아우의 이름은 라헬이라. 레아는 안력이 부족하고 라헬은 곱고 아리따우니, 야곱이 라헬을 연애하므로 대답하되 내가 외삼춘의 작은 딸 라헬을 위하여 외삼촌에게 칠 년을 봉사하리이다. 라반이 가로되 그를 네게 주는 것이 타인에게 주는 것보다 나으니 나와 함께 있으라. 야곱이 라헬을 위하여 칠 년 동안 라반을 봉사하였으나 그를 연애하는 까닭에 칠 년을 수일같이 여겼더라. 야곱이 라반에게 이르되 내 기한이 찼으니 내 아내를 내게 주소서. 내가 그에게 들어가겠나이다. 라반이 그 곳 사람을 다 모아 잔치하고, 저녁에 그 딸 레아를 야곱에게로 데려가매 야곱이 그에게로 들어가니라. 라반이 또 그 여종 실바를 그 딸 레아에게 시녀로 주었더라. 야곱이 아침에 보니 레아라 라반에게 이르되 외삼촌이 어찌하여 내게 이같이 행하셨나이까 내가 라헬을 위하여 외삼촌께 봉사하지 아니하였나이까 외삼촌이 나를 속이심은 어찜이니이까. 라반이 가로되 형보다 아우를 먼저 주는 것은 우리 지방에서 하지 아니하는 바이라. 이를 위하여 칠 일을 채우라 우리가 그도 네게 주리니 네가 그를 위하여 또 칠 년을 내게 봉사할지니라. 야곱이 그대로 하여 그 칠 일을 채우매 라반이 딸 라헬도 그에게 아내로 주고, 라반이 또 그 여종 빌하를 그 딸 라헬에게 주어 시녀가 되게 하매, 야곱이 또한 라헬에게로 들어갔고 그가 레아보다 라헬을 더 사랑하고 다시 칠 년을 라반에게 봉사하였더라. 여호와께서 레아에게 총이 없음을 보시고 그의 태를 여셨으나 라헬은 무자하였더라. 레아가 잉태하여 아들을 낳고 그 이름을 르우벤이라 하여 가로되 여호와께서 나의 괴로움을 권고하셨으니 이제는 내 남편이 나를 사랑하리로다 하였더라. 그가 다시 잉태하여 아들을 낳고 가로되 여호와께서 나의 총이 없음을 들으셨으므로 내게 이도 주셨도다 하고 그 이름을 시므온이라 하였으며, 그가 또 잉태하여 아들을 낳고 가로되 내가 그에게 세 아들을 낳았으니 내 남편이 지금부터 나와 연합하리로다 하고 그 이름을 레위라 하였으며, 그가 또 잉태하여 아들을 낳고 가로되 내가 이제는 여호와를 찬송하리로다 하고 이로 인하여 그가 그 이름을 유다라 하였고 그의 생산이 멈추었더라. | Z22: 미착수 | AA22: 미착수 | AB22: 미착수
A23: 22 | B23: R0022 | C23: 구약 | D23: 22 | E23: 6 | F23: ='안내'!$C$6+E23-1 | G23: =CHOOSE(WEEKDAY(F23,2),"월","화","수","목","금","토","일") | H23: 3 | I23: =INDEX('안내'!$C$11:$C$16,H23) | J23: 창세기 | K23: 창세기 30장 1절 ~ 36절 | L23: 36 | M23: 1 | N23: 1545 | O23: =ROUND(N23/'안내'!$C$7*60+M23*'안내'!$C$8,0) | P23: =TEXT(O23/86400,"m:ss") | Q23: =TEXT((O23+'안내'!$C$9+'안내'!$C$10)/86400,"m:ss") | R23: 문장 끝 | S23: ='안내'!$C$5&" | 창세기 30장 1절 ~ 36절" | T23: ="#"&SUBSTITUTE('안내'!$C$5," ","")&" #성경읽기 #성경통독 #창세기 #개역한글" | U23: 창세기 30장 1절 ~ 36절 (개역한글) 성경 본문: 개역한글판 · 낭독: AI 음성 | V23: 자동 입력 · 대조 필요 | W23: 줄바꿈 띄어쓰기 확인 | X23: 율법서: 광야와 장막, 돌판, 저녁 하늘 | Y23: 창세기 30장. 라헬이 자기가 야곱에게 아들을 낳지 못함을 보고 그 형을 투기하여 야곱에게 이르되 나로 자식을 낳게 하라 그렇지 아니하면 내가 죽겠노라. 야곱이 라헬에게 노를 발하여 가로되 그대로 성태치 못하게 하시는 이는 하나님이시니 내가 하나님을 대신하겠느냐. 라헬이 가로되 나의 여종 빌하에게로 들어가라 그가 아들을 낳아 내 무릎에 두리니 그러면 나도 그를 인하여 자식을 얻겠노라 하고, 그 시녀 빌하를 남편에게 첩으로 주매 야곱이 그에게로 들어갔더니, 빌하가 잉태하여 야곱에게 아들을 낳은지라. 라헬이 가로되 하나님이 내 억울함을 푸시려고 내 소리를 들으사 내게 아들을 주셨다 하고 이로 인하여 그 이름을 단이라 하였으며, 라헬의 시녀 빌하가 다시 잉태하여 둘째 아들을 야곱에게 낳으매, 라헬이 가로되 내가 형과 크게 경쟁하여 이기었다 하고 그 이름을 납달리라 하였더라. 레아가 자기의 생산이 멈춤을 보고 그 시녀 실바를 취하여 야곱에게 주어 첩을 삼게 하였더니, 레아의 시녀 실바가 야곱에게 아들을 낳으매, 레아가 가로되 복되도다 하고 그 이름을 갓이라 하였으며, 레아의 시녀 실바가 둘째 아들을 야곱에게 낳으매, 레아가 가로되 기쁘도다. 모든 딸들이 나를 기쁜 자라 하리로다 하고 그 이름을 아셀이라 하였더라. 맥추 때에 르우벤이 나가서 들에서 합환채를 얻어 어미 레아에게 드렸더니 라헬이 레아에게 이르되 형의 아들의 합환채를 청구하노라. 레아가 그에게 이르되 네가 내 남편을 빼앗은 것이 작은 일이냐 그런데 네가 내 아들의 합환채도 빼앗고자 하느냐 라헬이 가로되 그러면 형의 아들의 합환채 대신에 오늘 밤에 내 남편이 형과 동침하리라 하니라. 저물 때에 야곱이 들에서 돌아오매 레아가 나와서 그를 영접하며 이르되 내게로 들어오라 내가 내 아들의 합환채로 당신을 샀노라. 그 밤에 야곱이 그와 동침하였더라. 하나님이 레아를 들으셨으므로 그가 잉태하여 다섯째 아들을 야곱에게 낳은지라. 레아가 가로되 내가 내 시녀를 남편에게 주었으므로 하나님이 내게 그 값을 주셨다 하고 그 이름을 잇사갈이라 하였으며, 레아가 다시 잉태하여 여섯째 아들을 야곱에게 낳은지라. 레아가 가로되 하나님이 내게 후한 선물을 주시도다. 내가 남편에게 여섯 아들을 낳았으니 이제는 그가 나와 함께 거하리라 하고 그 이름을 스불론이라 하였으며, 그 후에 그가 딸을 낳고 그 이름을 디나라 하였더라. 하나님이 라헬을 생각하신지라 하나님이 그를 들으시고 그 태를 여신 고로, 그가 잉태하여 아들을 낳고 가로되 하나님이 나의 부끄러움을 씻으셨다 하고, 그 이름을 요셉이라 하니 여호와는 다시 다른 아들을 내게 더하시기를 원하노라 함이었더라. 라헬이 요셉을 낳은 때에 야곱이 라반에게 이르되 나를 보내어 내 고향 내 본토로 가게 하시되, 내가 외삼촌에게서 일하고 얻은 처자를 내게 주어 나로 가게 하소서. 내가 외삼촌께 한 일은 외삼촌이 아시나이다. 라반이 그에게 이르되 여호와께서 너로 인하여 내게 복 주신 줄을 내가 깨달았노니 네가 나를 사랑스럽게 여기거든 유하라. 또 가로되 네 품삯을 정하라 내가 그것을 주리라. 야곱이 그에게 이르되 내가 어떻게 외삼촌을 섬겼는지, 어떻게 외삼촌의 짐승을 쳤는지 외삼촌이 아시나이다. 내가 오기 전에는 외삼촌의 소유가 적더니 번성하여 떼를 이루었나이다. 나의 공력을 따라 여호와께서 외삼촌에게 복을 주셨나이다. 그러나 나는 어느 때에나 내 집을 세우리이까. 라반이 가로되 내가 무엇으로 네게 주랴 야곱이 가로되 외삼촌께서 아무것도 내게 주실 것이 아니라. 나를 위하여 이 일을 행하시면 내가 다시 외삼촌의 양 떼를 먹이고 지키리이다. 오늘 내가 외삼촌의 양 떼로 두루 다니며 그 양 중에 아롱진 자와 점 있는 자와 검은 자를 가리어 내며 염소 중에 점 있는 자와 아롱진 자를 가리어 내리니 이같은 것이 나면 나의 삯이 되리이다. 후일에 외삼촌께서 오셔서 내 품삯을 조사하실 때에 나의 의가 나의 표징이 되리이다 내게 혹시 염소 중 아롱지지 아니한 자나 점이 없는 자나 양 중 검지 아니한 자가 있거든 다 도적질한 것으로 인정하소서, 라반이 가로되 내가 네 말대로 하리라 하고, 그 날에 그가 숫염소 중 얼룩무늬 있는 자와 점 있는 자를 가리고 암염소 중 흰 바탕에 아롱진 자와 점 있는 자를 가리고 양 중의 검은 자들을 가려 자기 아들들의 손에 붙이고, 자기와 야곱의 사이를 사흘 길이 뜨게 하였고 야곱은 라반의 남은 양 떼를 치니라. | Z23: 미착수 | AA23: 미착수 | AB23: 미착수
A24: 23 | B24: R0023 | C24: 구약 | D24: 23 | E24: 6 | F24: ='안내'!$C$6+E24-1 | G24: =CHOOSE(WEEKDAY(F24,2),"월","화","수","목","금","토","일") | H24: 4 | I24: =INDEX('안내'!$C$11:$C$16,H24) | J24: 창세기 | K24: 창세기 30장 37절 ~ 31장 28절 | L24: 35 | M24: 2 | N24: 1423 | O24: =ROUND(N24/'안내'!$C$7*60+M24*'안내'!$C$8,0) | P24: =TEXT(O24/86400,"m:ss") | Q24: =TEXT((O24+'안내'!$C$9+'안내'!$C$10)/86400,"m:ss") | R24: 문장 끝 | S24: ='안내'!$C$5&" | 창세기 30장 37절 ~ 31장 28절" | T24: ="#"&SUBSTITUTE('안내'!$C$5," ","")&" #성경읽기 #성경통독 #창세기 #개역한글" | U24: 창세기 30장 37절 ~ 31장 28절 (개역한글) 성경 본문: 개역한글판 · 낭독: AI 음성 | V24: 자동 입력 · 대조 필요 | W24: 줄바꿈 띄어쓰기 확인 | X24: 율법서: 광야와 장막, 돌판, 저녁 하늘 | Y24: 창세기 30장 37절부터. 야곱이 버드나무와 살구나무와 신풍나무의 푸른 가지를 취하여 그것들의 껍질을 벗겨 흰 무늬를 내고, 그 껍질 벗긴 가지를 양 떼가 와서 먹는 개천의 물구유에 세워 양 떼에 향하게 하매 그 떼가 물을 먹으러 올 때에 새끼를 배니, 가지 앞에서 새끼를 배므로 얼룩얼룩한 것과 점이 있고 아롱진 것을 낳은지라. 야곱이 새끼 양을 구분하고 그 얼룩무늬와 검은 빛 있는 것으로 라반의 양과 서로 대하게 하며 자기 양을 따로 두어 라반의 양과 섞이지 않게 하며, 실한 양이 새끼 밸 때에는 야곱이 개천에다가 양 떼의 눈 앞에 그 가지를 두어 양으로 그 가지 곁에서 새끼를 배게 하고, 약한 양이면 그 가지를 두지 아니하니 이러므로 약한 자는 라반의 것이 되고 실한 자는 야곱의 것이 된지라. 이에 그 사람이 심히 풍부하여 양 떼와 노비와 약대와 나귀가 많았더라. 창세기 31장. 야곱이 들은즉 라반의 아들들의 말이 야곱이 우리 아버지의 소유를 다 빼앗고 우리 아버지의 소유로 인하여 이같이 거부가 되었다 하는지라. 야곱이 라반의 안색을 본즉 자기에게 대하여 전과 같지 아니하더라. 여호와께서 야곱에게 이르시되 네 조상의 땅, 네 족속에게로 돌아가라 내가 너와 함께 있으리라. 하신지라. 야곱이 보내어 라헬과 레아를 자기 양 떼 있는 들로 불러다가, 그들에게 이르되 내가 그대들의 아버지의 안색을 본즉 내게 대하여 전과 같지 아니하도다. 그러할지라도 내 아버지의 하나님은 나와 함께 계셨느니라. 그대들도 알거니와 내가 힘을 다하여 그대들의 아버지를 섬겼거늘, 그대들의 아버지가 나를 속여 품삯을 열 번이나 변역하였느니라. 그러나 하나님이 그를 금하사 나를 해치 못하게 하셨으며, 그가 이르기를 점 있는 것이 네 삯이 되리라. 하면 온 양 떼의 낳은 것이 점 있는 것이요 또 얼룩무늬 있는 것이 네 삯이 되리라. 하면 온 양 떼의 낳은 것이 얼룩무늬 있는 것이니, 하나님이 이같이 그대들의 아버지의 짐승을 빼앗아 내게 주셨으니라. 그 양 떼가 새끼 밸 때에 내가 꿈에 눈을 들어 보니 양 떼를 탄 수양은 다 얼룩무늬 있는 것, 점 있는 것, 아롱진 것이었더라. 꿈에 하나님의 사자가 내게 말씀하시기를 야곱아 하기로 내가 대답하기를 여기 있나이다 하매, 가라사대 네 눈을 들어 보라 양 떼를 탄 숫양은 다 얼룩무늬 있는 것, 점 있는 것, 아롱진 것이니라. 라반이 네게 행한 모든 것을 내가 보았노라. 나는 벧엘 하나님이라 네가 거기서 기둥에 기름을 붓고 거기서 내게 서원하였으니 지금 일어나 이 곳을 떠나서 네 출생지로 돌아가라 하셨느니라. 라헬과 레아가 그에게 대답하여 가로되 우리가 우리 아버지 집에서 무슨 분깃이나 유업이나 있으리요. 아버지가 우리를 팔고 우리의 돈을 다 먹었으니 아버지가 우리를 외인으로 여기는 것이 아닌가, 하나님이 우리 아버지에게서 취하신 재물은 우리와 우리 자식의 것이니 이제 하나님이 당신에게 이르신 일을 다 준행하라. 야곱이 일어나 자식들과 아내들을 약대들에게 태우고, 그 얻은 바 모든 짐승과 모든 소유물 곧 그가 밧단아람에서 얻은 짐승을 이끌고 가나안 땅에 있는 그 아비 이삭에게로 가려할새, 때에 라반이 양털을 깎으러 갔으므로 라헬은 그 아비의 드라빔을 도적질하고, 야곱은 그 거취를 아람 사람 라반에게 고하지 않고 가만히 떠났더라. 그가 그 모든 소유를 이끌고 강을 건너 길르앗 산을 향하여 도망한 지, 삼 일 만에 야곱의 도망한 것이 라반에게 들린지라. 라반이 그 형제를 거느리고 칠 일 길을 쫓아가 길르앗 산에서 그에게 미쳤더니, 밤에 하나님이 아람 사람 라반에게 현몽하여 가라사대 너는 삼가 야곱에게 선악간 말하지 말라 하셨더라. 라반이 야곱을 쫓아 미치니 야곱이 산에 장막을 쳤는지라 라반이 그 형제로 더불어 길르앗 산에 장막을 치고, 라반이 야곱에게 이르되 네가 내게 알리지 아니하고 가만히 내 딸들을 칼로 잡은 자같이 끌고 갔으니 어찌 이같이 하였느냐. 내가 즐거움과 노래와 북과 수금으로 너를 보내겠거늘 어찌하여 네가 나를 속이고 가만히 도망하고 내게 고하지 아니하였으며, 나로 내 손자들과 딸들에게 입맞추지 못하게 하였느냐 네 소위가 실로 어리석도다. | Z24: 미착수 | AA24: 미착수 | AB24: 미착수
A25: 24 | B25: R0024 | C25: 구약 | D25: 24 | E25: 7 | F25: ='안내'!$C$6+E25-1 | G25: =CHOOSE(WEEKDAY(F25,2),"월","화","수","목","금","토","일") | H25: 1 | I25: =INDEX('안내'!$C$11:$C$16,H25) | J25: 창세기 | K25: 창세기 31장 29절 ~ 55절 | L25: 27 | M25: 1 | N25: 1440 | O25: =ROUND(N25/'안내'!$C$7*60+M25*'안내'!$C$8,0) | P25: =TEXT(O25/86400,"m:ss") | Q25: =TEXT((O25+'안내'!$C$9+'안내'!$C$10)/86400,"m:ss") | R25: 장 끝 | S25: ='안내'!$C$5&" | 창세기 31장 29절 ~ 55절" | T25: ="#"&SUBSTITUTE('안내'!$C$5," ","")&" #성경읽기 #성경통독 #창세기 #개역한글" | U25: 창세기 31장 29절 ~ 55절 (개역한글) 성경 본문: 개역한글판 · 낭독: AI 음성 | V25: 자동 입력 · 대조 필요 | W25: 줄바꿈 띄어쓰기 확인 | X25: 율법서: 광야와 장막, 돌판, 저녁 하늘 | Y25: 창세기 31장 29절부터. 너를 해할 만한 능력이 내 손에 있으나 너희 아버지의 하나님이 어제 밤에 내게 말씀하시기를 너는 삼가 야곱에게 선악간 말하지 말라 하셨느니라. 이제 네가 네 아비 집을 사모하여 돌아가려는 것은 가하거니와 어찌 내 신을 도적질하였느냐. 야곱이 라반에게 대답하여 가로되 내가 말하기를 외삼촌이 외삼촌의 딸들을 내게서 억지로 빼앗으리라 하여 두려워 하였음이니이다. 외삼촌의 신은 뉘게서 찾든지 그는 살지 못할 것이요 우리 형제들 앞에서 무엇이든지 외삼촌의 것이 발견되거든 외삼촌에게로 취하소서 하니 야곱은 라헬이 그것을 도적질한 줄을 알지 못함이었더라. 라반이 야곱의 장막에 들어가고 레아의 장막에 들어가고 두 여종의 장막에 들어갔으나 찾지 못하고 레아의 장막에서 나와 라헬의 장막에 들어가매, 라헬이 그 드라빔을 가져 약대 안장 아래 넣고 그 위에 앉은지라 라반이 그 장막에서 찾다가 얻지 못하매, 라헬이 그 아비에게 이르되 마침 경수가 나므로 일어나서 영접할 수 없사오니 내 주는 노하지 마소서 하니라. 라반이 그 드라빔을 두루 찾다가 얻지 못한지라. 야곱이 노하여 라반을 책망할새 야곱이 라반에게 대척하여 가로되 나의 허물이 무엇이니이까 무슨 죄가 있기에 외삼촌께서 나를 불같이 급히 쫓나이까. 외삼촌께서 내 물건을 다 뒤져 보셨으니 외삼촌의 가장집물 중에 무엇을 찾았나이까 여기 나의 형제와 외삼촌의 형제 앞에 그것을 두고 우리 두 사이에 판단하게 하소서, 내가 이 이십 년에 외삼촌과 함께 하였거니와 외삼촌의 암양들이나 암염소들이 낙태하지 아니하였고 또 외삼촌의 양 떼의 숫양을 내가 먹지 아니하였으며, 물려 찢긴 것은 내가 외삼촌에게로 가져가지 아니하고 스스로 그것을 보충하였으며 낮에 도적을 맞았든지 밤에 도적을 맞았든지 내가 외삼촌에게 물어내었으며, 내가 이와 같이 낮에는 더위를 무릅쓰고 밤에는 추위를 당하며 눈 붙일 겨를도 없이 지내었나이다. 내가 외삼촌의 집에 거한 이 이십 년에 외삼촌의 두 딸을 위하여 십사 년, 외삼촌의 양 떼를 위하여 육 년을 외삼촌을 봉사하였거니와 외삼촌께서 내 품값을 열 번이나 변역하셨으니, 우리 아버지의 하나님, 아브라함의 하나님, 곧 이삭의 경외하는 이가 나와 함께 계시지 아니하셨더면 외삼촌께서 이제 나를 공수로 돌려 보내셨으리이다마는 하나님이 나의 고난과 내 손의 수고를 감찰하시고 어제 밤에 외삼촌을 책망하셨나이다. 라반이 야곱에게 대답하여 가로되 딸들은 내 딸이요 자식들은 내 자식이요 양 떼는 나의 양 떼요 네가 보는 것은 다 내 것이라 내가 오늘날 내 딸들과 그 낳은 자식들에게 어찌할 수 있으랴, 이제 오라 너와 내가 언약을 세워 그것으로 너와 나 사이에 증거를 삼을 것이니라. 이에 야곱이 돌을 가져 기둥으로 세우고, 또 그 형제들에게 돌을 모으라 하니 그들이 돌을 취하여 무더기를 이루매 무리가 거기 무더기 곁에서 먹고, 라반은 그것을 여갈사하두다라 칭하였고 야곱은 그것을 갈르엣이라 칭하였으니, 라반의 말에 오늘날 이 무더기가 너와 나 사이에 증거가 된다 하였으므로 그 이름을 갈르엣이라 칭하였으며, 또 미스바라 하였으니 이는 그의 말에 우리 피차 떠나 있을 때에 여호와께서 너와 나 사이에 감찰하옵소서 함이라. 네가 내 딸을 박대하거나 내 딸들 외에 다른 아내들을 취하면 사람은 우리와 함께할 자가 없어도 보라 하나님이 너와 나 사이에 증거하시느니라 하였더라. 라반이 또 야곱에게 이르되 내가 너와 나 사이에 둔 이 무더기를 보라 또 이 기둥을 보라. 이 무더기가 증거가 되고 이 기둥이 증거가 되나니 내가 이 무더기를 넘어 네게로 가서 해하지 않을 것이요 네가 이 무더기, 이 기둥을 넘어 내게로 와서 해하지 않을 것이라. 아브라함의 하나님, 나홀의 하나님, 그들의 조상의 하나님은 우리 사이에 판단하옵소서 하매 야곱이 그 아비 이삭의 경외하는 이를 가리켜 맹세하고, 야곱이 또 산에서 제사를 드리고 형제들을 불러 떡을 먹이니 그들이 떡을 먹고 산에서 경야하고, 라반이 아침에 일찌기 일어나 손자들과 딸들에게 입맞추며 그들에게 축복하고 떠나 고향으로 돌아갔더라. | Z25: 미착수 | AA25: 미착수 | AB25: 미착수
A26: 25 | B26: R0025 | C26: 구약 | D26: 25 | E26: 7 | F26: ='안내'!$C$6+E26-1 | G26: =CHOOSE(WEEKDAY(F26,2),"월","화","수","목","금","토","일") | H26: 2 | I26: =INDEX('안내'!$C$11:$C$16,H26) | J26: 창세기 | K26: 창세기 32장 | L26: 32 | M26: 1 | N26: 1374 | O26: =ROUND(N26/'안내'!$C$7*60+M26*'안내'!$C$8,0) | P26: =TEXT(O26/86400,"m:ss") | Q26: =TEXT((O26+'안내'!$C$9+'안내'!$C$10)/86400,"m:ss") | R26: 장 끝 | S26: ='안내'!$C$5&" | 창세기 32장" | T26: ="#"&SUBSTITUTE('안내'!$C$5," ","")&" #성경읽기 #성경통독 #창세기 #개역한글" | U26: 창세기 32장 (개역한글) 성경 본문: 개역한글판 · 낭독: AI 음성 | V26: 자동 입력 · 대조 필요 | W26: 줄바꿈 띄어쓰기 확인 | X26: 율법서: 광야와 장막, 돌판, 저녁 하늘 | Y26: 창세기 32장. 야곱이 그 길을 진행하더니 하나님의 사자들이 그를 만난지라. 야곱이 그들을 볼 때에 이르기를 이는 하나님의 군대라 하고 그 땅 이름을 마하나임이라 하였더라. 야곱이 세일 땅 에돔 들에 있는 형 에서에게로 사자들을 자기보 다 앞서 보내며, 그들에게 부탁하여 가로되 너희는 이같이 내 주 에서에게 고하라 주의 종 야곱이 말하기를 내가 라반에게 붙여서 지금까지 있었사오며, 내게 소와 나귀와 양 떼와 노비가 있사오므로 사람을 보내어 내 주께 고하고 내 주께 은혜 받기를 원하나이다 하더라. 하라 하였더니, 사자들이 야곱에게 돌아와 가로되 우리가 주인의 형 에서에게 이른즉 그가 사백 인을 거느리고 주인을 만나려고 오더이다. 야곱이 심히 두렵고 답답하여 자기와 함께한 종자와 양과 소와 약대를 두 떼로 나누고, 가로되 에서가 와서 한 떼를 치면 남은 한 떼는 피하리라 하고, 야곱이 또 가로되 나의 조부 아브라함의 하나님, 나의 아버지 이삭의 하나님 여호와여 주께서 전에 내게 명하시기를 네 고향, 네 족속에게로 돌아가라 내가 네게 은혜를 베풀리라. 하셨나이다. 나는 주께서 주의 종에게 베푸신 모든 은총과 모든 진리를 조금이라도 감당할 수 없사오나 내가 내 지팡이 만 가지고 이 요단을 건넜더니 지금은 두 떼나 이루었나이다. 내가 주께 간구하오니 내 형의 손에서, 에서의 손에서 나를 건져내시옵소서. 내가 그를 두려워하옴은 그가 와서 나와 내 처자들을 칠까 겁냄이니이다. 주께서 말씀하시기를 내가 정녕 네게 은혜를 베풀어 네 씨로 바다의 셀 수 없는 모래와 같이 많게 하리라. 하셨나이다. 야곱이 거기서 경야하고 그 소유 중에서 형 에서를 위하여 예물을 택하니, 암염소가 이백이요 숫염소가 이십이요 암양이 이백이요 숫양이 이십이요. 젖나는 약대 삼십과 그 새끼요 암소가 사십이요 황소가 열이요 암나귀가 이십이요 그 새끼나귀가 열이라. 그것을 각각 떼로 나눠 종들의 손에 맡기고 그 종들에게 이르되 나보다 앞서 건너가서 각 떼로 상거가 뜨게 하라 하고, 그가 또 앞선 자에게 부탁하여 가로되 내 형 에서가 너를 만나 묻기를 네가 뉘 사람이며 어디로 가느냐 네 앞엣 것은 뉘 것이냐 하거든, 대답하기를 주의 종 야곱의 것이요 자기 주 에서에게로 보내는 예물이오며 야곱도 우리 뒤에 있나이다. 하라 하고, 그 둘째와 셋째와 각 떼를 따라가는 자에게 부탁하여 가로되 너희도 에서를 만나거든 곧 이같이 그에게 고하고, 또 너희는 말하기를 주의 종 야곱이 우리 뒤에 있다 하라 하니 이는 야곱의 생각에 내가 내 앞에 보내는 예물로 형의 감정을 푼 후에 대면하면 형이 혹시 나를 받으리라 함이었더라. 그 예물은 그의 앞서 행하고 그는 무리 가운데서 경야하다가, 밤에 일어나 두 아내와 두 여종과 열한 아들을 인도하여 얍복 나루를 건널새, 그들을 인도하여 시내를 건네며 그 소유도 건네고, 야곱은 홀로 남았더니 어떤 사람이 날이 새도록 야곱과 씨름하다가, 그 사람이 자기가 야곱을 이기지 못함을 보고 야곱의 환도뼈를 치매 야곱의 환도뼈가 그 사람과 씨름할 때에 위골되었더라. 그 사람이 가로되 날이 새려하니 나로 가게 하라 야곱이 가로되 당신이 내게 축복하지 아니하면 가게 하지 아니하겠나이다. 그 사람이 그에게 이르되 네 이름이 무엇이냐 그가 가로되 야곱이니이다. 그 사람이 가로되 네 이름을 다시는 야곱이라 부를 것이 아니요 이스라엘이라 부를 것이니 이는 네가 하나님과 사람으로 더불어 겨루어 이기었음이니라. 야곱이 청하여 가로되 당신의 이름을 고하소서. 그 사람이 가로되 어찌 내 이름을 묻느냐 하고 거기서 야곱에게 축복한지라. 그러므로 야곱이 그 곳 이름을 브니엘이라 하였으니 그가 이르기를 내가 하나님과 대면하여 보았으나 내 생명이 보전되었다 함이더라. 그가 브니엘을 지날 때에 해가 돋았고 그 환도뼈로 인하여 절었더라. 그 사람이 야곱의 환도뼈 큰 힘줄을 친고로 이스라엘 사람들이 지금까지 환도뼈 큰 힘줄을 먹지 아니하더라. | Z26: 미착수 | AA26: 미착수 | AB26: 미착수
A27: 26 | B27: R0026 | C27: 구약 | D27: 26 | E27: 7 | F27: ='안내'!$C$6+E27-1 | G27: =CHOOSE(WEEKDAY(F27,2),"월","화","수","목","금","토","일") | H27: 3 | I27: =INDEX('안내'!$C$11:$C$16,H27) | J27: 창세기 | K27: 창세기 33장 1절 ~ 34장 22절 | L27: 42 | M27: 2 | N27: 1687 | O27: =ROUND(N27/'안내'!$C$7*60+M27*'안내'!$C$8,0) | P27: =TEXT(O27/86400,"m:ss") | Q27: =TEXT((O27+'안내'!$C$9+'안내'!$C$10)/86400,"m:ss") | R27: 문장 끝 | S27: ='안내'!$C$5&" | 창세기 33장 1절 ~ 34장 22절" | T27: ="#"&SUBSTITUTE('안내'!$C$5," ","")&" #성경읽기 #성경통독 #창세기 #개역한글" | U27: 창세기 33장 1절 ~ 34장 22절 (개역한글) 성경 본문: 개역한글판 · 낭독: AI 음성 | V27: 자동 입력 · 대조 필요 | W27: 줄바꿈 띄어쓰기 확인 | X27: 율법서: 광야와 장막, 돌판, 저녁 하늘 | Y27: 창세기 33장. 야곱이 눈을 들어 보니 에서가 사백 인을 거느리고 오는지라 그 자식들을 나누어 레아와 라헬과 두 여종에게 맡기고, 여종과 그 자식들은 앞에 두고 레아와 그 자식들은 다음에 두고 라헬과 요셉은 뒤에 두고, 자기는 그들 앞에서 나아가되 몸을 일곱 번 땅에 굽히며 그 형 에서에게 가까이 하니, 에서가 달려와서 그를 맞아서 안고 목을 어긋맞기고 그와 입맞추고 피차 우니라. 에서가 눈을 들어 여인과 자식들을 보고 묻되 너와 함께한 이들은 누구냐 야곱이 가로되 하나님이 주의 종에게 은혜로 주신 자식이니이다. 때에 여종들이 그 자식으로 더불어 나아와 절하고, 레아도 그 자식으로 더불어 나아와 절하고 그 후에 요셉이 라헬로 더불어 나아와 절하니, 에서가 또 가로되 나의 만난 바 이 모든 떼는 무슨 까닭이냐 야곱이 가로되 내 주께 은혜를 입으려 함이니이다. 에서가 가로되 내 동생아 내게 있는 것이 족하니 네 소유는 네게 두라. 야곱이 가로되 그렇지 아니하니이다. 형님께 은혜를 얻었사오면 청컨대 내 손에서 이 예물을 받으소서. 내가 형님의 얼굴을 뵈온즉 하나님의 얼굴을 본 것 같사오며 형님도 나를 기뻐하심이니이다. 하나님이 내게 은혜를 베푸셨고 나의 소유도 족하오니 청컨대 내가 형님께 드리는 예물을 받으소서 하고 그에게 강권하매 받으니라. 에서가 가로되 우리가 떠나가자 내가 너의 앞잡이가 되리라. 야곱이 그에게 이르되 내 주도 아시거니와 자식들은 유약하고 내게 있는 양 떼와 소가 새끼를 데렸은즉 하루만 과히 몰면 모든 떼가 죽으리니, 청컨대 내 주는 종보다 앞서 가소서. 나는 앞에 가는 짐승과 자식의 행보대로 천천히 인도하여 세일로 가서 내 주께 나아가리이다. 에서가 가로되 내가 내 종자 수인을 네게 머물리라. 야곱이 가로되 어찌하여 그리하리이까 나로 내 주께 은혜를 얻게 하소서 하매, 이 날에 에서는 세일로 회정하고, 야곱은 숙곳에 이르러 자기를 위하여 집을 짓고 짐승을 위하여 우릿간을 지은 고로 그 땅 이름을 숙곳이라 부르더라. 야곱이 밧단아람에서부터 평안히 가나안 땅 세겜 성에 이르러 성 앞에 그 장막을 치고, 그 장막 친 밭을 세겜의 아비 하몰의 아들들의 손에서 은 일백 개로 사고, 거기 단을 쌓고 그 이름을 엘엘로헤이스라엘이라 하였더라. 창세기 34장. 레아가 야곱에게 낳은 딸 디나가 그 땅 여자를 보러 나갔더니, 히위 족속 중 하몰의 아들 그 땅 추장 세겜이 그를 보고 끌어들여 강간하여 욕되게 하고, 그 마음이 깊이 야곱의 딸 디나에게 연련하며 그 소녀를 사랑하여 그의 마음을 말로 위로하고, 그 아비 하몰에게 청하여 가로되 이 소녀를 내 아내로 얻게 하여 주소서 하였더라. 야곱이 그 딸 디나를 그가 더럽혔다 함을 들었으나 자기 아들들이 들에서 목축하므로 그들의 돌아오기까지 잠잠하였고, 세겜의 아비 하몰은 야곱에게 말하러 왔으며, 야곱의 아들들은 들에서 이를 듣고 돌아와서 사람 사람이 근심하고 심히 노하였으니 이는 세겜이 야곱의 딸을 강간하여 이스라엘에게 부끄러운 일 곧 행치 못할 일을 행하였음이더라. 하몰이 그들에게 이르되 내 아들 세겜이 마음으로 너희 딸을 연련하여 하니 원컨대 그를 세겜에게 주어 아내를 삼게 하라. 너희가 우리와 통혼하여 너희 딸을 우리에게 주며 우리 딸을 너희가 취하고, 너희가 우리와 함께 거하되 땅이 너희 앞에 있으니 여기 머물러 매매하며 여기서 기업을 얻으라 하고, 세겜도 디나의 아비와 남형들에게 이르되 나로 너희에게 은혜를 입게 하라 너희가 내게 청구하는 것은 내가 수응하리니, 이 소녀만 내게 주어 아내가 되게 하라 아무리 큰 빙물과 예물을 청구할지라도 너희가 내게 말한 대로 수응하리라. 야곱의 아들들이 세겜과 그 아비 하몰에게 속여 대답하였으니 이는 세겜이 그 누이 디나를 더럽혔음이라. 야곱의 아들들이 그들에게 말하되 우리는 그리하지 못하겠노라. 할례받지 아니한 사람에게 우리 누이를 줄 수 없노니 이는 우리의 수욕이 됨이니라. 그런즉 이같이 하면 너희에게 허락하리라. 만일 너희 중 남자가 다 할례를 받고 우리같이 되면, 우리 딸을 너희에게 주며 너희 딸을 우리가 취하며 너희와 함께 거하여 한 민족이 되려니와, 너희가 만일 우리를 듣지 아니하고 할례를 받지 아니하면 우리는 곧 우리 딸을 데리고 가리라. 그들의 말을 하몰과 그 아들 세겜이 좋게 여기므로, 이 소년이 그 일 행하기를 지체치 아니하였으니 그가 야곱의 딸을 사랑함이며 그는 그 아비 집에 가장 존귀함일러라. 하몰과 그 아들 세겜이 성문에 이르러 그 고을 사람에게 말하여 가로되, 이 사람들은 우리와 친목하고 이 땅은 넓어 그들을 용납할 만하니 그들로 여기서 거주하며 매매하게 하고 우리가 그들의 딸들을 아내로 취하고 우리 딸들도 그들에게 주자, 그러나 우리 중에 모든 남자가 그들의 할례를 받음같이 할례를 받아야 그 사람들이 우리와 함께 거하여 한 민족 되기를 허락할 것이라. | Z27: 미착수 | AA27: 미착수 | AB27: 미착수
A28: 27 | B28: R0027 | C28: 구약 | D28: 27 | E28: 7 | F28: ='안내'!$C$6+E28-1 | G28: =CHOOSE(WEEKDAY(F28,2),"월","화","수","목","금","토","일") | H28: 4 | I28: =INDEX('안내'!$C$11:$C$16,H28) | J28: 창세기 | K28: 창세기 34장 23절 ~ 35장 29절 | L28: 38 | M28: 2 | N28: 1545 | O28: =ROUND(N28/'안내'!$C$7*60+M28*'안내'!$C$8,0) | P28: =TEXT(O28/86400,"m:ss") | Q28: =TEXT((O28+'안내'!$C$9+'안내'!$C$10)/86400,"m:ss") | R28: 장 끝 | S28: ='안내'!$C$5&" | 창세기 34장 23절 ~ 35장 29절" | T28: ="#"&SUBSTITUTE('안내'!$C$5," ","")&" #성경읽기 #성경통독 #창세기 #개역한글" | U28: 창세기 34장 23절 ~ 35장 29절 (개역한글) 성경 본문: 개역한글판 · 낭독: AI 음성 | V28: 자동 입력 · 대조 필요 | W28: 줄바꿈 띄어쓰기 확인 | X28: 율법서: 광야와 장막, 돌판, 저녁 하늘 | Y28: 창세기 34장 23절부터. 그리하면 그들의 생축과 재산과 그 모든 짐승이 우리의 소유가 되지 않겠느냐 다만 그 말대로 하자 그리하면 그들이 우리와 함께 거하리라. 성문으로 출입하는 모든 자가 하몰과 그 아들 세겜의 말을 듣고 성문으로 출입하는 그 모든 남자가 할례를 받으니라. 제 삼 일에 미쳐 그들이 고통할 때에 야곱의 두 아들 디나의 오라비 시므온과 레위가 각기 칼을 가지고 가서 부지중에 성을 엄습하여 그 모든 남자를 죽이고, 칼로 하몰과 그 아들 세겜을 죽이고 디나를 세겜의 집에서 데려오고, 야곱의 여러 아들이 그 시체 있는 성으로 가서 노략하였으니 이는 그들이 그 누이를 더럽힌 연고라. 그들이 양과 소와 나귀와 그 성에 있는 것과 들에 있는 것과, 그 모든 재물을 빼앗으며 그 자녀와 아내들을 사로잡고 집 속의 물건을 다 노략한지라. 야곱이 시므온과 레위에게 이르되 너희가 내게 화를 끼쳐 나로 이 땅 사람 곧 가나안 족속과 브리스 족속에게 냄새를 내게 하였도다. 나는 수가 적은즉 그들이 모여 나를 치고 나를 죽이리니 그리하면 나와 내 집이 멸망하리라. 그들이 가로되 그가 우리 누이를 창녀같이 대우함이 가하니이까. 창세기 35장. 하나님이 야곱에게 이르시되 일어나 벧엘로 올라가서 거기 거하며 네가 네 형 에서의 낯을 피하여 도망하던 때에 네게 나타났던 하나님께 거기서 단을 쌓으라 하신지라. 야곱이 이에 자기 집 사람과 자기와 함께한 모든 자에게 이르되 너희 중의 이방 신상을 버리고 자신을 정결케 하고 의복을 바꾸라. 우리가 일어나 벧엘로 올라가자 나의 환난 날에 내게 응답하시며 나의 가는 길에서 나와 함께 하신 하나님께 내가 거기서 단을 쌓으려 하노라 하매, 그들이 자기 손에 있는 모든 이방 신상과 자기 귀에 있는 고리를 야곱에게 주는지라 야곱이 그것들을 세겜 근처 상수리나무 아래 묻고, 그들이 발행하였으나 하나님이 그 사면 고을들로 크게 두려워하게 하신 고로 야곱의 아들들을 추격하는 자가 없었더라. 야곱과 그와 함께한 모든 사람이 가나안 땅 루스 곧 벧엘에 이르고, 그가 거기서 단을 쌓고 그 곳을 엘벧엘이라 불렀으니 이는 그 형의 낯을 피할 때에 하나님이 그에게 거기서 나타나셨음이더라. 리브가의 유모 드보라가 죽으매 그를 벧엘 아래 상수리나무 밑에 장사하고 그 나무 이름을 알론바굿이라 불렀더라. 야곱이 밧단아람에서 돌아오매 하나님이 다시 야곱에게 나타나사 그에게 복을 주시고, 그에게 이르시되 네 이름이 야곱이다마는 네 이름을 다시는 야곱이라 부르지 않겠고 이스라엘이 네 이름이 되리라 하시고 그가 그의 이름을 이스라엘이라 부르시고, 그에게 이르시되 나는 전능한 하나님이니라. 생육하며 번성하라 국민과 많은 국민이 네게서 나고 왕들이 네 허리에서 나오리라. 내가 아브라함과 이삭에게 준 땅을 네게 주고 내가 네 후손에게도 그 땅을 주리라 하시고, 하나님이 그와 말씀하시던 곳에서 그를 떠나 올라가시는지라. 야곱이 하나님의 자기와 말씀하시던 곳에 기둥 곧 돌 기둥을 세우고 그 위에 전제물을 붓고 또 그 위에 기름을 붓고, 하나님이 자기와 말씀하시던 곳의 이름을 벧엘이라 불렀더라. 그들이 벧엘에서 발행하여 에브랏에 이르기까지 얼마 길을 격한 곳에서 라헬이 임산하여 심히 신고하더니, 그가 난산할 즈음에 산파가 그에게 이르되 두려워 말라 지금 그대가 또 득남하느니라 하매, 그가 죽기에 임하여 그 혼이 떠나려 할 때에 아들의 이름은 베노니라. 불렀으나 그 아비가 그를 베냐민이라 불렀더라. 라헬이 죽으매 에브랏 곧 베들레헴 길에 장사되었고, 야곱이 라헬의 묘에 비를 세웠더니 지금까지 라헬의 묘비라 일컫더라. 이스라엘이 다시 발행하여 에델 망대를 지나 장막을 쳤더라. 이스라엘이 그 땅에 유할 때에 르우벤이 가서 그 서모 빌하와 통간하매 이스라엘이 이를 들었더라. 야곱의 아들은 열둘이라. 레아의 소생은 야곱의 장자 르우벤과 그 다음 시므온과 레위와 유다와 잇사갈과 스불론이요. 라헬의 소생은 요셉과 베냐민이며, 라헬의 여종 빌하의 소생은 단과 납달리요. 레아의 여종 실바의 소생은 갓과 아셀이니 이들은 야곱의 아들들이요 밧단아람에서 그에게 낳은 자더라. 야곱이 기럇아르바의 마므레로 가서 그 아비 이삭에게 이르렀으니 기럇아르바는 곧 아브라함과 이삭의 우거하던 헤브론이더라. 이삭의 나이 일백팔십 세라. 이삭이 나이 많고 늙어 기운이 진하매 죽어 자기 열조에게로 돌아가니 그 아들 에서와 야곱이 그를 장사하였더라. | Z28: 미착수 | AA28: 미착수 | AB28: 미착수
A29: 28 | B29: R0028 | C29: 구약 | D29: 28 | E29: 8 | F29: ='안내'!$C$6+E29-1 | G29: =CHOOSE(WEEKDAY(F29,2),"월","화","수","목","금","토","일") | H29: 1 | I29: =INDEX('안내'!$C$11:$C$16,H29) | J29: 창세기 | K29: 창세기 36장 | L29: 43 | M29: 1 | N29: 1480 | O29: =ROUND(N29/'안내'!$C$7*60+M29*'안내'!$C$8,0) | P29: =TEXT(O29/86400,"m:ss") | Q29: =TEXT((O29+'안내'!$C$9+'안내'!$C$10)/86400,"m:ss") | R29: 장 끝 | S29: ='안내'!$C$5&" | 창세기 36장" | T29: ="#"&SUBSTITUTE('안내'!$C$5," ","")&" #성경읽기 #성경통독 #창세기 #개역한글" | U29: 창세기 36장 (개역한글) 성경 본문: 개역한글판 · 낭독: AI 음성 | V29: 자동 입력 · 대조 필요 | W29: 줄바꿈 띄어쓰기 확인 | X29: 율법서: 광야와 장막, 돌판, 저녁 하늘 | Y29: 창세기 36장. 에서 곧 에돔의 대략이 이러하니라. 에서가 가나안 여인 중 헷 족속 중 엘론의 딸 아다와 히위 족속 중 시브온의 딸 아나의 소생 오홀리바마를 자기 아내로 취하고, 또 이스마엘의 딸 느바욧의 누이 바스맛을 취하였더니, 아다는 엘리바스를 에서에게 낳았고 바스맛은 르우엘을 낳았고, 오홀리바마는 여우스와 얄람과 고라를 낳았으니 이들은 에서의 아들이요 가나안 땅에서 그에게 낳은 자더라. 에서가 자기 아내들과 자기 자녀들과 자기 집의 모든 사람과 자기의 가축과 자기 모든 짐승과 자기가 가나안 땅에서 얻은 모든 재물을 이끌고 그 동생 야곱을 떠나 타처로 갔으니, 두 사람의 소유가 풍부하여 함께 거할 수 없음이러라 그들의 우거한 땅이 그들의 가축으로 인하여 그들을 용납할 수 없었더라. 이에 에서 곧 에돔이 세일 산에 거하니라. 세일 산에 거한 에돔 족속의 조상 에서의 대략이 이러하고, 그 자손의 이름은 이러하니라. 에서의 아내 아다의 아들은 엘리바스요 에서의 아내 바스맛의 아들은 르우엘이며, 엘리바스의 아들들은 데만과 오말과 스보와 가담과 그나스요. 에서의 아들 엘리바스의 첩 딤나는 아말렉을 엘리바스에게 낳았으니 이들은 에서의 아내 아다의 자손이며, 르우엘의 아들들은 나핫과 세라와 삼마와 미사니 이들은 에서의 아내 바스맛의 자손이며, 시브온의 손녀 아나의 딸 에서의 아내 오홀리바마의 아들들은 이러하니 그가 여우스와 얄람과 고라를 에서에게 낳았더라. 에서 자손 중 족장은 이러하니라. 에서의 장자 엘리바스의 자손에는 데만 족장, 오말 족장, 스보 족장, 그나스 족장과, 고라 족장, 가담 족장, 아말렉 족장이니 이들은 에돔 땅에 있는 엘리바스로 말미암아 나온 족장들이요 이들은 아다의 자손이며, 에서의 아들 르우엘의 자손에는 나핫 족장, 세라 족장, 삼마 족장, 미사 족장이니 이들은 에돔 땅에 있는 르우엘로 말미암아 나온 족장들이요 이들은 에서의 아내 바스맛의 자손이며, 에서의 아내 오홀리바마의 아들들은 여우스 족장, 얄람 족장, 고라 족장이니 이들은 아나의 딸이요 에서의 아내인 오홀리바마로 말미암아 나온 족장들이라. 에서 곧 에돔의 자손으로서 족장 된 자들이 이러하였더라. 그 땅의 원거인 호리 족속 세일의 자손은 로단과 소발과 시브온과 아나와, 디손과 에셀과 디산이니 이들은 에돔 땅에 있는 세일의 자손 중 호리 족속으로 말미암아 나온 족장들이요. 로단의 자녀는 호리와 헤맘과 로단의 누이 딤나요. 소발의 자녀는 알완과 마나핫과 에발과 스보와 오남이요. 시브온의 자녀는 아야와 아나며 이 아나는 그 아비 시브온의 나귀를 칠 때에 광야에서 온천을 발견하였고, 아나의 자녀는 디손과 오홀리바마니 오홀리바마는 아나의 딸이며, 디손의 자녀는 헴단과 에스반과 이드란과 그란이요. 에셀의 자녀는 빌한과 사아완과 아간이요. 디산의 자녀는 우스와 아란이니, 호리 족속의 족장들은 곧 로단 족장, 소발 족장, 시브온 족장, 아나 족장, 디손 족장, 에셀 족장, 디산 족장이라 이들은 그 구역을 따라 세일 땅에 있는 호리 족속으로 말미암아 나온 족장들이었더라. 이스라엘 자손을 다스리는 왕이 있기 전에 에돔 땅을 다스리는 왕이 이러하니라. 브올의 아들 벨라가 에돔의 왕이 되었으니 그 도성의 이름은 딘하바며, 벨라가 죽고 보스라 사람 세라의 아들 요밥이 그를 대신하여 왕이 되고, 요밥이 죽고 데만 족속의 땅의 후삼이 그를 대신하여 왕이 되고, 후삼이 죽고 브닷의 아들 곧 모압 들에서 미디안 족속을 친 하닷이 그를 대신하여 왕이 되니 그 도성 이름은 아윗이며, 하닷이 죽고 마스레가의 삼라가 그를 대신하여 왕이 되고, 삼라가 죽고 유브라데 하숫가 르호봇의 사울이 그를 대신하여 왕이 되고, 사울이 죽고 악볼의 아들 바알하난이 그를 대신하여 왕이 되고, 악볼의 아들 바알하난이 죽고 하달이 그를 대신하여 왕이 되니 그 도성 이름은 바우며 그 처의 이름은 므헤다벨이니 마드렛의 딸이요 메사합의 손녀더라. 에서에게서 나온 족장들의 이름은 그 종족과 거처와 이름대로 이러하니 딤나 족장, 알와 족장, 여뎃 족장, 오홀리바마 족장, 엘라 족장, 비논 족장, 그나스 족장, 데만 족장, 밉살 족장, 막디엘 족장, 이람 족장이라 이들은 그 구역과 거처를 따른 에돔 족장들이며 에돔 족속의 조상은 에서더라. | Z29: 미착수 | AA29: 미착수 | AB29: 미착수
A30: 29 | B30: R0029 | C30: 구약 | D30: 29 | E30: 8 | F30: ='안내'!$C$6+E30-1 | G30: =CHOOSE(WEEKDAY(F30,2),"월","화","수","목","금","토","일") | H30: 2 | I30: =INDEX('안내'!$C$11:$C$16,H30) | J30: 창세기 | K30: 창세기 37장 | L30: 36 | M30: 1 | N30: 1510 | O30: =ROUND(N30/'안내'!$C$7*60+M30*'안내'!$C$8,0) | P30: =TEXT(O30/86400,"m:ss") | Q30: =TEXT((O30+'안내'!$C$9+'안내'!$C$10)/86400,"m:ss") | R30: 장 끝 | S30: ='안내'!$C$5&" | 창세기 37장" | T30: ="#"&SUBSTITUTE('안내'!$C$5," ","")&" #성경읽기 #성경통독 #창세기 #개역한글" | U30: 창세기 37장 (개역한글) 성경 본문: 개역한글판 · 낭독: AI 음성 | V30: 자동 입력 · 대조 필요 | W30: 줄바꿈 띄어쓰기 확인 | X30: 율법서: 광야와 장막, 돌판, 저녁 하늘 | Y30: 창세기 37장. 야곱이 가나안 땅 곧 그 아비의 우거하던 땅에 거하였으니, 야곱의 약전이 이러하니라. 요셉이 십칠 세의 소년으로서 그 형제와 함께 양을 칠 때에 그 아비의 첩 빌하와 실바의 아들들로 더불어 함께 하였더니 그가 그들의 과실을 아비에게 고하더라. 요셉은 노년에 얻은 아들이므로 이스라엘이 여러 아들보다 그를 깊이 사랑하여 위하여 채색옷을 지었더니, 그 형들이 아비가 형제들보다 그를 사랑함을 보고 그를 미워하여 그에게 언사가 불평하였더라. 요셉이 꿈을 꾸고 자기 형들에게 고하매 그들이 그를 더욱 미워하였더라. 요셉이 그들에게 이르되 청컨대 나의 꾼 꿈을 들으시오, 우리가 밭에서 곡식을 묶더니 내 단은 일어서고 당신들의 단은 내 단을 둘러서서 절하더이다. 그 형들이 그에게 이르되 네가 참으로 우리의 왕이 되겠느냐 참으로 우리를 다스리게 되겠느냐 하고 그 꿈과 그 말을 인하여 그를 더욱 미워하더니, 요셉이 다시 꿈을 꾸고 그 형들에게 고하여 가로되 내가 또 꿈을 꾼즉 해와 달과 열한 별이 내게 절하더이다 하니라. 그가 그 꿈으로 부형에게 고하매 아비가 그를 꾸짖고 그에게 이르되 너의 꾼 꿈이 무엇이냐 나와 네 모와 네 형제들이 참으로 가서 땅에 엎드려 네게 절하겠느냐. 그 형들은 시기하되 그 아비는 그 말을 마음에 두었더라. 그 형들이 세겜에 가서 아비의 양 떼를 칠 때에, 이스라엘이 요셉에게 이르되 네 형들이 세겜에서 양을 치지 아니하느냐 너를 그들에게로 보내리라. 요셉이 아비에게 대답하되 내가 그리하겠나이다. 이스라엘이 그에게 이르되 가서 네 형들과 양 떼가 다 잘 있는 여부를 보고 돌아와 내게 고하라 하고 그를 헤브론 골짜기에서 보내매 이에 세겜으로 가니라. 어떤 사람이 그를 만난즉 그가 들에서 방황하는지라 그 사람이 그에게 물어 가로되 네가 무엇을 찾느냐. 그가 가로되 내가 나의 형들을 찾으오니 청컨대 그들의 양치는 곳을 내게 가르치소서, 그 사람이 가로되 그들이 여기서 떠났느니라. 내가 그들의 말을 들으니 도단으로 가자 하더라. 요셉이 그 형들의 뒤를 따라 가서 도단에서 그들을 만나니라. 요셉이 그들에게 가까이 오기 전에 그들이 요셉을 멀리서 보고 죽이기를 꾀하여, 서로 이르되 꿈꾸는 자가 오는도다. 자, 그를 죽여 한 구덩이에 던지고 우리가 말하기를 악한 짐승이 그를 잡아먹었다 하자 그 꿈이 어떻게 되는 것을 우리가 볼 것이니라. 하는지라. 르우벤이 듣고 요셉을 그들의 손에서 구원하려 하여 가로되 우리가 그 생명은 상하지 말자, 르우벤이 또 그들에게 이르되 피를 흘리지 말라 그를 광야 그 구덩이에 던지고 손을 그에게 대지 말라 하니 이는 그가 요셉을 그들의 손에서 구원하여 그 아비에게로 돌리려 함이었더라. 요셉이 형들에게 이르매 그 형들이 요셉의 옷 곧 그 입은 채색옷을 벗기고, 그를 잡아 구덩이에 던지니 그 구덩이는 빈 것이라 그 속에 물이 없었더라. 그들이 앉아 음식을 먹다가 눈을 들어 본즉 한 떼 이스마엘 족속이 길르앗에서 오는데 그 약대들에 향품과 유향과 몰약을 싣고 애굽으로 내려가는지라. 유다가 자기 형제에게 이르되 우리가 우리 동생을 죽이고 그의 피를 은익한들 무엇이 유익할까. 자, 그를 이스마엘 사람에게 팔고 우리 손을 그에게 대지 말자 그는 우리의 동생이요 우리의 골육이니라 하매 형제들이 청종하였더라. 때에 미디안 사람 상고들이 지나는지라 그들이 요셉을 구덩이에서 끌어올리고 은 이십 개에 그를 이스마엘 사람들에게 팔매 그 상고들이 요셉을 데리고 애굽으로 갔더라. 르우벤이 돌아와서 구덩이에 이르러 본즉 거기 요셉이 없는지라 옷을 찢고, 아우들에게로 와서 가로되 아이가 없도다. 나는 나는 어디로 갈까. 그들이 요셉의 옷을 취하고 숫염소를 죽여 그 옷을 피에 적시고, 그 채색옷을 보내어 그 아비에게로 가져다가 이르기를 우리가 이것을 얻었으니 아버지의 아들의 옷인가 아닌가 보소서 하매, 아비가 그것을 알아보고 가로되 내 아들의 옷이라 악한 짐승이 그를 먹었도다. 요셉이 정녕 찢겼도다 하고, 자기 옷을 찢고 굵은 베로 허리를 묶고 오래도록 그 아들을 위하여 애통하니, 그 모든 자녀가 위로하되 그가 그 위로를 받지 아니하여 가로되 내가 슬퍼하며 음부에 내려 아들에게로 가리라 하고 그 아비가 그를 위하여 울었더라. 미디안 사람이 애굽에서 바로의 신하 시위대장 보디발에게 요셉을 팔았더라. | Z30: 미착수 | AA30: 미착수 | AB30: 미착수
A31: 30 | B31: R0030 | C31: 구약 | D31: 30 | E31: 8 | F31: ='안내'!$C$6+E31-1 | G31: =CHOOSE(WEEKDAY(F31,2),"월","화","수","목","금","토","일") | H31: 3 | I31: =INDEX('안내'!$C$11:$C$16,H31) | J31: 창세기 | K31: 창세기 38장 | L31: 30 | M31: 1 | N31: 1297 | O31: =ROUND(N31/'안내'!$C$7*60+M31*'안내'!$C$8,0) | P31: =TEXT(O31/86400,"m:ss") | Q31: =TEXT((O31+'안내'!$C$9+'안내'!$C$10)/86400,"m:ss") | R31: 장 끝 | S31: ='안내'!$C$5&" | 창세기 38장" | T31: ="#"&SUBSTITUTE('안내'!$C$5," ","")&" #성경읽기 #성경통독 #창세기 #개역한글" | U31: 창세기 38장 (개역한글) 성경 본문: 개역한글판 · 낭독: AI 음성 | V31: 자동 입력 · 대조 필요 | W31: 줄바꿈 띄어쓰기 확인 | X31: 율법서: 광야와 장막, 돌판, 저녁 하늘 | Y31: 창세기 38장. 그 후에 유다가 자기 형제에게서 내려가서 아둘람 사람 히라에게로 나아가니라. 유다가 거기서 가나안 사람 수아라 하는 자의 딸을 보고 그를 취하여 동침하니, 그가 잉태하여 아들을 낳으매 유다가 그 이름을 엘이라 하니라. 그가 다시 잉태하여 아들을 낳고 그 이름을 오난이라 하고, 그가 또 다시 아들을 낳고 그 이름을 셀라라 하니라. 그가 셀라를 낳을 때에 유다는 거십에 있었더라. 유다가 장자 엘을 위하여 아내를 취하니 그 이름은 다말이더라. 유다의 장자 엘이 여호와 목전에 악하므로 여호와께서 그를 죽이신지라. 유다가 오난에게 이르되 네 형수에게로 들어가서 남편의 아우의 본분을 행하여 네 형을 위하여 씨가 있게 하라. 오난이 그 씨가 자기 것이 되지 않을 줄 알므로 형수에게 들어갔을 때에 형에게 아들을 얻게 아니하려고 땅에 설정하매, 그 일이 여호와 목전에 악하므로 여호와께서 그도 죽이시니, 유다가 그 며느리 다말에게 이르되 수절하고 네 아비 집에 있어서 내 아들 셀라가 장성하기를 기다리라 하니 셀라도 그 형들같이 죽을까 염려함이라 다말이 가서 그 아비 집에 있으니라. 얼마 후에 유다의 아내 수아의 딸이 죽은지라 유다가 위로를 받은 후에 그 친구 아둘람 사람 히라와 함께 딤나로 올라가서 자기 양털 깎는 자에게 이르렀더니, 혹이 다말에게 고하되 네 시부가 자기 양털을 깎으려고 딤나에 올라왔다 한지라. 그가 그 과부의 의복을 벗고 면박으로 얼굴을 가리고 몸을 휩싸고 딤나 길 곁 에나임 문에 앉으니 이는 셀라가 장성함을 보았어도 자기를 그의 아내로 주지 않음을 인함이라. 그가 얼굴을 가리웠으므로 유다가 그를 보고 창녀로 여겨, 길 곁으로 그에게 나아가 가로되 청컨대 나로 네게 들어가게 하라 하니 그 자부인 줄 알지 못하였음이라 그가 가로되 당신이 무엇을 주고 내게 들어오려느냐. 유다가 가로되 내가 내 떼에서 염소 새끼를 주리라. 그가 가로되 당신이 그것을 줄 때까지 약조물을 주겠느냐. 유다가 가로되 무슨 약조물을 네게 주랴 그가 가로되 당신의 도장과 그 끈과 당신의 손에 있는 지팡이로 하라 유다가 그것들을 그에게 주고 그에게로 들어갔더니 그가 유다로 말미암아 잉태하였더라. 그가 일어나 떠나가서 그 면박을 벗고 과부의 의복을 도로 입으니라. 유다가 그 친구 아둘람 사람의 손에 부탁하여 염소 새끼를 보내고 그 여인의 손에서 약조물을 찾으려 하였으나 그가 그 여인을 찾지 못한지라. 그가 그 곳 사람에게 물어 가로되 길 곁 에나임에 있던 창녀가 어디 있느냐 그들이 가로되 여기는 창녀가 없느니라. 그가 유다에게로 돌아와 가로되 내가 그를 찾지 못하고 그 곳 사람도 이르기를 여기는 창녀가 없다 하더라. 유다가 가로되 그로 그것을 가지게 두라 우리가 부끄러움을 당할까 하노라. 내가 이 염소 새끼를 보내었으나 그대가 그를 찾지 못하였느니라. 석 달쯤 후에 혹이 유다에게 고하여 가로되 네 며느리 다말이 행음하였고 그 행음함을 인하여 잉태하였느니라. 유다가 가로되 그를 끌어내어 불사르라. 여인이 끌려나갈 때에 보내어 시부에게 이르되 이 물건 임자로 말미암아 잉태하였나이다. 청컨대 보소서. 이 도장과 그 끈과 지팡이가 뉘 것이니이까 한지라. 유다가 그것들을 알아보고 가로되 그는 나보다 옳도다. 내가 그를 내 아들 셀라에게 주지 아니하였음이로다 하고 다시는 그를 가까이 하지 아니하였더라. 임산하여 보니 쌍태라. 해산할 때에 손이 나오는지라 산파가 가로되 이는 먼저 나온 자라 하고 홍사를 가져 그 손에 매었더니, 그 손을 도로 들이며 그 형제가 나오는지라 산파가 가로되 네가 어찌하여 터치고 나오느냐 한 고로 그 이름을 베레스라 불렀고, 그 형제 곧 손에 홍사 있는 자가 뒤에 나오니 그 이름을 세라라 불렀더라. | Z31: 미착수 | AA31: 미착수 | AB31: 미착수
A32: 31 | B32: R0031 | C32: 구약 | D32: 31 | E32: 8 | F32: ='안내'!$C$6+E32-1 | G32: =CHOOSE(WEEKDAY(F32,2),"월","화","수","목","금","토","일") | H32: 4 | I32: =INDEX('안내'!$C$11:$C$16,H32) | J32: 창세기 | K32: 창세기 39~40장 | L32: 46 | M32: 2 | N32: 1839 | O32: =ROUND(N32/'안내'!$C$7*60+M32*'안내'!$C$8,0) | P32: =TEXT(O32/86400,"m:ss") | Q32: =TEXT((O32+'안내'!$C$9+'안내'!$C$10)/86400,"m:ss") | R32: 장 끝 | S32: ='안내'!$C$5&" | 창세기 39~40장" | T32: ="#"&SUBSTITUTE('안내'!$C$5," ","")&" #성경읽기 #성경통독 #창세기 #개역한글" | U32: 창세기 39~40장 (개역한글) 성경 본문: 개역한글판 · 낭독: AI 음성 | V32: 자동 입력 · 대조 필요 | W32: 줄바꿈 띄어쓰기 확인 | X32: 율법서: 광야와 장막, 돌판, 저녁 하늘 | Y32: 창세기 39장. 요셉이 이끌려 애굽에 내려가매 바로의 신하 시위대장 애굽 사람 보디발이 그를 그리로 데려간 이스마엘 사람의 손에서 그를 사니라. 여호와께서 요셉과 함께 하시므로 그가 형통한 자가 되어 그 주인 애굽 사람의 집에 있으니, 그 주인이 여호와께서 그와 함께 하심을 보며 또 여호와께서 그의 범사에 형통케 하심을 보았더라. 요셉이 그 주인에게 은혜를 입어 섬기매 그가 요셉으로 가정 총무를 삼고 자기 소유를 다 그 손에 위임하니, 그가 요셉에게 자기 집과 그 모든 소유물을 주관하게 한 때부터 여호와께서 요셉을 위하여 그 애굽 사람의 집에 복을 내리시므로 여호와의 복이 그의 집과 밭에 있는 모든 소유에 미친지라. 주인이 그 소유를 다 요셉의 손에 위임하고 자기 식료 외에는 간섭하지 아니하였더라. 요셉은 용모가 준수하고 아담하였더라. 그 후에 그 주인의 처가 요셉에게 눈짓하다가 동침하기를 청하니, 요셉이 거절하며 자기 주인의 처에게 이르되 나의 주인이 가중 제반 소유를 간섭지 아니하고 다 내 손에 위임하였으니, 이 집에는 나보다 큰 이가 없으며 주인이 아무것도 내게 금하지 아니하였어도 금한 것은 당신뿐이니 당신은 자기 아내임이라 그런즉 내가 어찌 이 큰 악을 행하여 하나님께 득죄하리이까. 여인이 날마다 요셉에게 청하였으나 요셉이 듣지 아니하여 동침하지 아니할 뿐더러 함께 있지도 아니하니라. 그러할 때에 요셉이 시무하러 그 집에 들어갔더니 그 집 사람은 하나도 거기 없었더라. 그 여인이 그 옷을 잡고 가로되 나와 동침하자 요셉이 자기 옷을 그 손에 버리고 도망하여 나가매, 그가 요셉이 그 옷을 자기 손에 버려 두고 도망하여 나감을 보고, 집 사람들을 불러서 그들에게 이르되 보라 주인이 히브리 사람을 우리에게 데려다가 우리를 희롱하게 하도다. 그가 나를 겁간코자 내게로 들어오기로 내가 크게 소리질렀더니, 그가 나의 소리질러 부름을 듣고 그 옷을 내게 버려 두고 도망하여 나갔느니라 하고, 그 옷을 곁에 두고 자기 주인이 집으로 돌아오기를 기다려, 이 말로 그에게 고하여 가로되 당신이 우리에게 데려온 히브리 종이 나를 희롱코자 내게로 들어왔기로, 내가 소리질러 불렀더니 그가 그 옷을 내게 버려 두고 도망하여 나갔나이다. 주인이 그 아내가 자기에게 고하기를 당신의 종이 내게 이같이 행하였다 하는 말을 듣고 심히 노한지라. 이에 요셉의 주인이 그를 잡아 옥에 넣으니 그 옥은 왕의 죄수를 가두는 곳이었더라. 요셉이 옥에 갇혔으나, 여호와께서 요셉과 함께 하시고 그에게 인자를 더하사 전옥에게 은혜를 받게 하시매, 전옥이 옥중 죄수를 다 요셉의 손에 맡기므로 그 제반 사무를 요셉이 처리하고, 전옥은 그의 손에 맡긴 것을 무엇이든지 돌아보지 아니하였으니 이는 여호와께서 요셉과 함께 하심이라 여호와께서 그의 범사에 형통케 하셨더라. 창세기 40장. 그 후에 애굽 왕의 술 맡은 자와 떡 굽는 자가 그 주 애굽 왕에게 범죄한지라. 바로가 그 두 관원장 곧 술 맡은 관원장과 떡 굽는 관원장에게 노하여, 그들을 시위대장의 집 안에 있는 옥에 가두니 곧 요셉의 갇힌 곳이라. 시위대장이 요셉으로 그들에게 수종하게 하매 요셉이 그들을 섬겼더라. 그들이 갇힌 지 수일이라. 옥에 갇힌 애굽 왕의 술 맡은 자와 떡 굽는 자 두 사람이 하룻밤에 꿈을 꾸니 각기 몽조가 다르더라. 아침에 요셉이 들어가 보니 그들에게 근심 빛이 있는지라. 요셉이 그 주인의 집에 자기와 함께 갇힌 바로의 관원장에게 묻되 당신들이 오늘 어찌하여 근심 빛이 있나이까. 그들이 그에게 이르되 우리가 꿈을 꾸었으나 이를 해석할 자가 없도다. 요셉이 그들에게 이르되 해석은 하나님께 있지 아니하니이까 청컨대 내게 고하소서, 술 맡은 관원장이 그 꿈을 요셉에게 말하여 가로되 내가 꿈에 보니 내 앞에 포도나무가 있는데, 그 나무에 세 가지가 있고 싹이 나서 꽃이 피고 포도송이가 익었고, 내 손에 바로의 잔이 있기로 내가 포도를 따서 그 즙을 바로의 잔에 짜서 그 잔을 바로의 손에 드렸노라. 요셉이 그에게 이르되 그 해석이 이러하니 세 가지는 사흘이라. 지금부터 사흘 안에 바로가 당신의 머리를 들고 당신의 전직을 회복하리니 당신이 이왕에 술 맡은 자가 되었을 때에 하던 것같이 바로의 잔을 그 손에 받들게 되리이다. 당신이 득의하거든 나를 생각하고 내게 은혜를 베풀어서 내 사정을 바로에게 고하여 이 집에서 나를 건져내소서, 나는 히브리 땅에서 끌려온 자요 여기서도 옥에 갇힐 일은 행치 아니하였나이다. 떡 굽는 관원장이 그 해석이 길함을 보고 요셉에게 이르되 나도 꿈에 보니 흰 떡 세 광주리가 내 머리에 있고, 그 윗광주리에 바로를 위하여 만든 각종 구운 식물이 있는데 새들이 내 머리의 광주리에서 그것을 먹더라. 요셉이 대답하여 가로되 그 해석은 이러하니 세 광주리는 사흘이라. 지금부터 사흘 안에 바로가 당신의 머리를 끊고 당신을 나무에 달리니 새들이 당신의 고기를 뜯어 먹으리이다 하더니, 제 삼 일은 바로의 탄일이라 바로가 모든 신하를 위하여 잔치할 때에 술 맡은 관원장과 떡 굽는 관원장으로 머리를 그 신하 중에 들게 하니라. 바로의 술 맡은 관원장은 전직을 회복하매 그가 잔을 바로의 손에 받들어 드렸고, 떡 굽는 관원장은 매여 달리니 요셉이 그들에게 해석함과 같이 되었으나, 술 맡은 관원장이 요셉을 기억지 않고 잊었더라. | Z32: 미착수 | AA32: 미착수 | AB32: 미착수
A33: 32 | B33: R0032 | C33: 구약 | D33: 32 | E33: 9 | F33: ='안내'!$C$6+E33-1 | G33: =CHOOSE(WEEKDAY(F33,2),"월","화","수","목","금","토","일") | H33: 1 | I33: =INDEX('안내'!$C$11:$C$16,H33) | J33: 창세기 | K33: 창세기 41장 1절 ~ 40절 | L33: 40 | M33: 1 | N33: 1378 | O33: =ROUND(N33/'안내'!$C$7*60+M33*'안내'!$C$8,0) | P33: =TEXT(O33/86400,"m:ss") | Q33: =TEXT((O33+'안내'!$C$9+'안내'!$C$10)/86400,"m:ss") | R33: 문장 끝 | S33: ='안내'!$C$5&" | 창세기 41장 1절 ~ 40절" | T33: ="#"&SUBSTITUTE('안내'!$C$5," ","")&" #성경읽기 #성경통독 #창세기 #개역한글" | U33: 창세기 41장 1절 ~ 40절 (개역한글) 성경 본문: 개역한글판 · 낭독: AI 음성 | V33: 자동 입력 · 대조 필요 | W33: 줄바꿈 띄어쓰기 확인 | X33: 율법서: 광야와 장막, 돌판, 저녁 하늘 | Y33: 창세기 41장. 만 이 년 후에 바로가 꿈을 꾼즉 자기가 하숫가에 섰는데, 보니 아름답고 살진 일곱 암소가 하수에서 올라와 갈밭에서 뜯어먹고, 그 뒤에 또 흉악하고 파리한 다른 일곱 암소가 하수에서 올라와 그 소와 함께 하숫가에 섰더니, 그 흉악하고 파리한 소가 그 아름답고 살진 일곱 소를 먹은지라 바로가 곧 깨었다가, 다시 잠이 들어 꿈을 꾸니 한 줄기에 무성하고 충실한 일곱 이삭이 나오고, 그 후에 또 세약하고 동풍에 마른 일곱 이삭이 나오더니, 그 세약한 일곱 이삭이 무성하고 충실한 일곱 이삭을 삼킨지라 바로가 깬즉 꿈이라. 아침에 그 마음이 번민하여 보내어 애굽의 술객과 박사를 모두 불러 그들에게 그 꿈을 고하였으나 그것을 바로에게 해석하는 자가 없었더라. 술 맡은 관원장이 바로에게 고하여 가로되 내가 오늘날 나의 허물을 추억하나이다. 바로께서 종들에게 노하사 나와 떡 굽는 관원장을 시위대장의 집에 가두셨을 때에, 나와 그가 하룻밤에 꿈을 꾼즉 각기 징조가 있는 꿈이라. 그 곳에 시위대장의 종 된 히브리 소년이 우리와 함께 있기로 우리가 그에게 고하매 그가 우리의 꿈을 풀되 그 꿈대로 각인에게 해석하더니, 그 해석한 대로 되어 나는 복직하고 그는 매여 달렸나이다. 이에 바로가 보내어 요셉을 부르매 그들이 급히 그를 옥에서 낸지라 요셉이 곧 수염을 깎고 그 옷을 갈아 입고 바로에게 들어오니, 바로가 요셉에게 이르되 내가 한 꿈을 꾸었으나 그것을 해석하는 자가 없더니 들은즉 너는 꿈을 들으면 능히 푼다더라. 요셉이 바로에게 대답하여 가로되 이는 내게 있는 것이 아니라. 하나님이 바로에게 평안한 대답을 하시리이다. 바로가 요셉에게 이르되 내가 꿈에 하숫가에 서서, 보니 살지고 아름다운 일곱 암소가 하숫가에 올라와 갈밭에서 뜯어먹고, 그 뒤에 또 약하고 심히 흉악하고 파리한 일곱 암소가 올라오니 그같이 흉악한 것들은 애굽 땅에서 내가 아직 보지 못한 것이라. 그 파리하고 흉악한 소가 처음의 일곱 살진 소를 먹었으며, 먹었으나 먹은 듯하지 아니하여 여전히 흉악하더라. 내가 곧 깨었다가, 다시 꿈에 보니 한 줄기에 무성하고 충실한 일곱 이삭이 나오고, 그 후에 또 세약하고 동풍에 마른 일곱 이삭이 나더니, 그 세약한 이삭이 좋은 일곱 이삭을 삼키더라. 내가 그 꿈을 술객에게 말하였으나 그것을 내게 보이는 자가 없느니라. 요셉이 바로에게 고하되 바로의 꿈은 하나이라 하나님이 그 하실 일을 바로에게 보이심이니이다. 일곱 좋은 암소는 일곱 해요 일곱 좋은 이삭도 일곱 해니 그 꿈은 하나이라. 그 후에 올라온 파리하고 흉악한 일곱 소는 칠 년이요 동풍에 말라 속이 빈 일곱 이삭도 일곱 해 흉년이니, 내가 바로에게 고하기를 하나님이 그 하실 일로 바로에게 보이신다 함이 이것이라. 온 애굽 땅에 일곱 해 큰 풍년이 있겠고, 후에 일곱 해 흉년이 들므로 애굽 땅에 있던 풍년을 다 잊어버리게 되고 이 땅이 기근으로 멸망되리니, 후에 든 그 흉년이 너무 심하므로 이전 풍년을 이 땅에서 기억하지 못하게 되리이다. 바로께서 꿈을 두 번 겹쳐 꾸신 것은 하나님이 이 일을 정하셨음이라 속히 행하시리니, 이제 바로께서는 명철하고 지혜 있는 사람을 택하여 애굽 땅을 치리하게 하시고, 바로께서는 또 이같이 행하사 국중에 여러 관리를 두어 그 일곱 해 풍년에 애굽 땅의 오분의 일을 거두되, 그 관리로 장차 올 풍년의 모든 곡물을 거두고 그 곡물을 바로의 손에 돌려 양식을 위하여 각 성에 적치하게 하소서, 이와 같이 그 곡물을 이 땅에 저장하여 애굽 땅에 임할 일곱 해 흉년을 예비하시면 땅이 이 흉년을 인하여 멸망치 아니하리이다. 바로와 그 모든 신하가 이 일을 좋게 여긴지라. 바로가 그 신하들에게 이르되 이와 같이 하나님의 신에 감동한 사람을 우리가 어찌 얻을 수 있으리요 하고, 요셉에게 이르되 하나님이 이 모든 것을 네게 보이셨으니 너와 같이 명철하고 지혜 있는 자가 없도다. 너는 내 집을 치리하라 내 백성이 다 네 명을 복종하리니 나는 너보다 높음이 보좌뿐이니라. | Z33: 미착수 | AA33: 미착수 | AB33: 미착수
A34: 33 | B34: R0033 | C34: 구약 | D34: 33 | E34: 9 | F34: ='안내'!$C$6+E34-1 | G34: =CHOOSE(WEEKDAY(F34,2),"월","화","수","목","금","토","일") | H34: 2 | I34: =INDEX('안내'!$C$11:$C$16,H34) | J34: 창세기 | K34: 창세기 41장 41절 ~ 42장 17절 | L34: 34 | M34: 2 | N34: 1389 | O34: =ROUND(N34/'안내'!$C$7*60+M34*'안내'!$C$8,0) | P34: =TEXT(O34/86400,"m:ss") | Q34: =TEXT((O34+'안내'!$C$9+'안내'!$C$10)/86400,"m:ss") | R34: 문장 끝 | S34: ='안내'!$C$5&" | 창세기 41장 41절 ~ 42장 17절" | T34: ="#"&SUBSTITUTE('안내'!$C$5," ","")&" #성경읽기 #성경통독 #창세기 #개역한글" | U34: 창세기 41장 41절 ~ 42장 17절 (개역한글) 성경 본문: 개역한글판 · 낭독: AI 음성 | V34: 자동 입력 · 대조 필요 | W34: 줄바꿈 띄어쓰기 확인 | X34: 율법서: 광야와 장막, 돌판, 저녁 하늘 | Y34: 창세기 41장 41절부터. 바로가 또 요셉에게 이르되 내가 너로 애굽 온 땅을 총리하게 하노라 하고, 자기의 인장 반지를 빼어 요셉의 손에 끼우고 그에게 세마포 옷을 입히고 금사슬을 목에 걸고, 자기에게 있는 버금 수레에 그를 태우매 무리가 그 앞에서 소리지르기를 엎드리라 하더라. 바로가 그로 애굽 전국을 총리하게 하였더라. 바로가 요셉에게 이르되 나는 바로라 애굽 온 땅에서 네 허락 없이는 수족을 놀릴 자가 없으리라 하고, 그가 요셉의 이름을 사브낫바네아라 하고 또 온 제사장 보디베라의 딸 아스낫을 그에게 주어 아내를 삼게 하니라. 요셉이 나가 애굽 온 땅을 순찰하니라. 요셉이 애굽 왕 바로 앞에 설 때에 삼십 세라 그가 바로 앞을 떠나 애굽 온 땅을 순찰하니, 일곱 해 풍년에 토지 소출이 심히 많은지라. 요셉이 애굽 땅에 있는 그 칠 년 곡물을 거두어 각 성에 저축하되 각 성 주위의 밭의 곡물을 그 성중에 저장하매, 저장한 곡식이 바다 모래같이 심히 많아 세기를 그쳤으니 그 수가 한이 없음이었더라. 흉년이 들기 전에 요셉에게 두 아들을 낳되 곧 온 제사장 보디베라의 딸 아스낫이 그에게 낳은지라. 요셉이 그 장자의 이름을 므낫세라 하였으니 하나님이 나로 나의 모든 고난과 나의 아비의 온 집 일을 잊어버리게 하셨다 함이요. 차자의 이름을 에브라임이라 하였으니 하나님이 나로 나의 수고한 땅에서 창성하게 하셨다 함이었더라. 애굽 땅에 일곱 해 풍년이 그치고, 요셉의 말과 같이 일곱 해 흉년이 들기 시작하매 각국에는 기근이 있으나 애굽 온 땅에는 식물이 있더니, 애굽 온 땅이 주리매 백성이 바로에게 부르짖어 양식을 구하는지라 바로가 애굽 모든 백성에게 이르되 요셉에게 가서 그가 너희에게 이르는 대로 하라 하니라. 온 지면에 기근이 있으매 요셉이 모든 창고를 열고 애굽 백성에게 팔새 애굽 땅에 기근이 심하며, 각국 백성도 양식을 사려고 애굽으로 들어와 요셉에게 이르렀으니 기근이 온 세상에 심함이었더라. 창세기 42장. 때에 야곱이 애굽에 곡식이 있음을 보고 아들들에게 이르되 너희는 어찌하여 서로 관망만 하느냐. 야곱이 또 이르되 내가 들은즉 저 애굽에 곡식이 있다 하니 너희는 그리로 가서 거기서 우리를 위하여 사오라 그리하면 우리가 살고 죽지 아니하리라 하매, 요셉의 형 십 인이 애굽에서 곡식을 사려고 내려갔으나, 야곱이 요셉의 아우 베냐민을 그 형들과 함께 보내지 아니하였으니 이는 그의 말이 재난이 그에게 미칠까 두렵다 함이었더라. 이스라엘의 아들들이 양식 사러 간 자 중에 있으니 가나안 땅에 기근이 있음이라. 때에 요셉이 나라의 총리로서 그 땅 모든 백성에게 팔더니 요셉의 형들이 와서 그 앞에서 땅에 엎드려 절하매, 요셉이 보고 형들인 줄 아나 모르는 체하고 엄한 소리로 그들에게 말하여 가로되 너희가 어디서 왔느냐 그들이 가로되 곡물을 사려고 가나안에서 왔나이다. 요셉은 그 형들을 아나 그들은 요셉을 알지 못하더라. 요셉이 그들에게 대하여 꾼 꿈을 생각하고 그들에게 이르되 너희는 정탐들이라 이 나라의 틈을 엿보려고 왔느니라. 그들이 그에게 이르되 내 주여 아니니이다. 종들은 곡물을 사러 왔나이다. 우리는 다 한 사람의 아들로서 독실한 자니 종들은 정탐이 아니니이다. 요셉이 그들에게 이르되 아니라. 너희가 이 나라의 틈을 엿보러 왔느니라. 그들이 가로되 주의 종 우리들은 십이 형제로서 가나안 땅 한 사람의 아들들이라 말째 아들은 오늘 아버지와 함께 있고 또 하나는 없어졌나이다. 요셉이 그들에게 이르되 내가 너희에게 이르기를 너희는 정탐들이라 한 말이 이것이니라. 너희는 이같이 하여 너희 진실함을 증명할 것이라 바로의 생명으로 맹세하노니 너희 말째 아우가 여기 오지 아니하면 너희가 여기서 나가지 못하리라. 너희 중 하나를 보내어 너희 아우를 데려오게 하고 너희는 갇히어 있으라 내가 너희의 말을 시험하여 너희 중에 진실이 있는지 보리라. 바로의 생명으로 맹세하노니 그리하지 아니하면 너희는 과연 정탐이니라 하고, 그들을 다 함께 삼 일을 가두었더라. | Z34: 미착수 | AA34: 미착수 | AB34: 미착수
A35: 34 | B35: R0034 | C35: 구약 | D35: 34 | E35: 9 | F35: ='안내'!$C$6+E35-1 | G35: =CHOOSE(WEEKDAY(F35,2),"월","화","수","목","금","토","일") | H35: 3 | I35: =INDEX('안내'!$C$11:$C$16,H35) | J35: 창세기 | K35: 창세기 42장 18절 ~ 43장 6절 | L35: 27 | M35: 2 | N35: 1351 | O35: =ROUND(N35/'안내'!$C$7*60+M35*'안내'!$C$8,0) | P35: =TEXT(O35/86400,"m:ss") | Q35: =TEXT((O35+'안내'!$C$9+'안내'!$C$10)/86400,"m:ss") | R35: 문장 끝 | S35: ='안내'!$C$5&" | 창세기 42장 18절 ~ 43장 6절" | T35: ="#"&SUBSTITUTE('안내'!$C$5," ","")&" #성경읽기 #성경통독 #창세기 #개역한글" | U35: 창세기 42장 18절 ~ 43장 6절 (개역한글) 성경 본문: 개역한글판 · 낭독: AI 음성 | V35: 자동 입력 · 대조 필요 | W35: 줄바꿈 띄어쓰기 확인 | X35: 율법서: 광야와 장막, 돌판, 저녁 하늘 | Y35: 창세기 42장 18절부터. 삼 일 만에 요셉이 그들에게 이르되 나는 하나님을 경외하노니 너희는 이같이 하여 생명을 보전하라. 너희가 독실한 자이면 너희 형제 중 한 사람만 그 옥에 갇히게 하고 너희는 곡식을 가지고 가서 너희 집들의 주림을 구하고, 너희 말째 아우를 내게로 데리고 오라 그리하면 너희 말이 진실함이 되고 너희가 죽지 아니하리라. 그들이 그대로 하니라. 그들이 서로 말하되 우리가 아우의 일로 인하여 범죄하였도다. 그가 우리에게 애걸할 때에 그 마음의 괴로움을 보고도 듣지 아니하였으므로 이 괴로움이 우리에게 임하도다. 르우벤이 그들에게 대답하여 가로되 내가 너희더러 그 아이에게 득죄하지 말라고 하지 아니하였느냐 그래도 너희가 듣지 아니하였느니라. 그러므로 그의 피 값을 내게 되었도다 하니, 피차간에 통변을 세웠으므로 그들은 요셉이 그 말을 알아들은 줄을 알지 못하였더라. 요셉이 그들을 떠나가서 울고 다시 돌아와서 그들과 말하다가 그들 중에서 시므온을 취하여 그들의 목전에서 결박하고, 명하여 곡물을 그 그릇에 채우게 하고 각인의 돈은 그 자루에 도로 넣게 하고 또 길 양식을 그들에게 주게 하니 그대로 행하였더라. 그들이 곡식을 나귀에 싣고 그 곳을 떠났더니, 한 사람이 객점에서 나귀에게 먹이를 주려고 자루를 풀고 본즉 그 돈이 자루 아구에 있는지라. 그가 그 형제에게 고하되 내 돈을 도로 넣었도다. 보라 자루 속에 있도다. 이에 그들이 혼이 나서 떨며 서로 돌아보며 말하되 하나님이 어찌하여 우리에게 이 일을 행하셨는고 하고, 그들이 가나안 땅에 돌아와 그 아비 야곱에게 이르러 그 만난 일을 자세히 고하여 가로되, 그 땅의 주 그 사람이 엄히 우리에게 말씀하고 우리를 그 나라 정탐자로 여기기로, 우리가 그에게 이르되 우리는 독실한 자요 정탐이 아니니이다. 우리는 한 아비의 아들 십이 형제로서 하나는 없어지고 말째는 오늘 우리 아버지와 함께 가나안 땅에 있나이다 하였더니, 그 땅의 주 그 사람이 우리에게 이르되 내가 이같이 하여 너희가 독실한 자임을 알리니 너희 형제 중 하나를 내게 두고 양식을 가지고 가서 너희 집들의 주림을 구하고, 너희 말째 아우를 내게로 데려오라 그리하면 너희가 정탐이 아니요 독실한 자임을 내가 알고 너희 형제를 너희에게 돌리리니 너희가 이 나라에서 무역하리라 하더이다 하고, 각기 자루를 쏟고 본즉 각인의 돈뭉치가 그 자루 속에 있는지라 그들과 그 아비가 돈뭉치를 보고 다 두려워하더니, 그 아비 야곱이 그들에게 이르되 너희가 나로 나의 자식들을 잃게 하도다. 요셉도 없어졌고 시므온도 없어졌거늘 베냐민을 또 빼앗아 가고자 하니 이는 다 나를 해롭게 함이로다. 르우벤이 아비에게 고하여 가로되 내가 그를 아버지께로 데리고 오지 아니하거든 나의 두 아들을 죽이소서. 그를 내 손에 맡기소서. 내가 그를 아버지께로 데리고 돌아오리이다. 야곱이 가로되 내 아들은 너희와 함께 내려가지 못하리니 그의 형은 죽고 그만 남았음이라 만일 너희 행하는 길에서 재난이 그 몸에 미치면 너희가 나의 흰 머리로 슬피 음부로 내려가게 함이 되리라. 창세기 43장. 그 땅에 기근이 심하고, 그들이 애굽에서 가져온 곡식을 다 먹으매 그 아비가 그들에게 이르되 다시 가서 우리를 위하여 양식을 조금 사라. 유다가 아비에게 말하여 가로되 그 사람이 엄히 우리에게 경계하여 가로되 너희 아우가 너희와 함께 하지 아니하면 너희가 내 얼굴을 보지 못하리라 하였으니, 아버지께서 우리 아우를 우리와 함께 보내시면 우리가 내려가서 아버지를 위하여 양식을 사려니와, 아버지께서 만일 그를 보내지 않으시면 우리는 내려가지 아니하리니 그 사람이 우리에게 말하기를 너희 아우가 너희와 함께 하지 아니하면 너희가 내 얼굴을 보지 못하리라 하였음이니이다. 이스라엘이 가로되 너희가 어찌하여 너희에게 오히려 아우가 있다고 그 사람에게 고하여 나를 해롭게 하였느냐. | Z35: 미착수 | AA35: 미착수 | AB35: 미착수
A36: 35 | B36: R0035 | C36: 구약 | D36: 35 | E36: 10 | F36: ='안내'!$C$6+E36-1 | G36: =CHOOSE(WEEKDAY(F36,2),"월","화","수","목","금","토","일") | H36: 1 | I36: =INDEX('안내'!$C$11:$C$16,H36) | J36: 창세기 | K36: 창세기 43장 7절 ~ 34절 | L36: 28 | M36: 1 | N36: 1381 | O36: =ROUND(N36/'안내'!$C$7*60+M36*'안내'!$C$8,0) | P36: =TEXT(O36/86400,"m:ss") | Q36: =TEXT((O36+'안내'!$C$9+'안내'!$C$10)/86400,"m:ss") | R36: 장 끝 | S36: ='안내'!$C$5&" | 창세기 43장 7절 ~ 34절" | T36: ="#"&SUBSTITUTE('안내'!$C$5," ","")&" #성경읽기 #성경통독 #창세기 #개역한글" | U36: 창세기 43장 7절 ~ 34절 (개역한글) 성경 본문: 개역한글판 · 낭독: AI 음성 | V36: 자동 입력 · 대조 필요 | W36: 줄바꿈 띄어쓰기 확인 | X36: 율법서: 광야와 장막, 돌판, 저녁 하늘 | Y36: 창세기 43장 7절부터. 그들이 가로되 그 사람이 우리와 우리의 친족에 대하여 자세히 힐문하여 이르기를 너희 아버지가 그저 살았느냐 너희에게 아우가 있느냐 하기로 그 말을 조조이 그에게 대답한 것이라 그가 너희 아우를 데리고 내려오라 할 줄을 우리가 어찌 알았으리이까. 유다가 아비 이스라엘에게 이르되 저 아이를 나와 함께 보내시면 우리가 곧 가리니 그러면 우리와 아버지와 우리 어린것들이 다 살고 죽지 아니하리이다. 내가 그의 몸을 담보하오리니 아버지께서 내 손에 그를 물으소서. 내가 만일 그를 아버지께 데려다가 아버지 앞에 두지 아니하면 내가 영원히 죄를 지리이다. 우리가 지체하지 아니하였더면 벌써 두 번 갔다 왔으리이다. 그들의 아비 이스라엘이 그들에게 이르되 그러할진대 이렇게 하라 너희는 이 땅의 아름다운 소산을 그릇에 담아가지고 내려가서 그 사람에게 예물을 삼을지니 곧 유향 조금과 꿀 조금과 향품과 몰약과 비자와 파단행이니라. 너희 손에 돈을 배나 가지고 너희 자루 아구에 도로 넣여 온 그 돈을 다시 가지고 가라 혹 차착이 있었을까 두렵도다. 네 아우도 데리고 떠나 다시 그 사람에게로 가라. 전능하신 하나님께서 그 사람 앞에서 너희에게 은혜를 베푸사 그 사람으로 너희 다른 형제와 베냐민을 돌려 보내게 하시기를 원하노라. 내가 자식을 잃게 되면 잃으리로다. 그 사람들이 그 예물을 취하고 갑절 돈을 자기들의 손에 가지고 베냐민을 데리고 애굽에 내려가서 요셉의 앞에 서니라. 요셉이 베냐민이 그들과 함께 있음을 보고 청지기에게 이르되 이 사람들을 집으로 인도해 들이고 짐승을 잡고 준비하라 이 사람들이 오정에 나와 함께 먹을 것이니라. 그 사람이 요셉의 명대로 하여 그 사람들을 요셉의 집으로 인도하니, 그 사람들이 요셉의 집으로 인도되매 두려워하여 이르되 전일 우리 자루에 넣여 있던 돈의 일로 우리가 끌려드도다. 이는 우리를 억류하고 달려들어 우리를 잡아 노예를 삼고 우리의 나귀를 빼앗으려 함이로다 하고, 그들이 요셉의 청지기에게 가까이 나아가 그 집 문 앞에서 그에게 고하여, 가로되 내 주여 우리가 전일에 내려와서 양식을 사가지고, 객점에 이르러 자루를 풀어본즉 각인의 돈이 본수대로 자루 아구에 있기로 우리가 도로 가져왔고, 양식 살 다른 돈도 우리가 가지고 내려왔나이다. 우리의 돈을 우리 자루에 넣은 자는 누구인지 우리가 알지 못하나이다. 그가 이르되 너희는 안심하라 두려워 말라 너희 하나님, 너희 아버지의 하나님이 재물을 너희 자루에 넣어 너희에게 주신 것이니라. 너희 돈은 내가 이미 받았느니라 하고 시므온을 그들에게로 이끌어 내고, 그들을 요셉의 집으로 인도하고 물을 주어 발을 씻게 하며 그 나귀에게 먹이를 주더라. 그들이 여기서 먹겠다 함을 들은 고로 예물을 정돈하고 요셉이 오정에 오기를 기다리더니, 요셉이 집으로 오매 그들이 그 집으로 들어가서 그 예물을 그에게 드리고 땅에 엎드리어 절하니, 요셉이 그들의 안부를 물으며 가로되 너희 아버지 너희가 말하던 그 노인이 안녕하시냐 지금까지 생존하셨느냐. 그들이 대답하되 주의 종 우리 아비가 평안하고 지금까지 생존하였나이다 하고 머리 숙여 절하더라. 요셉이 눈을 들어 자기 어머니의 아들 자기 동생 베냐민을 보고 가로되 너희가 내게 말하던 너희 작은 동생이 이냐 그가 또 가로되 소자여 하나님이 네게 은혜 베푸시기를 원하노라. 요셉이 아우를 인하여 마음이 타는 듯하므로 급히 울 곳을 찾아 안방으로 들어가서 울고, 얼굴을 씻고 나와서 그 정을 억제하고 음식을 차리라 하매, 그들이 요셉에게 따로 하고 그 형제들에게 따로 하고 배식하는 애굽 사람에게도 따로 하니 애굽 사람은 히브리 사람과 같이 먹으면 부정을 입음이었더라. 그들이 요셉의 앞에 앉되 그 장유의 차서대로 앉히운 바 되니 그들이 서로 이상히 여겼더라. 요셉이 자기 식물로 그들에게 주되 베냐민에게는 다른 사람보다 오 배나 주매 그들이 마시며 요셉과 함께 즐거워하였더라. | Z36: 미착수 | AA36: 미착수 | AB36: 미착수
A37: 36 | B37: R0036 | C37: 구약 | D37: 36 | E37: 10 | F37: ='안내'!$C$6+E37-1 | G37: =CHOOSE(WEEKDAY(F37,2),"월","화","수","목","금","토","일") | H37: 2 | I37: =INDEX('안내'!$C$11:$C$16,H37) | J37: 창세기 | K37: 창세기 44장 | L37: 34 | M37: 1 | N37: 1501 | O37: =ROUND(N37/'안내'!$C$7*60+M37*'안내'!$C$8,0) | P37: =TEXT(O37/86400,"m:ss") | Q37: =TEXT((O37+'안내'!$C$9+'안내'!$C$10)/86400,"m:ss") | R37: 장 끝 | S37: ='안내'!$C$5&" | 창세기 44장" | T37: ="#"&SUBSTITUTE('안내'!$C$5," ","")&" #성경읽기 #성경통독 #창세기 #개역한글" | U37: 창세기 44장 (개역한글) 성경 본문: 개역한글판 · 낭독: AI 음성 | V37: 자동 입력 · 대조 필요 | W37: 줄바꿈 띄어쓰기 확인 | X37: 율법서: 광야와 장막, 돌판, 저녁 하늘 | Y37: 창세기 44장. 요셉이 그 청지기에 명하여 가로되 양식을 각인의 자루에 실을 수 있을 만큼 채우고 각인의 돈을 그 자루에 넣고, 또 내 잔 곧 은잔을 그 소년의 자루 아구에 넣고 그 양식 값 돈도 함께 넣으라 하매 그가 요셉의 명령대로 하고, 개동시에 사람들과 그 나귀를 보내니라. 그들이 성에서 나가 멀리 가기 전에 요셉이 청지기에게 이르되 일어나 그 사람들의 뒤를 따라 미칠 때에 그들에게 이르기를 너희가 어찌하여 악으로 선을 갚느냐. 이것은 내 주인이 가지고 마시며 늘 점치는 데 쓰는 것이 아니냐 너희가 이같이 하니 악하도다. 하라. 청지기가 그들에게 따라 미쳐 그대로 말하니, 그들이 그에게 대답하되 우리 주여 어찌 이렇게 말씀하시나이까 이런 일은 종들이 결단코 아니하나이다. 우리 자루에 있던 돈도 우리가 가나안 땅에서부터 당신에게로 가져왔거늘 우리가 어찌 당신 주인의 집에서 은, 금을 도적질하리이까. 종들 중 뉘게서 발견되든지 그는 죽을 것이요 우리는 우리 주의 종이 되리이다. 그가 가로되 그러면 너희 말과 같이 하리라. 그것이 뉘게서든지 발견되면 그는 우리 종이 될 것이요 너희에게는 책망이 없으리라. 그들이 각각 급히 자루를 땅에 내려놓고 각기 푸니, 그가 나이 많은 자에게서부터 시작하여 나이 적은 자에게까지 수탐하매 잔이 베냐민의 자루에서 발견된지라. 그들이 옷을 찢고 각기 짐을 나귀에 싣고 성으로 돌아오니라. 유다와 그 형제들이 요셉의 집에 이르니 요셉이 오히려 그 곳에 있는지라 그 앞 땅에 엎드리니, 요셉이 그들에게 이르되 너희가 어찌하여 이런 일을 행하였느냐 나 같은 사람이 점 잘 칠 줄을 너희가 알지 못하느냐. 유다가 가로되 우리가 내 주께 무슨 말을 하오리이까 무슨 설명을 하오리이까 어떻게 우리의 정직을 나타내리이까 하나님이 종들의 죄악을 적발하셨으니 우리와 이 잔이 발견된 자가 다 내 주의 종이 되겠나이다. 요셉이 가로되 내가 결코 그리하지 아니하리라. 잔이 그 손에서 발견된 자만 나의 종이 되고 너희는 평안히 너희 아버지께로 도로 올라갈 것이니라. 유다가 그에게 가까이 가서 가로되 내 주여 청컨대 종으로 내 주의 귀에 한 말씀을 고하게 하소서. 주의 종에게 노하지 마옵소서. 주는 바로와 같으심이니이다. 이전에 내 주께서 종들에게 물으시되 너희는 아비가 있느냐 아우가 있느냐 하시기에, 우리가 내 주께 고하되 우리에게 아비가 있으니 노인이요 또 그 노년에 얻은 아들 소년이 있으니 그의 형은 죽고 그 어미의 끼친 것은 그뿐이므로 그 아비가 그를 사랑하나이다 하였더니, 주께서 또 종들에게 이르시되 그를 내게로 데리고 내려와서 나로 그를 목도하게 하라 하시기로, 우리가 내 주께 말씀하기를 그 아이는 아비를 떠나지 못할지니 떠나면 아비가 죽겠나이다. 주께서 또 주의 종들에게 말씀하시되 너희 말째 아우가 너희와 함께 내려오지 아니하면 너희가 다시 내 얼굴을 보지 못하리라 하시기로, 우리가 주의 종 우리 아비에게로 도로 올라가서 내 주의 말씀을 그에게 고하였나이다. 그 후에 우리 아비가 다시 가서 곡물을 조금 사오라 하시기로, 우리가 이르되 우리가 내려갈 수 없나이다. 우리 말째 아우가 함께 하면 내려가려니와 말째 아우가 우리와 함께 함이 아니면 그 사람의 얼굴을 볼 수 없음이니이다. 주의 종 우리 아비가 우리에게 이르되 너희도 알거니와 내 아내가 내게 두 아들을 낳았으나, 하나는 내게서 나간 고로 내가 말하기를 정녕 찢겨 죽었다 하고 내가 지금까지 그를 보지 못하거늘, 너희가 이도 내게서 취하여 가려한즉 만일 재해가 그 몸에 미치면 나의 흰 머리로 슬피 음부로 내려가게 하리라 하니, 아비의 생명과 아이의 생명이 서로 결탁되었거늘 이제 내가 주의 종 우리 아비에게 돌아갈 때에 아이가 우리와 함께 하지 아니하면, 아비가 아이의 없음을 보고 죽으리니 이같이 되면 종들이 주의 종 우리 아비의 흰 머리로 슬피 음부로 내려가게 함이니이다. 주의 종이 내 아비에게 아이를 담보하기를 내가 이를 아버지께로 데리고 돌아오지 아니하면 영영히 아버지께 죄를 지리이다 하였사오니, 청컨대 주의 종으로 아이를 대신하여 있어서 주의 종이 되게 하시고 아이는 형제와 함께 도로 올려 보내소서, 내가 어찌 아이와 함께 하지 아니하고 내 아비에게로 올라갈 수 있으리이까 두렵건대 재해가 내 아비에게 미침을 보리이다. | Z37: 미착수 | AA37: 미착수 | AB37: 미착수
A38: 37 | B38: R0037 | C38: 구약 | D38: 37 | E38: 10 | F38: ='안내'!$C$6+E38-1 | G38: =CHOOSE(WEEKDAY(F38,2),"월","화","수","목","금","토","일") | H38: 3 | I38: =INDEX('안내'!$C$11:$C$16,H38) | J38: 창세기 | K38: 창세기 45장 | L38: 28 | M38: 1 | N38: 1238 | O38: =ROUND(N38/'안내'!$C$7*60+M38*'안내'!$C$8,0) | P38: =TEXT(O38/86400,"m:ss") | Q38: =TEXT((O38+'안내'!$C$9+'안내'!$C$10)/86400,"m:ss") | R38: 장 끝 | S38: ='안내'!$C$5&" | 창세기 45장" | T38: ="#"&SUBSTITUTE('안내'!$C$5," ","")&" #성경읽기 #성경통독 #창세기 #개역한글" | U38: 창세기 45장 (개역한글) 성경 본문: 개역한글판 · 낭독: AI 음성 | V38: 자동 입력 · 대조 필요 | W38: 줄바꿈 띄어쓰기 확인 | X38: 율법서: 광야와 장막, 돌판, 저녁 하늘 | Y38: 창세기 45장. 요셉이 시종하는 자들 앞에서 그 정을 억제하지 못하여 소리질러 모든 사람을 자기에게서 물러가라 하고 그 형제에게 자기를 알리니 때에 그와 함께한 자가 없었더라. 요셉이 방성대곡하니 애굽 사람에게 들리며 바로의 궁중에 들리더라. 요셉이 그 형들에게 이르되 나는 요셉이라 내 아버지께서 아직 살아 계시니이까 형들이 그 앞에서 놀라서 능히 대답하지 못하는지라. 요셉이 형들에게 이르되 내게로 가까이 오소서. 그들이 가까이 가니 가로되 나는 당신들의 아우 요셉이니 당신들이 애굽에 판 자라. 당신들이 나를 이 곳에 팔았으므로 근심하지 마소서. 한탄하지 마소서. 하나님이 생명을 구원하시려고 나를 당신들 앞서 보내셨나이다. 이 땅에 이 년 동안 흉년이 들었으나 아직 오 년은 기경도 못하고 추수도 못할지라. 하나님이 큰 구원으로 당신들의 생명을 보존하고 당신들의 후손을 세상에 두시려고 나를 당신들 앞서 보내셨나니, 그런즉 나를 이리로 보낸 자는 당신들이 아니요 하나님이시라 하나님이 나로 바로의 아비를 삼으시며 그 온 집의 주를 삼으시며 애굽 온 땅의 치리자를 삼으셨나이다. 당신들은 속히 아버지께로 올라가서 고하기를 아버지의 아들 요셉의 말에 하나님이 나를 애굽 전국의 주로 세우셨으니 내게로 지체말고 내려오사, 아버지의 아들들과 아버지의 손자들과 아버지의 양과 소와 모든 소유가 고센 땅에 있어서 나와 가깝게 하소서, 흉년이 아직 다섯 해가 있으니 내가 거기서 아버지를 봉양하리이다 아버지와 아버지의 가속과 아버지의 모든 소속이 결핍할까 하나이다 하더라. 하소서, 당신들은 눈과 내 아우 베냐민의 눈이 보는 바 당신들에게 이 말을 하는 것은 내 입이라. 당신들은 나의 애굽에서의 영화와 당신들의 본 모든 것을 다 내 아버지께 고하고 속히 모시고 내려오소서 하며, 자기 아우 베냐민의 목을 안고 우니 베냐민도 요셉의 목을 안고 우니라. 요셉이 또 형들과 입맞추며 안고 우니 형들이 그제야 요셉과 말하니라. 요셉의 형들이 왔다는 소문이 바로의 궁에 들리매 바로와 그 신복이 기뻐하고, 바로는 요셉에게 이르되 네 형들에게 명하기를 너희는 이렇게 하여 너희 양식을 싣고 가서 가나안 땅에 이르거든, 너희 아비와 너희 가속을 이끌고 내게로 오라 내가 너희에게 애굽 땅 아름다운 것을 주리니 너희가 나라의 기름진 것을 먹으리라. 이제 명을 받았으니 이렇게 하라 너희는 애굽 땅에서 수레를 가져다가 너희 자녀와 아내를 태우고 너희 아비를 데려오라. 또 너희의 기구를 아끼지 말라 온 애굽 땅의 좋은 것이 너희 것임이니라. 하라. 이스라엘의 아들들이 그대로 할새 요셉이 바로의 명대로 그들에게 수레를 주고 길 양식을 주며, 또 그들에게 다 각기 옷 한 벌씩 주되 베냐민에게는 은 삼백과 옷 다섯 벌을 주고, 그가 또 이와 같이 그 아비에게 보내되 수나귀 열 필에 애굽의 아름다운 물품을 실리고 암나귀 열 필에는 아비에게 길에서 공궤할 곡식과 떡과 양식을 실리고, 이에 형들을 돌려 보내며 그들에게 이르되 당신들은 노중에서 다투지 말라 하였더라. 그들이 애굽에서 올라와 가나안 땅으로 들어가서 아비 야곱에게 이르러, 고하여 가로되 요셉이 지금까지 살아 있어 애굽 땅 총리가 되었더이다 야곱이 그들을 믿지 아니하므로 기색하더니, 그들이 또 요셉이 자기들에게 부탁한 모든 말로 그 아비에게 고하매 그 아비 야곱이 요셉의 자기를 태우려고 보낸 수레를 보고야 기운이 소생한지라. 이스라엘이 가로되 족하도다. 내 아들 요셉이 지금까지 살았으니 내가 죽기 전에 가서 그를 보리라. | Z38: 미착수 | AA38: 미착수 | AB38: 미착수
A39: 38 | B39: R0038 | C39: 구약 | D39: 38 | E39: 10 | F39: ='안내'!$C$6+E39-1 | G39: =CHOOSE(WEEKDAY(F39,2),"월","화","수","목","금","토","일") | H39: 4 | I39: =INDEX('안내'!$C$11:$C$16,H39) | J39: 창세기 | K39: 창세기 46장 | L39: 34 | M39: 1 | N39: 1257 | O39: =ROUND(N39/'안내'!$C$7*60+M39*'안내'!$C$8,0) | P39: =TEXT(O39/86400,"m:ss") | Q39: =TEXT((O39+'안내'!$C$9+'안내'!$C$10)/86400,"m:ss") | R39: 장 끝 | S39: ='안내'!$C$5&" | 창세기 46장" | T39: ="#"&SUBSTITUTE('안내'!$C$5," ","")&" #성경읽기 #성경통독 #창세기 #개역한글" | U39: 창세기 46장 (개역한글) 성경 본문: 개역한글판 · 낭독: AI 음성 | V39: 자동 입력 · 대조 필요 | W39: 줄바꿈 띄어쓰기 확인 | X39: 율법서: 광야와 장막, 돌판, 저녁 하늘 | Y39: 창세기 46장. 이스라엘이 모든 소유를 이끌고 발행하여 브엘세바에 이르러 그 아비 이삭의 하나님께 희생을 드리니, 밤에 하나님이 이상 중에 이스라엘에게 나타나시고 불러 가라사대 야곱아 야곱아 하시는지라 야곱이 가로되 내가 여기 있나이다 하매, 하나님이 가라사대 나는 하나님이라 네 아비의 하나님이니 애굽으로 내려가기를 두려워 말라 내가 거기서 너로 큰 민족을 이루게 하리라. 내가 너와 함께 애굽으로 내려가겠고 정녕 너를 인도하여 다시 올라올 것이며 요셉이 그 손으로 네 눈을 감기리라. 하셨더라. 야곱이 브엘세바에서 발행할새 이스라엘의 아들들이 바로의 태우려고 보낸 수레에 자기들의 아비 야곱과 자기들의 처자들을 태웠고, 그 생축과 가나안 땅에서 얻은 재물을 이끌었으며 야곱과 그 자손들이 다 함께 애굽으로 갔더라. 이와 같이 야곱이 그 아들들과 손자들과 딸들과 손녀들 곧 그 모든 자손을 데리고 애굽으로 갔더라. 애굽으로 내려간 이스라엘 가족의 이름이 이러하니 야곱과 그 아들들 곧 야곱의 맏아들 르우벤과, 르우벤의 아들 하녹과 발루와 헤스론과 갈미요. 시므온의 아들 곧 여무엘과 야민과 오핫과 야긴과 스할과 가나안 여인의 소생 사울이요. 레위의 아들 곧 게르손과 그핫과 므라리요. 유다의 아들 곧 엘과 오난과 셀라와 베레스와 세라니 엘과 오난은 가나안 땅에서 죽었고 또 베레스의 아들 곧 헤스론과 하물이요. 잇사갈의 아들 곧 돌라와 부와와 욥과 시므론이요. 스불론의 아들 곧 세렛과 엘론과 얄르엘이니, 이들은 레아가 밧단아람에서 야곱에게 낳은 자손들이라 그 딸 디나를 합하여 남자와 여자가 삼십삼 명이며, 갓의 아들 곧 시뵨과 학기와 수니와 에스본과 에리와 아로디와 아렐리요. 아셀의 아들 곧 임나와 이스와와 이스위와 브리아와 그들의 누이 세라며 또 브리아의 아들 곧 헤벨과 말기엘이니, 이들은 라반이 그 딸 레아에게 준 실바가 야곱에게 낳은 자손들이라 합 십육 명이요. 야곱의 아내 라헬의 아들 곧 요셉과 베냐민이요. 애굽 땅에서 온 제사장 보디베라의 딸 아스낫이 요셉에게 낳은 므낫세와 에브라임이요. 베냐민의 아들 곧 벨라와 베겔과 아스벨과 게라와 나아만과 에히와 로스와 뭅빔과 훔빔과 아릇이니, 이들은 라헬이 야곱에게 낳은 자손이라 합 십사 명이요. 단의 아들 후심이요. 납달리의 아들 곧 야스엘과 구니와 예셀과 실렘이라. 이들은 라반이 그 딸 라헬에게 준 빌하가 야곱에게 낳은 자손이니 합이 칠 명이라. 야곱과 함께 애굽에 이른 자는 야곱의 자부 외에 육십육 명이니 이는 다 야곱의 몸에서 나온 자며, 애굽에서 요셉에게 낳은 아들이 두 명이니 야곱의 집 사람으로 애굽에 이른 자의 도합이 칠십 명이었더라. 야곱이 유다를 요셉에게 미리 보내어 자기를 고센으로 인도하게 하고 다 고센 땅에 이르니, 요셉이 수레를 갖추고 고센으로 올라가서 아비 이스라엘을 맞으며 그에게 보이고 그 목을 어긋맞겨 안고 얼마 동안 울매, 이스라엘이 요셉에게 이르되 네가 지금까지 살아 있고 내가 네 얼굴을 보았으니 지금 죽어도 가하도다. 요셉이 그 형들과 아비의 권속에게 이르되 내가 올라가서 바로에게 고하여 이르기를 가나안 땅에 있던 내 형들과 내 아비의 권속이 내게로 왔는데, 그들은 목자라 목축으로 업을 삼으므로 그 양과 소와 모든 소유를 이끌고 왔나이다. 하리니, 바로가 당신들을 불러서 너희의 업이 무엇이냐 묻거든, 당신들은 고하기를 주의 종들은 어렸을 때부터 지금까지 목축하는 자이온데 우리와 우리 선조가 다 그러하니이다. 하소서. 애굽 사람은 다 목축을 가증히 여기나니 당신들이 고센 땅에 거하게 되리이다. | Z39: 미착수 | AA39: 미착수 | AB39: 미착수
A40: 39 | B40: R0039 | C40: 구약 | D40: 39 | E40: 11 | F40: ='안내'!$C$6+E40-1 | G40: =CHOOSE(WEEKDAY(F40,2),"월","화","수","목","금","토","일") | H40: 1 | I40: =INDEX('안내'!$C$11:$C$16,H40) | J40: 창세기 | K40: 창세기 47장 | L40: 31 | M40: 1 | N40: 1468 | O40: =ROUND(N40/'안내'!$C$7*60+M40*'안내'!$C$8,0) | P40: =TEXT(O40/86400,"m:ss") | Q40: =TEXT((O40+'안내'!$C$9+'안내'!$C$10)/86400,"m:ss") | R40: 장 끝 | S40: ='안내'!$C$5&" | 창세기 47장" | T40: ="#"&SUBSTITUTE('안내'!$C$5," ","")&" #성경읽기 #성경통독 #창세기 #개역한글" | U40: 창세기 47장 (개역한글) 성경 본문: 개역한글판 · 낭독: AI 음성 | V40: 자동 입력 · 대조 필요 | W40: 줄바꿈 띄어쓰기 확인 | X40: 율법서: 광야와 장막, 돌판, 저녁 하늘 | Y40: 창세기 47장. 요셉이 바로에게 가서 고하여 가로되 나의 아비와 형들과 그들의 양과 소와 모든 소유가 가나안 땅에서 와서 고센 땅에 있나이다 하고, 형들 중 오 인을 택하여 바로에게 보이니, 바로가 요셉의 형들에게 묻되 너희 생업이 무엇이냐 그들이 바로에게 대답하되 종들은 목자이온데 우리와 선조가 다 그러하니이다 하고, 그들이 또 바로에게 고하되 가나안 땅에 기근이 심하여 종들의 떼를 칠 곳이 없기로 종들이 이 곳에 우거하러 왔사오니 청컨대 종들로 고센 땅에 거하게 하소서, 바로가 요셉에게 일러 가로되 네 아비와 형들이 네게 왔은즉, 애굽 땅이 네 앞에 있으니 땅의 좋은 곳에 네 아비와 형들로 거하게 하되 고센 땅에 그들로 거하게 하고 그들 중에 능한 자가 있는 줄을 알거든 그들로 나의 짐승을 주관하게 하라. 요셉이 자기 아비 야곱을 인도하여 바로 앞에 서게 하니 야곱이 바로에게 축복하매, 바로가 야곱에게 묻되 네 연세가 얼마뇨, 야곱이 바로에게 고하되 내 나그네 길의 세월이 일백삼십 년이니이다. 나의 연세가 얼마 못되니 우리 조상의 나그네 길의 세월에 미치지 못하나 험악한 세월을 보내었나이다 하고, 야곱이 바로에게 축복하고 그 앞에서 나오니라. 요셉이 바로의 명대로 그 아비와 형들에게 거할 곳을 주되 애굽의 좋은 땅 라암세스를 그들에게 주어 기업을 삼게 하고, 또 그 아비와 형들과 아비의 온 집에 그 식구를 따라 식물을 주어 공궤하였더라. 기근이 더욱 심하여 사방에 식물이 없고 애굽 땅과 가나안 땅이 기근으로 쇠약하니, 요셉이 곡식을 팔아 애굽 땅과 가나안 땅에 있는 돈을 몰수이 거두고 그 돈을 바로의 궁으로 가져오니, 애굽 땅과 가나안 땅에 돈이 진한지라 애굽 백성이 다 요셉에게 와서 가로되 돈이 진하였사오니 우리에게 식물을 주소서. 어찌 주 앞에서 죽으리이까. 요셉이 가로되 너희의 짐승을 내라 돈이 진하였은즉 내가 너희의 짐승과 바꾸어 주리라. 그들이 그 짐승을 요셉에게 끌어오는지라 요셉이 그 말과 양 떼와 소 떼와 나귀를 받고 그들에게 식물을 주되 곧 그 모든 짐승과 바꾸어서 그 해 동안에 식물로 그들을 기르니라. 그 해가 다하고 새 해가 되매 무리가 요셉에게 와서 그에게 고하되 우리가 주께 숨기지 아니하나이다. 우리의 돈이 다하였고 우리의 짐승 떼가 주께로 돌아갔사오니 주께 낼 것이 아무것도 남지 아니하고 우리의 몸과 전지뿐이라. 우리가 어찌 우리의 전지와 함께 주의 목전에 죽으리이까 우리 몸과 우리 토지를 식물로 사소서. 우리가 토지와 함께 바로의 종이 되리니 우리에게 종자를 주시면 우리가 살고 죽지 아니하고 전지도 황폐치 아니하리이다. 그러므로 요셉이 애굽 전지를 다 사서 바로에게 드리니 애굽 사람이 기근에 몰려서 각기 전지를 팖이라 땅이 바로의 소유가 되니라. 요셉이 애굽 이 끝에서 저 끝까지의 백성을 성읍들에 옮겼으나, 제사장의 전지는 사지 아니하였으니 제사장은 바로에게서 녹을 받음이라 바로의 주는 녹을 먹으므로 그 전지를 팔지 않음이었더라. 요셉이 백성에게 이르되 오늘날 내가 바로를 위하여 너희 몸과 너희 전지를 샀노라. 여기 종자가 있으니 너희는 그 땅에 뿌리라. 추수의 오분 일을 바로에게 상납하고 사분은 너희가 취하여 전지의 종자도 삼고 너희의 양식도 삼고 너희 집 사람과 어린아이의 양식도 삼으라. 그들이 가로되 주께서 우리를 살리셨사오니 우리가 주께 은혜를 입고 바로의 종이 되겠나이다. 요셉이 애굽 토지법을 세우매 그 오분 일이 바로에게 상납되나 제사장의 토지는 바로의 소유가 되지 아니하여 오늘까지 이르니라. 이스라엘 족속이 애굽 고센 땅에 거하며 거기서 산업을 얻고 생육하며 번성하였더라. 야곱이 애굽 땅에 십칠 년을 거하였으니 그의 수가 일백사십칠 세라. 이스라엘의 죽을 기한이 가까우매 그가 그 아들 요셉을 불러 그에게 이르되 이제 내가 네게 은혜를 입었거든 청하노니 네 손을 내 환도뼈 아래 넣어서 나를 인애와 성심으로 대접하여 애굽에 장사하지 않기를 맹세하고, 내가 조상들과 함께 눕거든 너는 나를 애굽에서 메어다가 선영에 장사하라 요셉이 가로되 내가 아버지의 말씀대로 행하리이다. 야곱이 또 가로되 내게 맹세하라 맹세하니 이스라엘이 침상 머리에서 경배하니라. | Z40: 미착수 | AA40: 미착수 | AB40: 미착수
A41: 40 | B41: R0040 | C41: 구약 | D41: 40 | E41: 11 | F41: ='안내'!$C$6+E41-1 | G41: =CHOOSE(WEEKDAY(F41,2),"월","화","수","목","금","토","일") | H41: 2 | I41: =INDEX('안내'!$C$11:$C$16,H41) | J41: 창세기 | K41: 창세기 48장 | L41: 22 | M41: 1 | N41: 1136 | O41: =ROUND(N41/'안내'!$C$7*60+M41*'안내'!$C$8,0) | P41: =TEXT(O41/86400,"m:ss") | Q41: =TEXT((O41+'안내'!$C$9+'안내'!$C$10)/86400,"m:ss") | R41: 장 끝 | S41: ='안내'!$C$5&" | 창세기 48장" | T41: ="#"&SUBSTITUTE('안내'!$C$5," ","")&" #성경읽기 #성경통독 #창세기 #개역한글" | U41: 창세기 48장 (개역한글) 성경 본문: 개역한글판 · 낭독: AI 음성 | V41: 자동 입력 · 대조 필요 | W41: 줄바꿈 띄어쓰기 확인 | X41: 율법서: 광야와 장막, 돌판, 저녁 하늘 | Y41: 창세기 48장. 이 일 후에 혹이 요셉에게 고하기를 네 부친이 병들었다 하므로 그가 곧 두 아들 므낫세와 에브라임과 함께 이르니, 혹이 야곱에게 고하되 네 아들 요셉이 네게 왔다 하매 이스라엘이 힘을 내어 침상에 앉아, 요셉에게 이르되 이전에 가나안 땅 루스에서 전능한 하나님이 내게 나타나 복을 허락하여, 내게 이르시되 내가 너로 생육하게 하며 번성하게 하여 네게서 많은 백성이 나게 하고 내가 이 땅을 네 후손에게 주어 영원한 기업이 되게 하리라. 하셨느니라. 내가 애굽으로 와서 네게 이르기 전에 애굽에서 네게 낳은 두 아들 에브라임과 므낫세는 내 것이라 르우벤과 시므온처럼 내 것이 될 것이요. 이들 후의 네 소생이 네 것이 될 것이며 그 산업은 그 형의 명의하에서 함께 하리라. 내게 관하여는 내가 이전에 내가 밧단에서 올 때에 라헬이 나를 따르는 노중 가나안 땅에서 죽었는데 그 곳은 에브랏까지 길이 오히려 격한 곳이라 내가 거기서 그를 에브랏 길에 장사하였느니라. (에브랏은 곧 베들레헴이라) 이스라엘이 요셉의 아들들을 보고 가로되 이들은 누구냐. 요셉이 그 아비에게 고하되 이는 하나님이 여기서 내게 주신 아들들이니이다. 아비가 가로되 그들을 이끌어 내 앞으로 나아오라 내가 그들에게 축복하리라. 이스라엘의 눈이 나이로 인하여 어두워서 보지 못하더라. 요셉이 두 아들을 이끌어 아비 앞으로 나아가니 이스라엘이 그들에게 입맞추고 그들을 안고, 요셉에게 이르되 내가 네 얼굴을 보리라고는 뜻하지 못하였더니 하나님이 내게 네 소생까지 보이셨도다. 요셉이 아비 무릎 사이에서 두 아들을 물리고 땅에 엎드려 절하고, 우수로는 에브라임을 이스라엘의 좌수를 향하게 하고 좌수로는 므낫세를 이스라엘의 우수를 향하게 하고 이끌어 그에게 가까이 나아가매, 이스라엘이 우수를 펴서 차자 에브라임의 머리에 얹고 좌수를 펴서 므낫세의 머리에 얹으니 므낫세는 장자라도 팔을 어긋맞겨 얹었더라. 그가 요셉을 위하여 축복하여 가로되 내 조부 아브라함과 아버지 이삭의 섬기던 하나님, 나의 남으로부터 지금까지 나를 기르신 하나님, 나를 모든 환난에서 건지신 사자께서 이 아이에게 복을 주시오며 이들로 내 이름과 내 조부 아브라함과 아버지 이삭의 이름으로 칭하게 하시오며 이들로 세상에서 번식되게 하시기를 원하나이다. 요셉이 그 아비가 우수를 에브라임의 머리에 얹은 것을 보고 기뻐 아니하여 아비의 손을 들어 에브라임의 머리에서 므낫세의 머리로 옮기고자 하여, 그 아비에게 이르되 아버지여 그리 마옵소서. 이는 장자니 우수를 그 머리에 얹으소서, 아비가 허락지 아니하여 가로되 나도 안다 내 아들아 나도 안다 그도 한 족속이 되며 그도 크게 되려니와 그 아우가 그보다 큰 자가 되고 그 자손이 여러 민족을 이루리라 하고, 그 날에 그들에게 축복하여 가로되 이스라엘 족속이 너로 축복하기를 하나님이 너로 에브라임 같고 므낫세 같게 하시리라. 하리라 하여 에브라임을 므낫세보다 앞세웠더라. 이스라엘이 요셉에게 또 이르되 나는 죽으나 하나님이 너희와 함께 계시사 너희를 인도하여 너희 조상의 땅으로 돌아가게 하시려니와, 내가 네게 네 형제보다 일부분을 더 주었나니 이는 내가 내 칼과 활로 아모리 족속의 손에서 빼앗은 것이니라. | Z41: 미착수 | AA41: 미착수 | AB41: 미착수
A42: 41 | B42: R0041 | C42: 구약 | D42: 41 | E42: 11 | F42: ='안내'!$C$6+E42-1 | G42: =CHOOSE(WEEKDAY(F42,2),"월","화","수","목","금","토","일") | H42: 3 | I42: =INDEX('안내'!$C$11:$C$16,H42) | J42: 창세기 | K42: 창세기 49장 | L42: 33 | M42: 1 | N42: 1333 | O42: =ROUND(N42/'안내'!$C$7*60+M42*'안내'!$C$8,0) | P42: =TEXT(O42/86400,"m:ss") | Q42: =TEXT((O42+'안내'!$C$9+'안내'!$C$10)/86400,"m:ss") | R42: 장 끝 | S42: ='안내'!$C$5&" | 창세기 49장" | T42: ="#"&SUBSTITUTE('안내'!$C$5," ","")&" #성경읽기 #성경통독 #창세기 #개역한글" | U42: 창세기 49장 (개역한글) 성경 본문: 개역한글판 · 낭독: AI 음성 | V42: 자동 입력 · 대조 필요 | W42: 줄바꿈 띄어쓰기 확인 | X42: 율법서: 광야와 장막, 돌판, 저녁 하늘 | Y42: 창세기 49장. 야곱이 그 아들들을 불러 이르되 너희는 모이라 너희의 후일에 당할 일을 내가 너희에게 이르리라. 너희는 모여 들으라 야곱의 아들들아 너희 아비 이스라엘에게 들을지어다. 르우벤아 너는 내 장자요 나의 능력이요 나의 기력의 시작이라 위광이 초등하고 권능이 탁월하도다마는, 물의 끓음 같았은즉 너는 탁월치 못하리니 네가 아비의 침상에 올라 더럽혔음이로다. 그가 내 침상에 올랐었도다. 시므온과 레위는 형제요 그들의 칼은 잔해하는 기계로다. 내 혼아 그들의 모의에 상관하지 말지어다. 내 영광아 그들의 집회에 참여하지 말지어다. 그들이 그 분노대로 사람을 죽이고 그 혈기대로 소의 발목 힘줄을 끊었음이로다. 그 노염이 혹독하니 저주를 받을 것이요 분기가 맹렬하니 저주를 받을 것이라 내가 그들을 야곱 중에서 나누며 이스라엘 중에서 흩으리로다. 유다야 너는 네 형제의 찬송이 될지라 네 손이 네 원수의 목을 잡을 것이요 네 아비의 아들들이 네 앞에 절하리로다. 유다는 사자 새끼로다. 내 아들아 너는 움킨 것을 찢고 올라갔도다. 그의 엎드리고 웅크림이 수사자 같고 암사자 같으니 누가 그를 범할 수 있으랴, 홀이 유다를 떠나지 아니하며 치리자의 지팡이가 그 발 사이에서 떠나지 아니하시기를 실로가 오시기까지 미치리니 그에게 모든 백성이 복종하리로다. 그의 나귀를 포도나무에 매며 그 암나귀 새끼를 아름다운 포도나무에 맬 것이며 또 그 옷을 포도주에 빨며 그 복장을 포도즙에 빨리로다. 그 눈은 포도주로 인하여 붉겠고 그 이는 우유로 인하여 희리로다. 스불론은 해변에 거하리니 그 곳은 배 매는 해변이라 그 지경이 시돈까지리로다. 잇사갈은 양의 우리 사이에 꿇어 앉은 건장한 나귀로다. 그는 쉴 곳을 보고 좋게 여기며 토지를 보고 아름답게 여기고 어깨를 내려 짐을 메고 압제 아래서 섬기리로다. 단은 이스라엘의 한 지파같이 그 백성을 심판하리로다. 단은 길의 뱀이요 첩경의 독사리로다. 말굽을 물어서 그 탄 자로 뒤로 떨어지게 하리로다. 여호와여 나는 주의 구원을 기다리나이다. 갓은 군대의 박격을 받으나 도리어 그 뒤를 추격하리로다. 아셀에게서 나는 식물은 기름진 것이라 그가 왕의 진수를 공궤하리로다. 납달리는 놓인 암사슴이라 아름다운 소리를 발하는도다. 요셉은 무성한 가지 곧 샘 곁의 무성한 가지라 그 가지가 담을 넘었도다. 활쏘는 자가 그를 학대하며 그를 쏘며 그를 군박하였으나, 요셉의 활이 도리어 견강하며 그의 팔이 힘이 있으니 야곱의 전능자의 손을 힘입음이라 그로부터 이스라엘의 반석인 목자가 나도다. 네 아비의 하나님께로 말미암나니 그가 너를 도우실 것이요 전능자로 말미암나니 그가 네게 복을 주실 것이라 위로 하늘의 복과 아래로 원천의 복과 젖 먹이는 복과 태의 복이리로다. 네 아비의 축복이 내 부여조의 축복보다 나아서 영원한 산이 한없음같이 이 축복이 요셉의 머리로 돌아오며 그 형제 중 뛰어난 자의 정수리로 돌아오리로다. 베냐민은 물어뜯는 이리라. 아침에는 빼앗은 것을 먹고 저녁에는 움킨 것을 나누리로다. 이들은 이스라엘의 십이 지파라 이와 같이 그 아비가 그들에게 말하고 그들에게 축복하였으되 곧 그들 각인의 분량대로 축복하였더라. 그가 그들에게 명하여 가로되 내가 내 열조에게로 돌아가리니 나를 헷 사람 에브론의 밭에 있는 굴에 우리 부여조와 함께 장사하라. 이 굴은 가나안 땅 마므레 앞 막벨라 밭에 있는 것이라 아브라함이 헷 사람 에브론에게서 밭과 함께 사서 그 소유 매장지를 삼았으므로, 아브라함과 그 아내 사라가 거기 장사되었고 이삭과 그 아내 리브가도 거기 장사되었으며 나도 레아를 그 곳에 장사하였노라. 이 밭과 거기 있는 굴은 헷 사람에게서 산 것이니라. 야곱이 아들에게 명하기를 마치고 그 발을 침상에 거두고 기운이 진하여 그 열조에게로 돌아갔더라. | Z42: 미착수 | AA42: 미착수 | AB42: 미착수
A43: 42 | B43: R0042 | C43: 구약 | D43: 42 | E43: 11 | F43: ='안내'!$C$6+E43-1 | G43: =CHOOSE(WEEKDAY(F43,2),"월","화","수","목","금","토","일") | H43: 4 | I43: =INDEX('안내'!$C$11:$C$16,H43) | J43: 창세기 | K43: 창세기 50장 | L43: 26 | M43: 1 | N43: 1145 | O43: =ROUND(N43/'안내'!$C$7*60+M43*'안내'!$C$8,0) | P43: =TEXT(O43/86400,"m:ss") | Q43: =TEXT((O43+'안내'!$C$9+'안내'!$C$10)/86400,"m:ss") | R43: 장 끝 | S43: ='안내'!$C$5&" | 창세기 50장" | T43: ="#"&SUBSTITUTE('안내'!$C$5," ","")&" #성경읽기 #성경통독 #창세기 #개역한글" | U43: 창세기 50장 (개역한글) 성경 본문: 개역한글판 · 낭독: AI 음성 | V43: 자동 입력 | X43: 율법서: 광야와 장막, 돌판, 저녁 하늘 | Y43: 창세기 50장. 요셉이 아비 얼굴에 구푸려 울며 입맞추고, 그 수종 의사에게 명하여 향 재료로 아비의 몸에 넣게 하매 의사가 이스라엘에게 그대로 하되, 사십 일이 걸렸으니 향 재료를 넣는 데는 이 날수가 걸림이며 애굽 사람들은 칠십 일 동안 그를 위하여 곡하였더라. 곡하는 기한이 지나매 요셉이 바로의 궁에 말하여 가로되 내가 너희에게 은혜를 입었으면 청컨대 바로의 귀에 고하기를, 우리 아버지가 나로 맹세하게 하여 이르되 내가 죽거든 가나안 땅에 내가 파서 둔 묘실에 나를 장사하라 하였나니 나로 올라가서 아버지를 장사하게 하소서. 내가 다시 오리이다 하라 하였더니, 바로가 가로되 그가 네게 시킨 맹세대로 올라가서 네 아비를 장사하라. 요셉이 자기 아비를 장사하러 올라가니 바로의 모든 신하와 바로 궁의 장로들과 애굽 땅의 모든 장로와, 요셉의 온 집과 그 형제들과 그 아비의 집이 그와 함께 올라가고 그들의 어린아이들과 양 떼와 소 떼만 고센 땅에 남겼으며, 병거와 기병이 요셉을 따라 올라가니 그 떼가 심히 컸더라. 그들이 요단 강 건너편 아닷 타작 마당에 이르러 거기서 크게 호곡하고 애통하며 요셉이 아비를 위하여 칠 일 동안 애곡하였더니, 그 땅 거민 가나안 백성들이 아닷 마당의 애통을 보고 가로되 이는 애굽 사람의 큰 애통이라 하였으므로 그 땅 이름을 아벨미스라임이라 하였으니 곧 요단 강 건너편이더라. 야곱의 아들들이 부명을 좇아 행하여, 그를 가나안 땅으로 메어다가 마므레 앞 막벨라 밭 굴에 장사하였으니 이는 아브라함이 헷 족속 에브론에게 밭과 함께 사서 소유 매장지를 삼은 곳이더라. 요셉이 아비를 장사한 후에 자기 형제와 호상군과 함께 애굽으로 돌아왔더라. 요셉의 형제들이 그 아비가 죽었음을 보고 말하되 요셉이 혹시 우리를 미워하여 우리가 그에게 행한 모든 악을 다 갚지나 아니할까 하고, 요셉에게 말을 전하여 가로되 당신의 아버지가 돌아가시기 전에 명하여 이르시기를, 너희는 이같이 요셉에게 이르라 네 형들이 네게 악을 행하였을지라도 이제 바라건대 그 허물과 죄를 용서하라 하셨다 하라 하셨나니 당신의 아버지의 하나님의 종들의 죄를 이제 용서하소서 하매 요셉이 그 말을 들을 때에 울었더라. 그 형들이 또 친히 와서 요셉의 앞에 엎드려 가로되 우리는 당신의 종이니이다. 요셉이 그들에게 이르되 두려워 마소서. 내가 하나님을 대신하리이까. 당신들은 나를 해하려 하였으나 하나님은 그것을 선으로 바꾸사 오늘과 같이 만민의 생명을 구원하게 하시려 하셨나니, 당신들은 두려워 마소서. 내가 당신들과 당신들의 자녀를 기르리이다 하고 그들을 간곡한 말로 위로하였더라. 요셉이 그 아비의 가족과 함께 애굽에 거하여 일백십 세를 살며, 에브라임의 자손 삼 대를 보았으며 므낫세의 아들 마길의 아들들도 요셉의 슬하에서 양육되었더라. 요셉이 그 형제에게 이르되 나는 죽으나 하나님이 너희를 권고하시고 너희를 이 땅에서 인도하여 내사 아브라함과 이삭과 야곱에게 맹세하신 땅에 이르게 하시리라 하고, 요셉이 또 이스라엘 자손에게 맹세시켜 이르기를 하나님이 정녕 너희를 권고하시리니 너희는 여기서 내 해골을 메고 올라가겠다 하라 하였더라. 요셉이 일백십 세에 죽으매 그들이 그의 몸에 향 재료를 넣고 애굽에서 입관하였더라. | Z43: 미착수 | AA43: 미착수 | AB43: 미착수
A44: 43 | B44: R0043 | C44: 구약 | D44: 43 | E44: 12 | F44: ='안내'!$C$6+E44-1 | G44: =CHOOSE(WEEKDAY(F44,2),"월","화","수","목","금","토","일") | H44: 1 | I44: =INDEX('안내'!$C$11:$C$16,H44) | J44: 출애굽기 | K44: 출애굽기 1~2장 | L44: 47 | M44: 2 | N44: 1762 | O44: =ROUND(N44/'안내'!$C$7*60+M44*'안내'!$C$8,0) | P44: =TEXT(O44/86400,"m:ss") | Q44: =TEXT((O44+'안내'!$C$9+'안내'!$C$10)/86400,"m:ss") | R44: 장 끝 | S44: ='안내'!$C$5&" | 출애굽기 1~2장" | T44: ="#"&SUBSTITUTE('안내'!$C$5," ","")&" #성경읽기 #성경통독 #출애굽기 #개역한글" | U44: 출애굽기 1~2장 (개역한글) 성경 본문: 개역한글판 · 낭독: AI 음성 | V44: 자동 입력 · 대조 필요 | W44: 줄바꿈 띄어쓰기 확인 | X44: 율법서: 광야와 장막, 돌판, 저녁 하늘 | Y44: 출애굽기 1장. 야곱과 함께 각기 권속을 데리고 애굽에 이른 이스라엘 아들들의 이름은 이러하니, 르우벤과 시므온과 레위와 유다와, 잇사갈과 스불론과 베냐민과, 단과 납달리와 갓과 아셀이요. 이미 애굽에 있는 요셉까지 야곱의 혈속이 모두 칠십 인이었더라. 요셉과 그의 모든 형제와 그 시대 사람은 다 죽었고, 이스라엘 자손은 생육이 중다하고 번식하고 창성하고 심히 강대하여 온 땅에 가득하게 되었더라. 요셉을 알지 못하는 새 왕이 일어나서 애굽을 다스리더니, 그가 그 신민에게 이르되 이 백성 이스라엘 자손이 우리보다 많고 강하도다. 자, 우리가 그들에게 대하여 지혜롭게 하자 두렵건대 그들이 더 많게 되면 전쟁이 일어날 때에 우리 대적과 합하여 우리와 싸우고 이 땅에서 갈까 하노라 하고, 감독들을 그들 위에 세우고 그들에게 무거운 짐을 지워 괴롭게 하여 그들로 바로를 위하여 국고성 비돔과 라암셋을 건축하게 하니라. 그러나 학대를 받을수록 더욱 번식하고 창성하니 애굽 사람이 이스라엘 자손을 인하여 근심하여, 이스라엘 자손의 역사를 엄하게 하여, 고역으로 그들의 생활을 괴롭게 하니 곧 흙 이기기와 벽돌 굽기와 농사의 여러 가지 일이라 그 시키는 역사가 다 엄하였더라. 애굽 왕이 히브리 산파 십브라라 하는 자와 부아라 하는 자에게 일러, 가로되 너희는 히브리 여인을 위하여 조산할 때에 살펴서 남자여든 죽이고 여자여든 그는 살게 두라. 그러나 산파들이 하나님을 두려워하여 애굽 왕의 명을 어기고 남자를 살린지라. 애굽 왕이 산파를 불러서 그들에게 이르되 너희가 어찌 이같이 하여 남자를 살렸느냐. 산파가 바로에게 대답하되 히브리 여인은 애굽 여인과 같지 아니하고 건장하여 산파가 그들에게 이르기 전에 해산하였더이다 하매, 하나님이 그 산파들에게 은혜를 베푸시니라. 백성은 생육이 번성하고 심히 강대하며, 산파는 하나님을 경외하였으므로 하나님이 그들의 집을 왕성케 하신지라. 그러므로 바로가 그 모든 신민에게 명하여 가로되 남자가 나거든 너희는 그를 하수에 던지고 여자여든 살리라 하였더라. 출애굽기 2장. 레위 족속 중 한 사람이 가서 레위 여자에게 장가들었더니, 그 여자가 잉태하여 아들을 낳아 그 준수함을 보고 그를 석 달을 숨겼더니, 더 숨길 수 없이 되매 그를 위하여 갈 상자를 가져다가 역청과 나무 진을 칠하고 아이를 거기 담아 하숫가 갈대 사이에 두고, 그 누이가 어떻게 되는 것을 알려고 멀리 섰더니, 바로의 딸이 목욕하러 하수로 내려오고 시녀들은 하숫가에 거닐 때에 그가 갈대 사이의 상자를 보고 시녀를 보내어 가져다가, 열고 그 아이를 보니 아이가 우는지라 그가 불쌍히 여겨 가로되 이는 히브리 사람의 아이로다. 그 누이가 바로의 딸에게 이르되 내가 가서 히브리 여인 중에서 유모를 불러다가 당신을 위하여 이 아이를 젖 먹이게 하리이까. 바로의 딸이 그에게 이르되 가라 그 소녀가 가서 아이의 어미를 불러오니, 바로의 딸이 그에게 이르되 이 아이를 데려다가 나를 위하여 젖을 먹이라 내가 그 삯을 주리라. 여인이 아이를 데려다가 젖을 먹이더니, 그 아이가 자라매 바로의 딸에게로 데려가니 그의 아들이 되니라. 그가 그 이름을 모세라 하여 가로되 이는 내가 그를 물에서 건져내었음이라 하였더라. 모세가 장성한 후에 한번은 자기 형제들에게 나가서 그 고역함을 보더니 어떤 애굽 사람이 어떤 히브리 사람 곧 자기 형제를 치는 것을 본지라. 좌우로 살펴 사람이 없음을 보고 그 애굽 사람을 쳐죽여 모래에 감추니라. 이튿날 다시 나가니 두 히브리 사람이 서로 싸우는지라 그 그른 자에게 이르되 네가 어찌하여 동포를 치느냐 하매, 그가 가로되 누가 너로 우리의 주재와 법관을 삼았느냐 네가 애굽 사람을 죽임같이 나도 죽이려느냐 모세가 두려워하여 가로되 일이 탄로되었도다. 바로가 이 일을 듣고 모세를 죽이고자 하여 찾은지라 모세가 바로의 낯을 피하여 미디안 땅에 머물며 하루는 우물 곁에 앉았더라. 미디안 제사장에게 일곱 딸이 있더니 그들이 와서 물을 길어 구유에 채우고 그 아비의 양 무리에게 먹이려 하는데, 목자들이 와서 그들을 쫓는지라 모세가 일어나 그들을 도와 그 양 무리에게 먹이니라. 그들이 그 아비 르우엘에게 이를 때에 아비가 가로되 너희가 오늘은 어찌하여 이같이 속히 돌아오느냐. 그들이 가로되 한 애굽 사람이 우리를 목자들의 손에서 건져내고 우리를 위하여 물을 길어 양 무리에게 먹였나이다. 아비가 딸들에게 이르되 그 사람이 어디 있느냐 너희가 어찌하여 그 사람을 버리고 왔느냐 그를 청하여 음식으로 대접하라 하였더라. 모세가 그와 동거하기를 기뻐하매 그가 그 딸 십보라를 모세에게 주었더니, 그가 아들을 낳으매 모세가 그 이름을 게르솜이라 하여 가로되 내가 타국에서 객이 되었음이라 하였더라. 여러 해 후에 애굽 왕은 죽었고 이스라엘 자손은 고역으로 인하여 탄식하며 부르짖으니 그 고역으로 인하여 부르짖는 소리가 하나님께 상달한지라. 하나님이 그 고통 소리를 들으시고 아브라함과 이삭과 야곱에게 세운 그 언약을 기억하사, 이스라엘 자손을 권념하셨더라. | Z44: 미착수 | AA44: 미착수 | AB44: 미착수
A45: 44 | B45: R0044 | C45: 구약 | D45: 44 | E45: 12 | F45: ='안내'!$C$6+E45-1 | G45: =CHOOSE(WEEKDAY(F45,2),"월","화","수","목","금","토","일") | H45: 2 | I45: =INDEX('안내'!$C$11:$C$16,H45) | J45: 출애굽기 | K45: 출애굽기 3장 | L45: 22 | M45: 1 | N45: 1290 | O45: =ROUND(N45/'안내'!$C$7*60+M45*'안내'!$C$8,0) | P45: =TEXT(O45/86400,"m:ss") | Q45: =TEXT((O45+'안내'!$C$9+'안내'!$C$10)/86400,"m:ss") | R45: 장 끝 | S45: ='안내'!$C$5&" | 출애굽기 3장" | T45: ="#"&SUBSTITUTE('안내'!$C$5," ","")&" #성경읽기 #성경통독 #출애굽기 #개역한글" | U45: 출애굽기 3장 (개역한글) 성경 본문: 개역한글판 · 낭독: AI 음성 | V45: 자동 입력 · 대조 필요 | W45: 줄바꿈 띄어쓰기 확인 | X45: 율법서: 광야와 장막, 돌판, 저녁 하늘 | Y45: 출애굽기 3장. 모세가 그 장인 미디안 제사장 이드로의 양 무리를 치더니 그 무리를 광야 서편으로 인도하여 하나님의 산 호렙에 이르매, 여호와의 사자가 떨기나무 불꽃 가운데서 그에게 나타나시니라. 그가 보니 떨기나무에 불이 붙었으나 사라지지 아니하는지라. 이에 가로되 내가 돌이켜 가서 이 큰 광경을 보리라. 떨기나무가 어찌하여 타지 아니하는고 하는 동시에, 여호와께서 그가 보려고 돌이켜 오는 것을 보신지라 하나님이 떨기나무 가운데서 그를 불러 가라사대 모세야 모세야 하시매 그가 가로되 내가 여기 있나이다. 하나님이 가라사대 이리로 가까이 하지 말라 너의 선 곳은 거룩한 땅이니 네 발에서 신을 벗으라. 또 이르시되 나는 네 조상의 하나님이니 아브라함의 하나님, 이삭의 하나님, 야곱의 하나님이니라. 모세가 하나님 뵈옵기를 두려워하여 얼굴을 가리우매, 여호와께서 가라사대 내가 애굽에 있는 내 백성의 고통을 정녕히 보고 그들이 그 간역자로 인하여 부르짖음을 듣고 그 우고를 알고, 내가 내려와서 그들을 애굽인의 손에서 건져내고 그들을 그 땅에서 인도하여 아름답고 광대한 땅, 젖과 꿀이 흐르는 땅 곧 가나안 족속, 헷 족속, 아모리 족속, 브리스 족속, 히위 족속, 여부스 족속의 지방에 이르려 하노라. 이제 이스라엘 자손의 부르짖음이 내게 달하고 애굽 사람이 그들을 괴롭게 하는 학대도 내가 보았으니, 이제 내가 너를 바로에게 보내어 너로 내 백성 이스라엘 자손을 애굽에서 인도하여 내게 하리라. 모세가 하나님께 고하되 내가 누구관대 바로에게 가며 이스라엘 자손을 애굽에서 인도하여 내리이까. 하나님이 가라사대 내가 정녕 너와 함께 있으리라. 네가 백성을 애굽에서 인도하여 낸 후에 너희가 이 산에서 하나님을 섬기리니 이것이 내가 너를 보낸 증거니라. 모세가 하나님께 고하되 내가 이스라엘 자손에게 가서 이르기를 너희 조상의 하나님이 나를 너희에게 보내셨다 하면 그들이 내게 묻기를 그의 이름이 무엇이냐 하리니 내가 무엇이라고 그들에게 말하리이까. 하나님이 모세에게 이르시되 나는 스스로 있는 자니라. 또 이르시되 너는 이스라엘 자손에게 이같이 이르기를 스스로 있는 자가 나를 너희에게 보내셨다 하라. 하나님이 또 모세에게 이르시되 너는 이스라엘 자손에게 이같이 이르기를 나를 너희에게 보내신 이는 너희 조상의 하나님 곧 아브라함의 하나님, 이삭의 하나님, 야곱의 하나님 여호와라 하라 이는 나의 영원한 이름이요 대대로 기억할 나의 표호니라. 너는 가서 이스라엘 장로들을 모으고 그들에게 이르기를 여호와 너희 조상의 하나님 곧 아브라함과 이삭과 야곱의 하나님이 내게 나타나 이르시되 내가 실로 너희를 권고하여 너희가 애굽에서 당한 일을 보았노라. 내가 말하였거니와 내가 너희를 애굽의 고난 중에서 인도하여 내어 젖과 꿀이 흐르는 땅 곧 가나안 족속, 헷 족속, 아모리 족속, 브리스 족속, 히위 족속, 여부스 족속의 땅으로 올라가게 하리라. 하셨다 하면, 그들이 네 말을 들으리니 너는 그들의 장로들과 함께 애굽 왕에게 이르기를 히브리 사람의 하나님 여호와께서 우리에게 임하셨은즉 우리가 우리 하나님 여호와께 희생을 드리려 하오니 사흘 길쯤 광야로 가기를 허락하소서. 하라. 내가 아노니 강한 손으로 치기 전에는 애굽 왕이 너희의 가기를 허락지 아니하다가, 내가 내 손을 들어 애굽 중에 여러 가지 이적으로 그 나라를 친 후에야 그가 너희를 보내리라. 내가 애굽 사람으로 이 백성에게 은혜를 입히게 할지라 너희가 갈 때에 빈 손으로 가지 아니하리니, 여인마다 그 이웃 사람과 및 자기 집에 우거하는 자에게 은 패물과 금 패물과 의복을 구하여 너희 자녀를 꾸미라 너희가 애굽 사람의 물품을 취하리라. | Z45: 미착수 | AA45: 미착수 | AB45: 미착수
A46: 45 | B46: R0045 | C46: 구약 | D46: 45 | E46: 12 | F46: ='안내'!$C$6+E46-1 | G46: =CHOOSE(WEEKDAY(F46,2),"월","화","수","목","금","토","일") | H46: 3 | I46: =INDEX('안내'!$C$11:$C$16,H46) | J46: 출애굽기 | K46: 출애굽기 4장 | L46: 31 | M46: 1 | N46: 1385 | O46: =ROUND(N46/'안내'!$C$7*60+M46*'안내'!$C$8,0) | P46: =TEXT(O46/86400,"m:ss") | Q46: =TEXT((O46+'안내'!$C$9+'안내'!$C$10)/86400,"m:ss") | R46: 장 끝 | S46: ='안내'!$C$5&" | 출애굽기 4장" | T46: ="#"&SUBSTITUTE('안내'!$C$5," ","")&" #성경읽기 #성경통독 #출애굽기 #개역한글" | U46: 출애굽기 4장 (개역한글) 성경 본문: 개역한글판 · 낭독: AI 음성 | V46: 자동 입력 · 대조 필요 | W46: 줄바꿈 띄어쓰기 확인 | X46: 율법서: 광야와 장막, 돌판, 저녁 하늘 | Y46: 출애굽기 4장. 모세가 대답하여 가로되 그러나 그들이 나를 믿지 아니하며 내 말을 듣지 아니하고 이르기를 여호와께서 네게 나타나지 아니하셨다 하리이다. 여호와께서 그에게 이르시되 네 손에 있는 것이 무엇이냐 그가 가로되 지팡이니이다. 여호와께서 가라사대 그것을 땅에 던지라 곧 땅에 던지니 그것이 뱀이 된지라 모세가 뱀 앞에서 피하매, 여호와께서 모세에게 이르시되 네 손을 내밀어 그 꼬리를 잡으라 그가 손을 내밀어 잡으니 그 손에서 지팡이가 된지라. 또 가라사대 이는 그들로 그 조상의 하나님 곧 아브라함의 하나님, 이삭의 하나님, 야곱의 하나님 여호와가 네게 나타난 줄을 믿게 함이니라 하시고, 여호와께서 또 가라사대 네 손을 품에 넣으라 하시매 손을 품에 넣었다가 내어보니 그 손에 문둥병이 발하여 눈같이 흰지라. 가라사대 네 손을 다시 품에 넣으라 하시매 그가 다시 손을 품에 넣었다가 내어보니 손이 여상하더라. 여호와께서 가라사대 그들이 너를 믿지 아니하며 그 처음 이적의 표징을 받지 아니하여도 둘째 이적의 표징 은 믿으리라. 그들이 이 두 이적을 믿지 아니하며 네 말을 듣지 아니하거든 너는 하수를 조금 취하여다가 육지에 부으라 네가 취한 하수가 육지에서 피가 되리라. 모세가 여호와께 고하되 주여 나는 본래 말에 능치 못한 자라 주께서 주의 종에게 명하신 후에도 그러하니 나는 입이 뻣뻣하고 혀가 둔한 자니이다. 여호와께서 그에게 이르시되 누가 사람의 입을 지었느뇨 누가 벙어리나 귀머거리나 눈 밝은 자나 소경이 되게 하였느뇨 나 여호와가 아니뇨, 이제 가라 내가 네 입과 함께 있어서 할 말을 가르치리라. 모세가 가로되 주여 보낼 만한 자를 보내소서, 여호와께서 모세를 향하여 노를 발하시고 가라사대 레위 사람 네 형 아론이 있지 아니하뇨 그의 말 잘함을 내가 아노라. 그가 너를 만나러 나오나니 그가 너를 볼 때에 마음에 기뻐할 것이라. 너는 그에게 말하고 그 입에 말을 주라 내가 네 입과 그의 입에 함께 있어서 너의 행할 일을 가르치리라. 그가 너를 대신하여 백성에게 말할 것이니 그는 네 입을 대신할 것이요 너는 그에게 하나님같이 되리라. 너는 이 지팡이를 손에 잡고 이것으로 이적을 행할지니라. 모세가 장인 이드로에게로 돌아가서 그에게 이르되 내가 애굽에 있는 내 형제들에게로 돌아가서 그들이 생존하였는지 보려 하오니 나로 가게 하소서. 이드로가 그에게 평안히 가라 하니라. 여호와께서 미디안에서 모세에게 이르시되 애굽으로 돌아가라 네 생명을 찾던 자가 다 죽었느니라. 모세가 그 아내와 아들들을 나귀에 태우고 애굽으로 돌아가는데 하나님의 지팡이를 손에 잡았더라. 여호와께서 모세에게 이르시되 네가 애굽으로 돌아가거든 내가 네 손에 준 이적을 바로 앞에서 다 행하라 그러나 내가 그의 마음을 강퍅케 한즉 그가 백성을 놓지 아니하리니, 너는 바로에게 이르기를 여호와의 말씀에 이스라엘은 내 아들 내 장자라. 내가 네게 이르기를 내 아들을 놓아서 나를 섬기게 하라 하여도 네가 놓기를 거절하니 내가 네 아들 네 장자를 죽이리라. 하셨다 하라 하시니라. 여호와께서 길의 숙소에서 모세를 만나사 그를 죽이려 하시는지라. 십보라가 차돌을 취하여 그 아들의 양피를 베어 모세의 발 앞에 던지며 가로되 당신은 참으로 내게 피 남편이로다 하니, 여호와께서 모세를 놓으시니라. 그 때에 십보라가 피 남편이라 함은 할례를 인함이었더라. 여호와께서 아론에게 이르시되 광야에 가서 모세를 맞으라 하시매 그가 가서 하나님의 산에서 모세를 만나 그에게 입맞추니, 모세가 여호와께서 자기에게 부탁하여 보내신 모든 말씀과 여호와께서 자기에게 명하신 모든 이적을 아론에게 고하니라. 모세와 아론이 가서 이스라엘 자손의 모든 장로를 모으고, 아론이 여호와께서 모세에게 명하신 모든 말씀을 전하고 백성 앞에서 이적을 행하니, 백성이 믿으며 여호와께서 이스라엘 자손을 돌아보시고 그 고난을 감찰하셨다 함을 듣고 머리 숙여 경배하였더라. | Z46: 미착수 | AA46: 미착수 | AB46: 미착수
A47: 46 | B47: R0046 | C47: 구약 | D47: 46 | E47: 12 | F47: ='안내'!$C$6+E47-1 | G47: =CHOOSE(WEEKDAY(F47,2),"월","화","수","목","금","토","일") | H47: 4 | I47: =INDEX('안내'!$C$11:$C$16,H47) | J47: 출애굽기 | K47: 출애굽기 5장 1절 ~ 6장 13절 | L47: 36 | M47: 2 | N47: 1663 | O47: =ROUND(N47/'안내'!$C$7*60+M47*'안내'!$C$8,0) | P47: =TEXT(O47/86400,"m:ss") | Q47: =TEXT((O47+'안내'!$C$9+'안내'!$C$10)/86400,"m:ss") | R47: 문장 끝 | S47: ='안내'!$C$5&" | 출애굽기 5장 1절 ~ 6장 13절" | T47: ="#"&SUBSTITUTE('안내'!$C$5," ","")&" #성경읽기 #성경통독 #출애굽기 #개역한글" | U47: 출애굽기 5장 1절 ~ 6장 13절 (개역한글) 성경 본문: 개역한글판 · 낭독: AI 음성 | V47: 자동 입력 · 대조 필요 | W47: 줄바꿈 띄어쓰기 확인 | X47: 율법서: 광야와 장막, 돌판, 저녁 하늘 | Y47: 출애굽기 5장. 그 후에 모세와 아론이 가서 바로에게 이르되 이스라엘 하나님 여호와의 말씀에 내 백성을 보내라 그들이 광야에서 내 앞에 절기를 지킬 것이니라. 하셨나이다. 바로가 가로되 여호와가 누구관대 내가 그 말을 듣고 이스라엘을 보내겠느냐 나는 여호와를 알지 못하니 이스라엘도 보내지 아니하리라. 그들이 가로되 히브리인의 하나님이 우리에게 나타나셨은즉 우리가 사흘 길쯤 광야에 가서 우리 하나님 여호와께 희생을 드리려 하오니 가기를 허락하소서. 여호와께서 온역이나 칼로 우리를 치실까 두려워하나이다. 애굽 왕이 그들에게 이르되 모세와 아론아 너희가 어찌하여 백성으로 역사를 쉬게 하느냐 가서 너희의 역사 나 하라. 또 가로되 이제 나라에 이 백성이 많거늘 너희가 그들로 역사를 쉬게 하는도다 하고, 바로가 당일에 백성의 간역자들과 패장들에게 명하여 가로되, 너희는 백성에게 다시는 벽돌 소용의 짚을 전과 같이 주지 말고 그들로 가서 스스로 줍게 하라. 또 그들의 전에 만든 벽돌 수효대로 그들로 만들게 하고 감하지 말라 그들이 게으르므로 소리질러 이르기를 우리가 가서 우리 하나님께 희생을 드리자 하나니, 그 사람들의 고역을 무겁게 함으로 수고롭게 하여 그들로 거짓말을 듣지 않게 하라. 간역자들과 패장들이 나아가 백성에게 일러 가로되 바로의 말씀에 내가 너희에게 짚을 주지 아니하리니, 너희는 짚을 얻을 곳으로 가서 주우라 너희 일은 조금도 감하지 아니하리라. 하셨느니라. 백성이 애굽 온 땅에 흩어져 곡초 그루터기를 거두어다가 짚을 대신하니, 간역자들이 그들을 독촉하여 가로되 너희는 짚이 있을 때와 같이 당일 일을 당일에 마치라 하며, 바로의 간역자들이 자기들의 세운 바 이스라엘 자손의 패장들을 때리며 가로되 너희가 어찌하여 어제와 오늘에 만드는 벽돌의 수효를 전과 같이 채우지 아니하였느냐 하니라. 이스라엘 자손의 패장들이 가서 바로에게 호소하여 가로되 왕은 어찌하여 종들에게 이같이 하시나이까. 종들에게 짚을 주지 아니하고 그들이 우리더러 벽돌을 만들라 하나이다. 종들이 매를 맞으오니 이는 왕의 백성의 허물이니이다. 바로가 가로되 너희가 게으르다 게으르다 그러므로 너희가 이르기를 우리가 가서 여호와께 희생을 드리자 하는도다. 이제 가서 일하라 짚은 너희에게 주지 않을지라도 너희가 벽돌은 여수히 바칠지니라. 이스라엘 자손의 패장들이 너희의 매일 만드는 벽돌을 조금도 감하지 못하리라 함을 듣고 화가 몸에 미친 줄 알고, 그들이 바로를 떠나 나올 때에 모세와 아론이 길에 선 것을 만나, 그들에게 이르되 너희가 우리로 바로의 눈과 그 신하의 눈에 미운 물건이 되게 하고 그들의 손에 칼을 주어 우리를 죽이게 하는도다. 여호와는 너희를 감찰하시고 판단하시기를 원하노라. 모세가 여호와께 돌아와서 고하되 주여 어찌하여 이 백성으로 학대를 당케 하셨나이까 어찌하여 나를 보내셨나이까. 내가 바로에게 와서 주의 이름으로 말함으로부터 그가 이 백성을 더 학대하며 주께서도 주의 백성을 구원치 아니하시나이다. 출애굽기 6장. 여호와께서 모세에게 이르시되 이제 내가 바로에게 하는 일을 네가 보리라. 강한 손을 더하므로 바로가 그들을 보내리라. 강한 손을 더하므로 바로가 그들을 그 땅에서 쫓아내리라. 하나님이 모세에게 말씀하여 가라사대 나는 여호와로라. 내가 아브라함과 이삭과 야곱에게 전능의 하나님으로 나타났으나 나의 이름을 여호와로는 그들에게 알리지 아니하였고, 가나안 땅 곧 그들의 우거하는 땅을 주기로 그들과 언약하였더니, 이제 애굽 사람이 종을 삼은 이스라엘 자손의 신음을 듣고 나의 언약을 기억하노라. 그러므로 이스라엘 자손에게 말하기를 나는 여호와라 내가 애굽 사람의 무거운 짐 밑에서 너희를 빼어내며 그 고역에서 너희를 건지며 편 팔과 큰 재앙으로 너희를 구속하여, 너희로 내 백성을 삼고 나는 너희 하나님이 되리니 나는 애굽 사람의 무거운 짐 밑에서 너희를 빼어낸 너희 하나님 여호와인 줄 너희가 알지라. 내가 아브라함과 이삭과 야곱에게 주기로 맹세한 땅으로 너희를 인도하고 그 땅을 너희에게 주어 기업을 삼게 하리라. 나는 여호와로라 하셨다 하라. 모세가 이와 같이 이스라엘 자손에게 전하나 그들이 마음의 상함과 역사의 혹독함을 인하여 모세를 듣지 아니하였더라. 여호와께서 모세에게 일러 가라사대, 들어가서 애굽 왕 바로에게 말하여 이스라엘 자손을 그 땅에서 내어 보내게 하라. 모세가 여호와 앞에 고하여 가로되 이스라엘 자손도 나를 듣지 아니하였거든 바로가 어찌 들으리이까 나는 입이 둔한 자니이다. 여호와께서 모세와 아론에게 말씀하사 그들로 이스라엘 자손과 애굽 왕 바로에게 명을 전하고 이스라엘 자손을 애굽 땅에서 인도하여 내게 하시니라. | Z47: 미착수 | AA47: 미착수 | AB47: 미착수
A48: 47 | B48: R0047 | C48: 구약 | D48: 47 | E48: 13 | F48: ='안내'!$C$6+E48-1 | G48: =CHOOSE(WEEKDAY(F48,2),"월","화","수","목","금","토","일") | H48: 1 | I48: =INDEX('안내'!$C$11:$C$16,H48) | J48: 출애굽기 | K48: 출애굽기 6장 14절 ~ 7장 25절 | L48: 42 | M48: 2 | N48: 1706 | O48: =ROUND(N48/'안내'!$C$7*60+M48*'안내'!$C$8,0) | P48: =TEXT(O48/86400,"m:ss") | Q48: =TEXT((O48+'안내'!$C$9+'안내'!$C$10)/86400,"m:ss") | R48: 장 끝 | S48: ='안내'!$C$5&" | 출애굽기 6장 14절 ~ 7장 25절" | T48: ="#"&SUBSTITUTE('안내'!$C$5," ","")&" #성경읽기 #성경통독 #출애굽기 #개역한글" | U48: 출애굽기 6장 14절 ~ 7장 25절 (개역한글) 성경 본문: 개역한글판 · 낭독: AI 음성 | V48: 자동 입력 · 대조 필요 | W48: 줄바꿈 띄어쓰기 확인 | X48: 율법서: 광야와 장막, 돌판, 저녁 하늘 | Y48: 출애굽기 6장 14절부터. 그 조상을 따라 집의 어른은 이러하니라. 이스라엘의 장자 르우벤의 아들 하녹과 발루와 헤스론과 갈미니 이들은 르우벤의 족장이요. 시므온의 아들 여무엘과 야민과 오핫과 야긴과 소할과 가나안 여인의 소생 사울이니 이들은 시므온의 족장이요. 레위의 아들들의 이름은 그 연치대로 이러하니 게르손과 고핫과 므라리요 레위의 수는 일백삼십칠 세이었으며, 게르손의 아들들은 그 가족대로 립니와 시므이요. 고핫의 아들들은 아므람과 이스할과 헤브론과 웃시엘이요 고핫의 수는 일백삼십삼 세이었으며, 므라리의 아들은 마흘리와 무시니 이들은 그 연치대로 레위의 족장이요. 아므람이 그 아비의 누이 요게벳을 아내로 취하였고 그가 아론과 모세를 낳았으며 아므람의 수는 일백삼십칠 세이었으며, 이스할의 아들은 고라와 네벡과 시그리요. 웃시엘의 아들은 미사엘과 엘사반과 시드리요. 아론이 암미나답의 딸 나손의 누이 엘리세바를 아내로 취하였고 그가 나답과 아비후와 엘르아살과 이다말을 낳았으며, 고라의 아들은 앗실과 엘가나와 아비아삽이니 이들은 고라 사람의 족장이요. 아론의 아들 엘르아살이 부디엘의 딸 중에서 아내를 취하였고 그가 비느하스를 낳았으니 이들은 레위 사람의 조상을 따라 가족의 어른들이라. 이스라엘 자손을 그 군대대로 애굽 땅에서 인도하라 하신 여호와의 명을 받은 자는 이 아론과 모세요. 애굽 왕 바로에게 이스라엘 자손을 애굽에서 내어 보내라 말한 자도 이 모세와 아론이었더라. 여호와께서 애굽 땅에서 모세에게 말씀하시던 날에, 여호와께서 모세에게 일러 가라사대 나는 여호와라 내가 네게 이르는 바를 너는 애굽 왕 바로에게 다 고하라. 모세가 여호와 앞에서 고하되 나는 입이 둔한 자이오니 바로가 어찌 나를 들으리이까. 출애굽기 7장. 여호와께서 모세에게 이르시되 볼지어다. 내가 너로 바로에게 신이 되게 하였은즉 네 형 아론은 네 대언자가 되리니, 내가 네게 명한 바를 너는 네 형 아론에게 말하고 그는 바로에게 말하여 그로 이스라엘 자손을 그 땅에서 보내게 할지니라. 내가 바로의 마음을 강퍅케 하고 나의 표징과 나의 이적을 애굽 땅에 많이 행하리라마는, 바로가 너희를 듣지 아니할 터인즉 내가 내 손을 애굽에 더하여 여러 큰 재앙을 내리고 내 군대, 내 백성 이스라엘 자손을 그 땅에서 인도하여 낼지라. 내가 내 손을 애굽 위에 펴서 이스라엘 자손을 그 땅에서 인도하여 낼 때에야 애굽 사람이 나를 여호와인 줄 알리라 하시매, 모세와 아론이 여호와께서 자기들에게 명하신 대로 곧 그대로 행하였더라. 그들이 바로에게 말할 때에 모세는 팔십 세이었고 아론은 팔십삼 세이었더라. 여호와께서 모세와 아론에게 일러 가라사대, 바로가 너희에게 이르기를 너희는 이적을 보이라 하거든 너는 아론에게 명하기를 너의 지팡이를 가져 바로 앞에 던지라 하라 그것이 뱀이 되리라. 모세와 아론이 바로에게 가서 여호와의 명하신 대로 행하여 아론이 바로와 그 신하 앞에 지팡이를 던졌더니 뱀이 된지라. 바로도 박사와 박수를 부르매 그 애굽 술객들도 그 술법으로 그와 같이 행하되, 각 사람이 지팡이를 던지매 뱀이 되었으나 아론의 지팡이가 그들의 지팡이를 삼키니라. 그러나 바로의 마음이 강퍅하여 그들을 듣지 아니하니 여호와의 말씀과 같더라. 여호와께서 모세에게 이르시되 바로의 마음이 완강하여 백성 보내기를 거절하는도다. 아침에 너는 바로에게로 가라 그가 물로 나오리니 너는 하숫가에 서서 그를 맞으며 그 뱀 되었던 지팡이를 손에 잡고, 그에게 이르기를 히브리 사람의 하나님 여호와께서 나를 왕에게 보내어 이르시되 내 백성을 보내라 그들이 광야에서 나를 섬길 것이니라 하였으나 이제까지 네가 듣지 아니하도다. 여호와가 이같이 이르노니 네가 이로 인하여 나를 여호와인 줄 알리라. 하셨느니라. 볼지어다. 내가 내 손의 지팡이로 하수를 치면 그것이 피로 변하고, 하수의 고기가 죽고 그 물에서는 악취가 나리니 애굽 사람들이 그 물 마시기를 싫어하리라. 하라. 여호와께서 또 모세에게 이르시되 아론에게 명하기를 네 지팡이를 잡고 네 팔을 애굽의 물들과 하수들과 운하와 못과 모든 호수 위에 펴라 하라 그것들이 피가 되리니 애굽 온 땅에와 나무 그릇에와 돌 그릇에 모두 피가 있으리라. 모세와 아론이 여호와의 명하신 대로 행하여 바로와 그 신하의 목전에서 지팡이를 들어 하수를 치니 그 물이 다 피로 변하고, 하수의 고기가 죽고 그 물에서는 악취가 나니 애굽 사람들이 하숫물을 마시지 못하며 애굽 온 땅에는 피가 있으나, 애굽 술객들도 자기 술법으로 그와 같이 행하므로 바로의 마음이 강퍅하여 그들을 듣지 아니하니 여호와의 말씀과 같더라. 바로가 돌이켜 궁으로 들어가고 그 일에도 관념하지 아니하였고, 애굽 사람들은 하숫물을 마실 수 없으므로 하숫가를 두루 파서 마실 물을 구하였더라. 여호와께서 하수를 치신 후 칠 일이 지나니라. | Z48: 미착수 | AA48: 미착수 | AB48: 미착수
A49: 48 | B49: R0048 | C49: 구약 | D49: 48 | E49: 13 | F49: ='안내'!$C$6+E49-1 | G49: =CHOOSE(WEEKDAY(F49,2),"월","화","수","목","금","토","일") | H49: 2 | I49: =INDEX('안내'!$C$11:$C$16,H49) | J49: 출애굽기 | K49: 출애굽기 8장 | L49: 32 | M49: 1 | N49: 1542 | O49: =ROUND(N49/'안내'!$C$7*60+M49*'안내'!$C$8,0) | P49: =TEXT(O49/86400,"m:ss") | Q49: =TEXT((O49+'안내'!$C$9+'안내'!$C$10)/86400,"m:ss") | R49: 장 끝 | S49: ='안내'!$C$5&" | 출애굽기 8장" | T49: ="#"&SUBSTITUTE('안내'!$C$5," ","")&" #성경읽기 #성경통독 #출애굽기 #개역한글" | U49: 출애굽기 8장 (개역한글) 성경 본문: 개역한글판 · 낭독: AI 음성 | V49: 자동 입력 · 대조 필요 | W49: 줄바꿈 띄어쓰기 확인 | X49: 율법서: 광야와 장막, 돌판, 저녁 하늘 | Y49: 출애굽기 8장. 여호와께서 모세에게 이르시되 너는 바로에게 가서 그에게 이르기를 여호와의 말씀에 내 백성을 보내라 그들이 나를 섬길 것이니라. 네가 만일 보내기를 거절하면 내가 개구리로 너의 온 지경을 칠지라. 개구리가 하수에서 무수히 생기고 올라와서 네 궁에와 네 침실에와 네 침상 위에와 네 신하의 집에와 네 백성에게와 네 화덕에와 네 떡반죽 그릇에 들어갈지며, 개구리가 네게와 네 백성에게와 네 모든 신하에게 오르리라. 하셨다 하라. 여호와께서 모세에게 이르시되 아론에게 명하기를 네 지팡이를 잡고 네 팔을 강들과 운하들과 못 위에 펴서 개구리로 애굽 땅에 올라오게 하라 할지니라. 아론이 팔을 애굽 물들 위에 펴매 개구리가 올라와서 애굽 땅에 덮이니, 술객들도 자기 술법대로 이와 같이 하여 개구리로 애굽 땅에 올라오게 하였더라. 바로가 모세와 아론을 불러 이르되 여호와께 구하여 개구리를 나와 내 백성에게서 떠나게 하라 내가 이 백성을 보내리니 그들이 여호와께 희생을 드릴 것이니라. 모세가 바로에게 이르되 내가 왕과 왕의 신하와 왕의 백성을 위하여 어느 때에 구하여 이 개구리를 왕과 왕궁에서 끊어서 하수에만 있게 하오리이까 내게 보이소서, 그가 가로되 내일이니라. 모세가 가로되 왕의 말씀대로 하여 왕으로 우리 하나님 여호와와 같은 이가 없는 줄을 알게 하리니, 개구리가 왕과 왕궁과 왕의 신하와 왕의 백성을 떠나서 하수에만 있으리이다 하고, 모세와 아론이 바로를 떠나 나가서 바로에게 내리신 개구리에 대하여 모세가 여호와께 간구하매, 여호와께서 모세의 말대로 하시니 개구리가 집에서, 마당에서, 밭에서 나와서 죽은지라. 사람들이 모아 무더기로 쌓으니 땅에서 악취가 나더라. 그러나 바로가 숨을 통할 수 있음을 볼 때에 그 마음을 완강케 하여 그들을 듣지 아니하였으니 여호와의 말씀과 같더라. 여호와께서 모세에게 이르시되 아론에게 명하기를 네 지팡이를 들어 땅의 티끌을 치라 하라 그것이 애굽 온 땅에서 이가 되리라. 그들이 그대로 행할새 아론이 지팡이를 잡고 손을 들어 땅의 티끌을 치매 애굽 온 땅의 티끌이 다 이가 되어 사람과 생축에게 오르니, 술객들이 자기 술법으로 이같이 행하여 이를 내려 하였으나 못하였고 이는 사람과 생축에게 있은지라. 술객이 바로에게 고하되 이는 하나님의 권능이니이다. 하나 바로의 마음이 강퍅케 되어 그들을 듣지 아니하였으니 여호와의 말씀과 같더라. 여호와께서 모세에게 이르시되 아침에 일찌기 일어나 바로 앞에 서라 그가 물로 나오리니 그에게 이르기를 여호와의 말씀에 내 백성을 보내라 그들이 나를 섬길 것이니라. 네가 만일 내 백성을 보내지 아니하면 내가 너와 네 신하와 네 백성과 네 집들에 파리 떼를 보내리니 애굽 사람의 집집에 파리 떼가 가득할 것이며 그들의 거하는 땅에도 그러하리라. 그 날에 내가 내 백성의 거하는 고센 땅을 구별하여 그 곳에는 파리 떼가 없게 하리니 이로 말미암아 나는 세상 중의 여호와인 줄을 네가 알게 될 것이라. 내가 내 백성과 네 백성 사이에 구별을 두리니 내일 이 표징이 있으리라. 하셨다 하라 하시고, 여호와께서 그와 같이 하시니 무수한 파리 떼가 바로의 궁에와 그 신하의 집에와 애굽 전국에 이르니 파리 떼로 인하여 땅이 해를 받더라. 바로가 모세와 아론을 불러 이르되 너희는 가서 이 땅에서 너희 하나님께 희생을 드리라. 모세가 가로되 그리함은 불가하니이다. 우리가 우리 하나님 여호와께 희생을 드리는 것은 애굽 사람의 미워하는 바이온즉 우리가 만일 애굽 사람의 목전에서 희생을 드리면 그들이 그것을 미워하여 우리를 돌로 치지 아니하리이까. 우리가 사흘 길쯤 광야로 들어가서 우리 하나님 여호와께 희생을 드리되 우리에게 명하시는 대로 하려 하나이다. 바로가 가로되 내가 너희를 보내리니 너희가 너희 하나님 여호와께 광야에서 희생을 드릴 것이나 너무 멀리는 가지 말라 그런즉 너희는 나를 위하여 기도하라. 모세가 가로되 내가 왕을 떠나가서 여호와께 기도하리니 내일이면 파리 떼가 바로와 바로의 신하와 바로의 백성을 떠나려니와 바로는 이 백성을 보내어 여호와께 희생을 드리는 일에 다시 거짓을 행치 마소서 하고, 모세가 바로를 떠나 나와서 여호와께 기도하니, 여호와께서 모세의 말대로 하사 파리를 바로와 그 신하와 그 백성에게 몰수히 떠나게 하시니라. 그러나 바로가 이 때에도 마음을 완강케 하여 백성을 보내지 아니하였더라. | Z49: 미착수 | AA49: 미착수 | AB49: 미착수
A50: 49 | B50: R0049 | C50: 구약 | D50: 49 | E50: 13 | F50: ='안내'!$C$6+E50-1 | G50: =CHOOSE(WEEKDAY(F50,2),"월","화","수","목","금","토","일") | H50: 3 | I50: =INDEX('안내'!$C$11:$C$16,H50) | J50: 출애굽기 | K50: 출애굽기 9장 | L50: 35 | M50: 1 | N50: 1550 | O50: =ROUND(N50/'안내'!$C$7*60+M50*'안내'!$C$8,0) | P50: =TEXT(O50/86400,"m:ss") | Q50: =TEXT((O50+'안내'!$C$9+'안내'!$C$10)/86400,"m:ss") | R50: 장 끝 | S50: ='안내'!$C$5&" | 출애굽기 9장" | T50: ="#"&SUBSTITUTE('안내'!$C$5," ","")&" #성경읽기 #성경통독 #출애굽기 #개역한글" | U50: 출애굽기 9장 (개역한글) 성경 본문: 개역한글판 · 낭독: AI 음성 | V50: 자동 입력 · 대조 필요 | W50: 줄바꿈 띄어쓰기 확인 | X50: 율법서: 광야와 장막, 돌판, 저녁 하늘 | Y50: 출애굽기 9장. 여호와께서 모세에게 이르시되 바로에게 들어가서 그에게 이르라 히브리 사람의 하나님 여호와께서 말씀하시기를 내 백성을 보내라 그들이 나를 섬길 것이니라. 네가 만일 그들 보내기를 거절하고 억지로 잡아 두면, 여호와의 손이 들에 있는 네 생축 곧 말과 나귀와 약대와 우양에게 더하리니 심한 악질이 있을 것이며, 여호와가 이스라엘의 생축과 애굽의 생축을 구별하리니 이스라엘 자손에 속한 것은 하나도 죽지 아니하리라. 하셨다 하라 하시고, 여호와께서 기한을 정하여 가라사대 여호와가 내일 이 땅에서 이 일을 행하리라 하시더니, 이튿날에 여호와께서 이 일을 행하시니 애굽의 모든 생축은 죽었으나 이스라엘 자손의 생축은 하나도 죽지 아니한지라. 바로가 보내어 본즉 이스라엘의 생축은 하나도 죽지 아니하였더라. 그러나 바로의 마음이 완강하여 백성을 보내지 아니하니라. 여호와께서 모세와 아론에게 이르시되 너희는 풀무의 재 두 움큼을 가지고 모세가 바로의 목전에서 하늘을 향하여 날리라. 그 재가 애굽 온 땅의 티끌이 되어 애굽 온 땅의 사람과 짐승에게 붙어서 독종이 발하리라. 그들이 풀무의 재를 가지고 바로 앞에 서서 모세가 하늘을 향하여 날리니 사람과 짐승에게 붙어 독종이 발하고, 술객도 독종으로 인하여 모세 앞에 서지 못하니 독종이 술객들로부터 애굽 모든 사람에게 발하였음이라. 그러나 여호와께서 바로의 마음을 강퍅케 하셨으므로 그들을 듣지 아니하였으니 여호와께서 모세에게 말씀하심과 같더라. 여호와께서 모세에게 이르시되 아침에 일찌기 일어나 바로 앞에 서서 그에게 이르기를 히브리 사람의 하나님 여호와의 말씀에 내 백성을 보내라 그들이 나를 섬길 것이니라. 내가 이번에는 모든 재앙을 네 마음과 네 신하와 네 백성에게 내려 너로 온 천하에 나와 같은 자가 없음을 알게 하리라. 내가 손을 펴서 온역으로 너와 네 백성을 쳤더면 네가 세상에서 끊어졌을 것이나, 네가 너를 세웠음은 나의 능력을 네게 보이고 내 이름이 온 천하에 전파되게 하려 하였음이니라. 네가 여전히 내 백성 앞에 자고하고 그들을 보내지 아니하느냐. 내일 이맘때면 내가 중한 우박을 내리리니 애굽 개국 이래로 그같은 것이 있지 않던 것이리라. 이제 보내어 네 생축과 네 들에 있는 것을 다 모으라 사람이나 짐승이나 무릇 들에 있어서 집에 돌아오지 않은 자에게는 우박이 그 위에 내리리니 그것들이 죽으리라. 하셨다 하라 하시니라. 바로의 신하 중에 여호와의 말씀을 두려워하는 자들은 그 종들과 생축을 집으로 피하여 들였으나, 여호와의 말씀을 마음에 두지 아니하는 자는 그 종들과 생축을 들에 그대로 두었더라. 여호와께서 모세에게 이르시되 너는 하늘을 향하여 손을 들어 애굽 전국에 우박이 애굽 땅의 사람과 짐승과 밭의 모든 채소에 내리게 하라. 모세가 하늘을 향하여 지팡이를 들매 여호와께서 뇌성과 우박을 보내시고 불을 내려 땅에 달리게 하시니라. 여호와께서 우박을 애굽 땅에 내리시매, 우박의 내림과 불덩이가 우박에 섞여 내림이 심히 맹렬하니 애굽 전국에 그 개국 이래로 그같은 것이 없던 것이라. 우박이 애굽 온 땅에서 사람과 짐승을 무론하고 무릇 밭에 있는 것을 쳤으며 우박이 또 밭의 모든 채소를 치고 들의 모든 나무를 꺾었으되, 이스라엘 자손의 거한 고센 땅에는 우박이 없었더라. 바로가 사람을 보내어 모세와 아론을 불러 그들에게 이르되 이번은 내가 범죄하였노라. 여호와는 의로우시고 나와 나의 백성은 악하도다. 여호와께 구하여 이 뇌성과 우박을 그만 그치게 하라 내가 너희를 보내리니 너희가 다시는 머물지 아니하리라. 모세가 그에게 이르되 내가 성에서 나가자 곧 내 손을 여호와를 향하여 펴리니 그리하면 뇌성이 그치고 우박이 다시 있지 않을지라 세상이 여호와께 속한 줄을 왕이 알리이다. 그러나 왕과 왕의 신하들이 여호와 하나님을 아직도 두려워 아니할 줄을 내가 아나이다. 때에 보리는 이삭이 나왔고 삼은 꽃이 피었으므로 삼과 보리가 상하였으나, 그러나 밀과 나맥은 자라지 아니한 고로 상하지 아니하였더라. 모세가 바로를 떠나 성에서 나가서 여호와를 향하여 손을 펴매 뇌성과 우박이 그치고 비가 땅에 내리지 아니하니라. 바로가 비와 우박과 뇌성의 그친 것을 볼 때에 다시 범죄하여 마음을 완강케 하니 그와 그 신하가 일반이라. 바로의 마음이 강퍅하여 이스라엘 자손을 보내지 아니하였으니 여호와께서 모세에게 말씀하심과 같더라. | Z50: 미착수 | AA50: 미착수 | AB50: 미착수
A51: 50 | B51: R0050 | C51: 구약 | D51: 50 | E51: 14 | F51: ='안내'!$C$6+E51-1 | G51: =CHOOSE(WEEKDAY(F51,2),"월","화","수","목","금","토","일") | H51: 1 | I51: =INDEX('안내'!$C$11:$C$16,H51) | J51: 출애굽기 | K51: 출애굽기 10장 | L51: 29 | M51: 1 | N51: 1462 | O51: =ROUND(N51/'안내'!$C$7*60+M51*'안내'!$C$8,0) | P51: =TEXT(O51/86400,"m:ss") | Q51: =TEXT((O51+'안내'!$C$9+'안내'!$C$10)/86400,"m:ss") | R51: 장 끝 | S51: ='안내'!$C$5&" | 출애굽기 10장" | T51: ="#"&SUBSTITUTE('안내'!$C$5," ","")&" #성경읽기 #성경통독 #출애굽기 #개역한글" | U51: 출애굽기 10장 (개역한글) 성경 본문: 개역한글판 · 낭독: AI 음성 | V51: 자동 입력 · 대조 필요 | W51: 줄바꿈 띄어쓰기 확인 | X51: 율법서: 광야와 장막, 돌판, 저녁 하늘 | Y51: 출애굽기 10장. 여호와께서 모세에게 이르시되 바로에게로 들어가라 내가 그의 마음과 그 신하들의 마음을 완강케 함은 나의 표징을 그들 중에 보이기 위함이며, 너로 내가 애굽에서 행한 일들 곧 내가 그 가운데서 행한 표징을 네 아들과 네 자손의 귀에 전하게 하려 함이라 너희가 나를 여호와인 줄 알리라. 모세와 아론이 바로에게 들어가서 그에게 이르되 히브리 사람의 하나님 여호와께서 말씀하시기를 네가 어느 때까지 내 앞에 겸비치 아니하겠느냐 내 백성을 보내라 그들이 나를 섬길 것이라. 네가 만일 내 백성 보내기를 거절하면 내일 내가 메뚜기로 네 경내에 들어가게 하리니, 메뚜기가 지면을 덮어서 사람이 땅을 볼 수 없을 것이라 메뚜기가 네게 남은 그것 곧 우박을 면하고 남은 것을 먹으며 들에 너희를 위하여 자라는 모든 나무를 먹을 것이며, 또 네 집들과 네 모든 신하의 집들과 모든 애굽 사람의 집들에 가득하리니 이는 네 아비와 네 조상이 세상에 있어 옴으로 오늘까지 보지 못하였던 것이리라. 하셨다 하고 돌이켜 바로에게서 나오니, 바로의 신하들이 그에게 고하되 어느 때까지 이 사람이 우리의 함정이 되리이까 그 사람들을 보내어 그 하나님 여호와를 섬기게 하소서. 왕은 아직도 애굽이 망한 줄을 알지 못하시나이까 하고, 모세와 아론을 바로에게로 다시 데려오니 바로가 그들에게 이르되 가서 너희 하나님 여호와를 섬기라 갈 자는 누구 누구뇨, 모세가 가로되 우리가 여호와 앞에 절기를 지킬 것인즉 우리가 남녀 노소와 우양을 데리고 가겠나이다. 바로가 그들에게 이르되 내가 너희와 너희 어린것들을 보내면 여호와를 너희와 함께 하게 함과 일반이니라. 삼갈지어다. 너희 경영이 악하니라. 그는 불가하니 너희 남정만 가서 여호와를 섬기라 이것이 너희의 구하는 바니라. 이에 그들이 바로 앞에서 쫓겨나니라. 여호와께서 모세에게 이르시되 네 손을 애굽 땅 위에 들어 메뚜기로 애굽 땅에 올라와서 우박에 상하지 아니한 밭의 모든 채소를 먹게 하라. 모세가 애굽 땅 위에 그 지팡이를 들매 여호와께서 동풍을 일으켜 온 낮과 온 밤에 불게 하시니 아침에 미쳐 동풍이 메뚜기를 불어 들인지라. 메뚜기가 애굽 온 땅에 이르러 그 사방에 내리매 그 해가 심하니 이런 메뚜기는 전에도 없었고 후에도 없을러라. 메뚜기가 온 지면에 덮여 날으매 땅이 어둡게 되었고 메뚜기가 우박에 상하지 아니한 밭의 채소와 나무 열매를 다 먹었으므로 애굽 전경에 나무나 밭의 채소나 푸른 것은 남지 아니하였더라. 바로가 모세와 아론을 급히 불러서 이르되 내가 너희 하나님 여호와와 너희에게 득죄하였으니, 청컨대 나의 죄를 이번만 용서하고 너희 하나님 여호와께 구하여 이 죽음만을 내게서 떠나게 하라. 그가 바로에게서 나가서 여호와께 구하매, 여호와께서 돌이켜 강렬한 서풍이 불게 하사 메뚜기를 홍해에 몰아넣으시니 애굽 온 지경에 메뚜기가 하나도 남지 아니하니라. 그러나 여호와께서 바로의 마음을 강퍅케 하셨으므로 이스라엘 자손을 보내지 아니하였더라. 여호와께서 모세에게 이르시되 하늘을 향하여 네 손을 들어서 애굽 땅 위에 흑암이 있게 하라 곧 더듬을 만한 흑암이리라. 모세가 하늘을 향하여 손을 들매 캄캄한 흑암이 삼 일 동안 애굽 온 땅에 있어서, 그 동안은 사람 사람이 서로 볼 수 없으며 자기 처소에서 일어나는 자가 없으되 이스라엘 자손의 거하는 곳에는 광명이 있었더라. 바로가 모세를 불러서 이르되 너희는 가서 여호와를 섬기되 너희 양과 소는 머물러 두고 너희 어린것은 너희와 함께 갈지니라. 모세가 가로되 왕이라도 우리 하나님 여호와께 드릴 희생과 번제물을 우리에게 주어야 하겠고, 우리의 생축도 우리와 함께 가고 한 마리도 남길 수 없으니 이는 우리가 그 중에서 취하여 우리 하나님 여호와를 섬길 것임이며 또 우리가 거기 이르기까지는 어떤 것으로 여호와를 섬길는지 알지 못함이니이다. 하나, 여호와께서 바로의 마음을 강퍅케 하셨으므로 그들을 보내기를 즐겨 아니하고, 모세에게 이르되 너는 나를 떠나가고 스스로 삼가 다시 내 얼굴을 보지 말라 내 얼굴을 보는 날에는 죽으리라. 모세가 가로되 왕의 말씀이 옳으니이다. 내가 다시는 왕의 얼굴을 보지 아니하리이다. | Z51: 미착수 | AA51: 미착수 | AB51: 미착수
A52: 51 | B52: R0051 | C52: 구약 | D52: 51 | E52: 14 | F52: ='안내'!$C$6+E52-1 | G52: =CHOOSE(WEEKDAY(F52,2),"월","화","수","목","금","토","일") | H52: 2 | I52: =INDEX('안내'!$C$11:$C$16,H52) | J52: 출애굽기 | K52: 출애굽기 11장 1절 ~ 12장 20절 | L52: 30 | M52: 2 | N52: 1322 | O52: =ROUND(N52/'안내'!$C$7*60+M52*'안내'!$C$8,0) | P52: =TEXT(O52/86400,"m:ss") | Q52: =TEXT((O52+'안내'!$C$9+'안내'!$C$10)/86400,"m:ss") | R52: 문장 끝 | S52: ='안내'!$C$5&" | 출애굽기 11장 1절 ~ 12장 20절" | T52: ="#"&SUBSTITUTE('안내'!$C$5," ","")&" #성경읽기 #성경통독 #출애굽기 #개역한글" | U52: 출애굽기 11장 1절 ~ 12장 20절 (개역한글) 성경 본문: 개역한글판 · 낭독: AI 음성 | V52: 자동 입력 · 대조 필요 | W52: 줄바꿈 띄어쓰기 확인 | X52: 율법서: 광야와 장막, 돌판, 저녁 하늘 | Y52: 출애굽기 11장. 여호와께서 모세에게 이르시기를 내가 이제 한 가지 재앙을 바로와 애굽에 내린 후에야 그가 너희를 여기서 보낼지라 그가 너희를 보낼 때에는 여기서 정녕 다 쫓아내리니, 백성에게 말하여 남녀로 각기 이웃들에게 은금 패물을 구하게 하라 하시더니, 여호와께서 그 백성으로 애굽 사람의 은혜를 받게 하셨고 또 그 사람 모세는 애굽국에서 바로의 신하와 백성에게 심히 크게 뵈었더라. 모세가 바로에게 이르되 여호와께서 이같이 말씀하시기를 밤중에 내가 애굽 가운데로 들어가리니, 애굽 가운데 처음 난 것은 위에 앉은 바로의 장자로부터 맷돌 뒤에 있는 여종의 장자까지와 모든 생축의 처음 난 것이 죽을지라. 애굽 전국에 전무후무한 큰 곡성이 있으리라. 그러나 이스라엘 자손에게는 사람에게나 짐승에게나 개도 그 혀를 움직이지 않으리니 여호와가 애굽 사람과 이스라엘 사이에 구별하는 줄을 너희가 알리라. 하셨나니, 왕의 이 모든 신하가 내게 내려와서 내게 절하며 이르기를 너와 너를 좇는 온 백성은 나가라 한 후에야 내가 나가리라 하고 심히 노하여 바로에게서 나오니라. 여호와께서 모세에게 이르시기를 바로가 너희를 듣지 아니할지라 그러므로 내가 애굽 땅에서 나의 기사를 더하리라. 하셨고, 모세와 아론이 이 모든 기사를 바로 앞에서 행하였으나 여호와께서 바로의 마음을 강퍅케 하셨으므로 그가 이스라엘 자손을 그 나라에서 보내지 아니하였더라. 출애굽기 12장. 여호와께서 애굽 땅에서 모세와 아론에게 일러 가라사대, 이 달로 너희에게 달의 시작 곧 해의 첫 달이 되게 하고, 너희는 이스라엘 회중에게 고하여 이르라 이 달 열흘에 너희 매인이 어린 양을 취할지니 각 가족대로 그 식구를 위하여 어린 양을 취하되, 그 어린 양에 대하여 식구가 너무 적으면 그 집의 이웃과 함께 인수를 따라서 하나를 취하면 각 사람의 식량을 따라서 너희 어린 양을 계산할 것이며, 너희 어린 양은 흠 없고 일 년 된 수컷으로 하되 양이나 염소 중에서 취하고, 이 달 십사일까지 간직하였다가 해질 때에 이스라엘 회중이 그 양을 잡고, 그 피로 양을 먹을 집문 좌우 설주와 인방에 바르고, 그 밤에 그 고기를 불에 구워 무교병과 쓴 나물과 아울러 먹되, 날로나 물에 삶아서나 먹지 말고 그 머리와 정강이와 내장을 다 불에 구워 먹고, 아침까지 남겨 두지 말며 아침까지 남은 것은 곧 소화하라. 너희는 그것을 이렇게 먹을지니 허리에 띠를 띠고 발에 신을 신고 손에 지팡이를 잡고 급히 먹으라 이것이 여호와의 유월절이니라. 내가 그 밤에 애굽 땅에 두루 다니며 사람과 짐승을 무론하고 애굽 나라 가운데 처음 난 것을 다 치고 애굽의 모든 신에게 벌을 내리리라. 나는 여호와로라. 내가 애굽 땅을 칠 때에 그 피가 너희의 거하는 집에 있어서 너희를 위하여 표적이 될지라 내가 피를 볼 때에 너희를 넘어가리니 재앙이 너희에게 내려 멸하지 아니하리라. 너희는 이 날을 기념하여 여호와의 절기를 삼아 영원한 규례로 대대에 지킬지니라. 너희는 칠 일 동안 무교병을 먹을지니 그 첫날에 누룩을 너희 집에서 제하라 무릇 첫날부터 칠일까지 유교병을 먹는 자는 이스라엘에서 끊쳐지리라. 너희에게 첫날에도 성회요 제 칠 일에도 성회가 되리니 이 두 날에는 아무 일도 하지 말고 각인의 식물만 너희가 갖출 것이니라. 너희는 무교절을 지키라 이 날에 내가 너희 군대를 애굽 땅에서 인도하여 내었음이니라. 그러므로 너희가 영원한 규례를 삼아 이 날을 대대로 지킬지니라. 정월에 그 달 십사일 저녁부터 이십일일 저녁까지 너희는 무교병을 먹을 것이요. 칠 일 동안은 누룩을 너희 집에 있지 않게 하라 무릇 유교물을 먹는 자는 타국인이든지 본국에서 난 자든지 무론하고 이스라엘 회중에서 끊쳐지리니, 너희는 아무 유교물이든지 먹지 말고 너희 모든 유하는 곳에서 무교병을 먹을지니라. | Z52: 미착수 | AA52: 미착수 | AB52: 미착수
A53: 52 | B53: R0052 | C53: 구약 | D53: 52 | E53: 14 | F53: ='안내'!$C$6+E53-1 | G53: =CHOOSE(WEEKDAY(F53,2),"월","화","수","목","금","토","일") | H53: 3 | I53: =INDEX('안내'!$C$11:$C$16,H53) | J53: 출애굽기 | K53: 출애굽기 12장 21절 ~ 51절 | L53: 31 | M53: 1 | N53: 1269 | O53: =ROUND(N53/'안내'!$C$7*60+M53*'안내'!$C$8,0) | P53: =TEXT(O53/86400,"m:ss") | Q53: =TEXT((O53+'안내'!$C$9+'안내'!$C$10)/86400,"m:ss") | R53: 장 끝 | S53: ='안내'!$C$5&" | 출애굽기 12장 21절 ~ 51절" | T53: ="#"&SUBSTITUTE('안내'!$C$5," ","")&" #성경읽기 #성경통독 #출애굽기 #개역한글" | U53: 출애굽기 12장 21절 ~ 51절 (개역한글) 성경 본문: 개역한글판 · 낭독: AI 음성 | V53: 자동 입력 · 대조 필요 | W53: 줄바꿈 띄어쓰기 확인 | X53: 율법서: 광야와 장막, 돌판, 저녁 하늘 | Y53: 출애굽기 12장 21절부터. 모세가 이스라엘 모든 장로를 불러서 그들에게 이르되 너희는 나가서 너희 가족대로 어린 양을 택하여 유월절 양으로 잡고, 너희는 우슬초 묶음을 취하여 그릇에 담은 피에 적시어서 그 피를 문 인방과 좌우 설주에 뿌리고 아침까지 한 사람도 자기 집 문 밖에 나가지 말라. 여호와께서 애굽 사람을 치러 두루 다니실 때에 문 인방과 좌우 설주의 피를 보시면 그 문을 넘으시고 멸하는 자로 너희 집에 들어가서 너희를 치지 못하게 하실 것임이니라. 너희는 이 일을 규례로 삼아 너희와 너희 자손이 영원히 지킬 것이니, 너희는 여호와께서 허락하신 대로 너희에게 주시는 땅에 이를 때에 이 예식을 지킬 것이라. 이 후에 너희 자녀가 묻기를 이 예식이 무슨 뜻이냐 하거든, 너희는 이르기를 이는 여호와의 유월절 제사라 여호와께서 애굽 사람을 치실 때에 애굽에 있는 이스라엘 자손의 집을 넘으사 우리의 집을 구원하셨느니라. 하라 하매 백성이 머리 숙여 경배하니라. 이스라엘 자손이 물러가서 그대로 행하되 여호와께서 모세와 아론에게 명하신 대로 행하니라. 밤중에 여호와께서 애굽 땅에서 모든 처음 난 것 곧 위에 앉은 바로의 장자로부터 옥에 갇힌 사람의 장자까지와 생축의 처음 난 것을 다 치시매, 그 밤에 바로와 그 모든 신하와 모든 애굽 사람이 일어나고 애굽에 큰 호곡이 있었으니 이는 그 나라에 사망치 아니한 집이 하나도 없었음이었더라. 밤에 바로가 모세와 아론을 불러서 이르되 너희와 이스라엘 자손은 일어나 내 백성 가운데서 떠나서 너희의 말대로 가서 여호와를 섬기며, 너희의 말대로 너희의 양도 소도 몰아가고 나를 위하여 축복하라 하며, 애굽 사람들은 말하기를 우리가 다 죽은 자가 되도다 하고 백성을 재촉하여 그 지경에서 속히 보내려 하므로, 백성이 발교되지 못한 반죽 담은 그릇을 옷에 싸서 어깨에 메니라. 이스라엘 자손이 모세의 말대로 하여 애굽 사람에게 은금 패물과 의복을 구하매, 여호와께서 애굽 사람으로 백성에게 은혜를 입히게 하사 그들의 구하는 대로 주게 하시므로 그들이 애굽 사람의 물품을 취하였더라. 이스라엘 자손이 라암셋에서 발행하여 숙곳에 이르니 유아 외에 보행하는 장정이 육십만 가량이요. 중다한 잡족과 양과 소와 심히 많은 생축이 그들과 함께 하였으며, 그들이 가지고 나온 발교되지 못한 반죽으로 무교병을 구웠으니 이는 그들이 애굽에서 쫓겨남으로 지체할 수 없었음이며 아무 양식도 준비하지 못하였음이었더라. 이스라엘 자손이 애굽에 거주한 지 사백삼십 년이라. 사백삼십 년이 마치는 그 날에 여호와의 군대가 다 애굽 땅에서 나왔은즉, 이 밤은 그들을 애굽 땅에서 인도하여 내심을 인하여 여호와 앞에 지킬 것이니 이는 여호와의 밤이라 이스라엘 자손이 다 대대로 지킬 것이니라. 여호와께서 모세와 아론에게 이르시되 유월절 규례가 이러하니라. 이방 사람은 먹지 못할 것이나, 각 사람이 돈으로 산 종은 할례를 받은 후에 먹을 것이며, 거류인과 타국 품군은 먹지 못하리라. 한 집에서 먹되 그 고기를 조금도 집 밖으로 내지 말고 뼈도 꺾지 말지며, 이스라엘 회중이 다 이것을 지킬지니라. 너희와 함께 거하는 타국인이 여호와의 유월절을 지키고자 하거든 그 모든 남자는 할례를 받은 후에야 가까이 하여 지킬지니 곧 그는 본토인과 같이 될 것이나 할례받지 못한 자는 먹지 못할 것이니라. 본토인에게나 너희 중에 우거한 이방인에게나 이 법이 동일하니라. 하셨으므로, 온 이스라엘 자손이 이와 같이 행하되 여호와께서 모세와 아론에게 명하신 대로 행하였으며, 그 같은 날에 여호와께서 이스라엘 자손을 그 군대대로 애굽 땅에서 인도하여 내셨더라. | Z53: 미착수 | AA53: 미착수 | AB53: 미착수
A54: 53 | B54: R0053 | C54: 구약 | D54: 53 | E54: 14 | F54: ='안내'!$C$6+E54-1 | G54: =CHOOSE(WEEKDAY(F54,2),"월","화","수","목","금","토","일") | H54: 4 | I54: =INDEX('안내'!$C$11:$C$16,H54) | J54: 출애굽기 | K54: 출애굽기 13장 1절 ~ 14장 4절 | L54: 26 | M54: 2 | N54: 1264 | O54: =ROUND(N54/'안내'!$C$7*60+M54*'안내'!$C$8,0) | P54: =TEXT(O54/86400,"m:ss") | Q54: =TEXT((O54+'안내'!$C$9+'안내'!$C$10)/86400,"m:ss") | R54: 문장 끝 | S54: ='안내'!$C$5&" | 출애굽기 13장 1절 ~ 14장 4절" | T54: ="#"&SUBSTITUTE('안내'!$C$5," ","")&" #성경읽기 #성경통독 #출애굽기 #개역한글" | U54: 출애굽기 13장 1절 ~ 14장 4절 (개역한글) 성경 본문: 개역한글판 · 낭독: AI 음성 | V54: 자동 입력 · 대조 필요 | W54: 줄바꿈 띄어쓰기 확인 | X54: 율법서: 광야와 장막, 돌판, 저녁 하늘 | Y54: 출애굽기 13장. 여호와께서 모세에게 일러 가라사대, 이스라엘 자손 중에 사람이나 짐승이나 무론하고 초태생은 다 거룩히 구별하여 내게 돌리라. 이는 내 것이니라 하시니라. 모세가 백성에게 이르되 너희는 애굽에서 곧 종 되었던 집에서 나온 그 날을 기념하여 유교병을 먹지 말라 여호와께서 그 손의 권능으로 너희를 그 곳에서 인도하여 내셨음이니라. 아빕월 이 날에 너희가 나왔으니, 여호와께서 너를 인도하여 가나안 사람과 헷 사람과 아모리 사람과 히위 사람과 여부스 사람의 땅 곧 네게 주시려고 네 조상들에게 맹세하신 바 젖과 꿀이 흐르는 땅에 이르게 하시거든 너는 이 달에 이 예식을 지켜, 칠 일 동안 무교병을 먹고 제 칠 일에는 여호와께 절기를 지키라. 칠 일 동안에는 무교병을 먹고 유교병을 너희 곳에 있게 하지 말며 네 지경 안에서 누룩을 네게 보이지도 말게 하며, 너는 그 날에 네 아들에게 뵈어 이르기를 이 예식은 내가 애굽에서 나올 때에 여호와께서 나를 위하여 행하신 일을 인함이라 하고, 이것으로 네 손의 기호와 네 미간의 표를 삼고 여호와의 율법으로 네 입에 있게 하라 이는 여호와께서 능하신 손으로 너를 애굽에서 인도하여 내셨음이니, 연년이 기한에 이르러 이 규례를 지킬지니라. 여호와께서 너와 네 조상에게 맹세하신 대로 너를 가나안 사람의 땅에 인도하시고 그 땅을 네게 주시거든, 너는 무릇 초태생과 네게 있는 생축의 초태생을 다 구별하여 여호와께 돌리라. 수컷은 여호와의 것이니라. 나귀의 첫 새끼는 다 어린 양으로 대속할 것이요 그렇게 아니하려면 그 목을 꺾을 것이며 너의 아들 중 모든 장자 된 자는 다 대속할지니라. 장래에 네 아들이 네게 묻기를 이것이 어찜이냐 하거든 너는 그에게 이르기를 여호와께서 그 손의 권능으로 우리를 애굽에서 곧 종이 되었던 집에서 인도하여 내실새, 그 때에 바로가 강퍅하여 우리를 보내지 아니하매 여호와께서 애굽 나라 가운데 처음 낳은 것을 사람의 장자로부터 생축의 처음 낳은 것까지 다 죽이신 고로 초태생의 수컷은 다 여호와께 희생으로 드리고 우리 장자는 다 대속하나니, 이것으로 네 손의 기호와 네 미간의 표를 삼으라 여호와께서 그 손의 권능으로 우리를 애굽에서 인도하여 내셨음이니라. 할지니라. 바로가 백성을 보낸 후에 블레셋 사람의 땅의 길은 가까울지라도 하나님이 그들을 그 길로 인도하지 아니하셨으니 이는 하나님이 말씀하시기를 이 백성이 전쟁을 보면 뉘우쳐 애굽으로 돌아갈까 하셨음이라. 그러므로 하나님이 홍해의 광야 길로 돌려 백성을 인도하시매 이스라엘 자손이 애굽 땅에서 항오를 지어나올 때에, 모세가 요셉의 해골을 취하였으니 이는 요셉이 이스라엘 자손으로 단단히 맹세케 하여 이르기를 하나님이 필연 너희를 권고하시리니 너희는 나의 해골을 여기서 가지고 나가라 하였음이었더라. 그들이 숙곳에서 발행하여 광야 끝 에담에 장막을 치니, 여호와께서 그들 앞에 행하사 낮에는 구름기둥으로 그들의 길을 인도하시고 밤에는 불기둥으로 그들에게 비취사 주야로 진행하게 하시니, 낮에는 구름기둥, 밤에는 불기둥이 백성 앞에서 떠나지 아니하니라. 출애굽기 14장. 여호와께서 모세에게 일러 가라사대, 이스라엘 자손을 명하여 돌쳐서 바다와 믹돌 사이의 비하히롯 앞 곧 바알스본 맞은편 바닷가에 장막을 치게 하라. 바로가 이스라엘 자손에 대하여 말하기를 그들이 그 땅에서 아득하여 광야에 갇힌 바 되었다 할지라. 내가 바로의 마음을 강퍅케 한즉 바로가 그들의 뒤를 따르리니 내가 그와 그 온 군대를 인하여 영광을 얻어 애굽 사람으로 나를 여호와인 줄 알게 하리라 하시매 무리가 그대로 행하니라. | Z54: 미착수 | AA54: 미착수 | AB54: 미착수
A55: 54 | B55: R0054 | C55: 구약 | D55: 54 | E55: 15 | F55: ='안내'!$C$6+E55-1 | G55: =CHOOSE(WEEKDAY(F55,2),"월","화","수","목","금","토","일") | H55: 1 | I55: =INDEX('안내'!$C$11:$C$16,H55) | J55: 출애굽기 | K55: 출애굽기 14장 5절 ~ 31절 | L55: 27 | M55: 1 | N55: 1339 | O55: =ROUND(N55/'안내'!$C$7*60+M55*'안내'!$C$8,0) | P55: =TEXT(O55/86400,"m:ss") | Q55: =TEXT((O55+'안내'!$C$9+'안내'!$C$10)/86400,"m:ss") | R55: 장 끝 | S55: ='안내'!$C$5&" | 출애굽기 14장 5절 ~ 31절" | T55: ="#"&SUBSTITUTE('안내'!$C$5," ","")&" #성경읽기 #성경통독 #출애굽기 #개역한글" | U55: 출애굽기 14장 5절 ~ 31절 (개역한글) 성경 본문: 개역한글판 · 낭독: AI 음성 | V55: 자동 입력 · 대조 필요 | W55: 줄바꿈 띄어쓰기 확인 | X55: 율법서: 광야와 장막, 돌판, 저녁 하늘 | Y55: 출애굽기 14장 5절부터. 혹이 백성의 도망한 것을 애굽 왕에게 고하매 바로와 그 신하들이 백성에 대하여 마음이 변하여 가로되 우리가 어찌 이같이 하여 이스라엘을 우리를 섬김에서 놓아 보내었는고 하고, 바로가 곧 그 병거를 갖추고 그 백성을 데리고 갈새, 특별 병거 육백 승과 애굽의 모든 병거를 발하니 장관들이 다 거느렸더라. 여호와께서 애굽 왕 바로의 마음을 강퍅케 하셨으므로 그가 이스라엘 자손의 뒤를 따르니 이스라엘 자손이 담대히 나갔음이라. 애굽 사람들과 바로의 말들, 병거들과 그 마병과 그 군대가 그들의 뒤를 따라 바알스본 맞은편 비하히롯 곁 해변 그 장막 친 데 미치니라. 바로가 가까와 올 때에 이스라엘 자손이 눈을 들어 본즉 애굽 사람들이 자기 뒤에 미친지라 이스라엘 자손이 심히 두려워하여 여호와께 부르짖고, 그들이 또 모세에게 이르되 애굽에 매장지가 없으므로 당신이 우리를 이끌어 내어 이 광야에서 죽게 하느뇨 어찌하여 당신이 우리를 애굽에서 이끌어 내어 이같이 우리에게 하느뇨, 우리가 애굽에서 당신에게 고한 말이 이것이 아니뇨 이르기를 우리를 버려 두라 우리가 애굽 사람을 섬길 것이라 하지 아니하더뇨 애굽 사람을 섬기는 것이 광야에서 죽는 것보다 낫겠노라. 모세가 백성에게 이르되 너희는 두려워 말고 가만히 서서 여호와께서 오늘날 너희를 위하여 행하시는 구원을 보라 너희가 오늘 본 애굽 사람을 또 다시는 영원히 보지 못하리라. 여호와께서 너희를 위하여 싸우시리니 너희는 가만히 있을지니라. 여호와께서 모세에게 이르시되 너는 어찌하여 내게 부르짖느뇨 이스라엘 자손을 명하여 앞으로 나가게 하고, 지팡이를 들고 손을 바다 위로 내밀어 그것으로 갈라지게 하라 이스라엘 자손이 바다 가운데 육지로 행하리라. 내가 애굽 사람들의 마음을 강퍅케 할 것인즉 그들이 그 뒤를 따라 들어갈 것이라 내가 바로와 그 모든 군대와 그 병거와 마병을 인하여 영광을 얻으리니, 내가 바로와 그 병거와 마병으로 인하여 영광을 얻을 때에야 애굽 사람들이 나를 여호와인 줄 알리라 하시더니, 이스라엘 진 앞에 행하던 하나님의 사자가 옮겨 그 뒤로 행하매 구름 기둥도 앞에서 그 뒤로 옮겨, 애굽 진과 이스라엘 진 사이에 이르러 서니 저편은 구름과 흑암이 있고 이편은 밤이 광명하므로 밤새도록 저편이 이편에 가까이 못하였더라. 모세가 바다 위로 손을 내어민대 여호와께서 큰 동풍으로 밤새도록 바닷물을 물러가게 하시니 물이 갈라져 바다가 마른 땅이 된지라. 이스라엘 자손이 바다 가운데 육지로 행하고 물은 그들의 좌우에 벽이 되니, 애굽 사람들과 바로의 말들, 병거들과 그 마병들이 다 그 뒤를 쫓아 바다 가운데로 들어오는지라. 새벽에 여호와께서 불 구름 기둥 가운데서 애굽 군대를 보시고 그 군대를 어지럽게 하시며, 그 병거 바퀴를 벗겨서 달리기에 극난하게 하시니 애굽 사람들이 가로되 이스라엘 앞에서 우리가 도망하자 여호와가 그들을 위하여 싸워 애굽 사람들을 치는도다. 여호와께서 모세에게 이르시되 네 손을 바다 위로 내어밀어 물이 애굽 사람들과 그 병거들과 마병들 위에 다시 흐르게 하라 하시니, 모세가 곧 손을 바다 위로 내어밀매 새벽에 미쳐 바다의 그 세력이 회복된지라 애굽 사람들이 물을 거스려 도망하나 여호와께서 애굽 사람들을 바다 가운데 엎으시니, 물이 다시 흘러 병거들과 기병들을 덮되 그들의 뒤를 쫓아 바다에 들어간 바로의 군대를 다 덮고 하나도 남기지 아니하였더라. 그러나 이스라엘 자손은 바다 가운데 육지로 행하였고 물이 좌우에 벽이 되었었더라. 그 날에 여호와께서 이같이 이스라엘을 애굽 사람의 손에서 구원하시매 이스라엘이 바닷가의 애굽 사람의 시체를 보았더라. 이스라엘이 여호와께서 애굽 사람들에게 베푸신 큰 일을 보았으므로 백성이 여호와를 경외하며 여호와와 그 종 모세를 믿었더라. | Z55: 미착수 | AA55: 미착수 | AB55: 미착수
A56: 55 | B56: R0055 | C56: 구약 | D56: 55 | E56: 15 | F56: ='안내'!$C$6+E56-1 | G56: =CHOOSE(WEEKDAY(F56,2),"월","화","수","목","금","토","일") | H56: 2 | I56: =INDEX('안내'!$C$11:$C$16,H56) | J56: 출애굽기 | K56: 출애굽기 15장 | L56: 27 | M56: 1 | N56: 1239 | O56: =ROUND(N56/'안내'!$C$7*60+M56*'안내'!$C$8,0) | P56: =TEXT(O56/86400,"m:ss") | Q56: =TEXT((O56+'안내'!$C$9+'안내'!$C$10)/86400,"m:ss") | R56: 장 끝 | S56: ='안내'!$C$5&" | 출애굽기 15장" | T56: ="#"&SUBSTITUTE('안내'!$C$5," ","")&" #성경읽기 #성경통독 #출애굽기 #개역한글" | U56: 출애굽기 15장 (개역한글) 성경 본문: 개역한글판 · 낭독: AI 음성 | V56: 자동 입력 · 대조 필요 | W56: 줄바꿈 띄어쓰기 확인 | X56: 율법서: 광야와 장막, 돌판, 저녁 하늘 | Y56: 출애굽기 15장. 이 때에 모세와 이스라엘 자손이 이 노래로 여호와께 노래하니 일렀으되 내가 여호와를 찬송하리니 그는 높고 영화로우심이요 말과 그 탄 자를 바다에 던지셨음이로다. 여호와는 나의 힘이요 노래시며 나의 구원이시로다. 그는 나의 하나님이시니 내가 그를 찬송할 것이요 내 아비의 하나님이시니 내가 그를 높이리로다. 여호와는 용사시니 여호와는 그의 이름이시로다. 그가 바로의 병거와 그 군대를 바다에 던지시니 그 택한 장관이 홍해에 잠겼고, 큰 물이 그들을 덮으니 그들이 돌처럼 깊음에 내렸도다. 여호와여 주의 오른손이 권능으로 영광을 나타내시니이다. 여호와여 주의 오른손이 원수를 부수시니이다. 주께서 주의 큰 위엄으로 주를 거스리는 자를 엎으시니이다. 주께서 진노를 발하시니 그 진노가 그들을 초개같이 사르니이다. 주의 콧김에 물이 쌓이되 파도가 언덕같이 일어서고 큰 물이 바다 가운데 엉기니이다. 대적의 말이 내가 쫓아 미쳐 탈취물을 나누리라, 내가 그들로 인하여 내 마음을 채우리라, 내가 내 칼을 빼리니 내 손이 그들을 멸하리라 하였으나, 주께서 주의 바람을 일으키시매 바다가 그들을 덮으니 그들이 흉용한 물에 납같이 잠겼나이다. 여호와여 신 중에 주와 같은 자 누구니이까 주와 같이 거룩함에 영광스러우며 찬송할 만한 위엄이 있으며 기이한 일을 행하는 자 누구니이까. 주께서 오른손을 드신즉 땅이 그들을 삼켰나이다. 주께서 그 구속하신 백성을 은혜로 인도하시되 주의 힘으로 그들을 주의 성결한 처소에 들어가게 하시나이다. 열방이 듣고 떨며 블레셋 거민이 두려움에 잡히며, 에돔 방백이 놀라고 모압 영웅이 떨림에 잡히며 가나안 거민이 다 낙담하나이다. 놀람과 두려움이 그들에게 미치매 주의 팔이 큼을 인하여 그들이 돌같이 고요하였사오되 여호와여 주의 백성이 통과하기까지 곧 주의 사신 백성이 통과하기까지였나이다. 주께서 백성을 인도하사 그들을 주의 기업의 산에 심으시리이다 여호와여 이는 주의 처소를 삼으시려고 예비하신 것이라 주여 이것이 주의 손으로 세우신 성소로소이다. 여호와의 다스리심이 영원 무궁하시도다 하였더라. 바로의 말과 병거와 마병이 함께 바다에 들어가매 여호와께서 바닷물로 그들 위에 돌이켜 흐르게 하셨으나 이스라엘 자손은 바다 가운데서 육지로 행한지라. 아론의 누이 선지자 미리암이 손에 소고를 잡으매 모든 여인도 그를 따라 나오며 소고를 잡고 춤추니, 미리암이 그들에게 화답하여 가로되 너희는 여호와를 찬송하라 그는 높고 영화로우심이요 말과 그 탄 자를 바다에 던지셨음이로다 하였더라. 모세가 홍해에서 이스라엘을 인도하매 그들이 나와서 수르 광야로 들어가서 거기서 사흘 길을 행하였으나물을 얻지 못하고, 마라에 이르렀더니 그 곳 물이 써서 마시지 못하겠으므로 그 이름을 마라라 하였더라. 백성이 모세를 대하여 원망하여 가로되 우리가 무엇을 마실까 하매, 모세가 여호와께 부르짖었더니 여호와께서 그에게 한 나무를 지시하시니 그가 물에 던지매 물이 달아졌더라. 거기서 여호와께서 그들을 위하여 법도와 율례를 정하시고 그들을 시험하실새, 가라사대 너희가 너희 하나님 나 여호와의 말을 청종하고 나의 보기에 의를 행하며 내 계명에 귀를 기울이며 내 모든 규례를 지키면 내가 애굽 사람에게 내린 모든 질병의 하나도 너희에게 내리지 아니하리니 나는 너희를 치료하는 여호와임이니라. 그들이 엘림에 이르니 거기 물샘 열둘과 종려 칠십 주가 있는지라 거기서 그들이 그 물 곁에 장막을 치니라. | Z56: 미착수 | AA56: 미착수 | AB56: 미착수
A57: 56 | B57: R0056 | C57: 구약 | D57: 56 | E57: 15 | F57: ='안내'!$C$6+E57-1 | G57: =CHOOSE(WEEKDAY(F57,2),"월","화","수","목","금","토","일") | H57: 3 | I57: =INDEX('안내'!$C$11:$C$16,H57) | J57: 출애굽기 | K57: 출애굽기 16장 1절 ~ 25절 | L57: 25 | M57: 1 | N57: 1271 | O57: =ROUND(N57/'안내'!$C$7*60+M57*'안내'!$C$8,0) | P57: =TEXT(O57/86400,"m:ss") | Q57: =TEXT((O57+'안내'!$C$9+'안내'!$C$10)/86400,"m:ss") | R57: 문장 끝 | S57: ='안내'!$C$5&" | 출애굽기 16장 1절 ~ 25절" | T57: ="#"&SUBSTITUTE('안내'!$C$5," ","")&" #성경읽기 #성경통독 #출애굽기 #개역한글" | U57: 출애굽기 16장 1절 ~ 25절 (개역한글) 성경 본문: 개역한글판 · 낭독: AI 음성 | V57: 자동 입력 · 대조 필요 | W57: 줄바꿈 띄어쓰기 확인 | X57: 율법서: 광야와 장막, 돌판, 저녁 하늘 | Y57: 출애굽기 16장. 이스라엘 자손의 온 회중이 엘림에서 떠나 엘림과 시내 산 사이 신 광야에 이르니 애굽에서 나온 후 제 이월 십오일이라. 이스라엘 온 회중이 그 광야에서 모세와 아론을 원망하여, 그들에게 이르되 우리가 애굽 땅에서 고기 가마 곁에 앉았던 때와 떡을 배불리 먹던 때에 여호와의 손에 죽었더면 좋았을 것을 너희가 이 광야로 우리를 인도하여 내어 이 온 회중으로 주려 죽게 하는도다. 때에 여호와께서 모세에게 이르시되 보라 내가 너희를 위하여 하늘에서 양식을 비같이 내리리니 백성이 나가서 일용할 것을 날마다 거둘 것이라 이같이 하여 그들이 나의 율법을 준행하나 아니하나 내가 시험하리라. 제 육 일에는 그들이 그 거둔 것을 예비할지니 날마다 거두던 것의 갑절이 되리라. 모세와 아론이 온 이스라엘 자손에게 이르되 저녁이 되면 너희가 여호와께서 너희를 애굽 땅에서 인도하여 내셨음을 알 것이요. 아침에는 너희가 여호와의 영광을 보리니 이는 여호와께서 너희가 자기를 향하여 원망함을 들으셨음이라 우리가 누구관대 너희가 우리를 대하여 원망하느냐. 모세가 또 가로되 여호와께서 저녁에는 너희에게 고기를 주어 먹이시고 아침에는 떡으로 배불리시리니 이는 여호와께서 자기를 향하여 너희의 원망하는 그 말을 들으셨음이니라. 우리가 누구냐 너희의 원망은 우리를 향하여 함이 아니요 여호와를 향하여 함이로다. 모세가 또 아론에게 이르되 이스라엘 자손의 온 회중에게 명하기를 여호와께 가까이 나아오라 여호와께서 너희의 원망함을 들으셨느니라. 하라. 아론이 이스라엘 자손의 온 회중에게 말하매 그들이 광야를 바라보니 여호와의 영광이 구름 속에 나타나더라. 여호와께서 모세에게 일러 가라사대, 내가 이스라엘 자손의 원망함을 들었노라. 그들에게 고하여 이르기를 너희가 해 질 때에는 고기를 먹고 아침에는 떡으로 배부르리니 나는 여호와 너희의 하나님인 줄 알리라. 하라 하시니라. 저녁에는 메추라기가 와서 진에 덮이고 아침에는 이슬이 진 사면에 있더니, 그 이슬이 마른 후에 광야 지면에 작고 둥글며 서리같이 세미한 것이 있는지라. 이스라엘 자손이 보고 그것이 무엇인지 알지 못하여 서로 이르되 이것이 무엇이냐 하니 모세가 그들에게 이르되 이는 여호와께서 너희에게 주어 먹게 하신 양식이라. 여호와께서 이같이 명하시기를 너희 각 사람의 식량대로 이것을 거둘지니 곧 너희 인수대로 매명에 한 오멜씩 취하되 각 사람이 그 장막에 있는 자들을 위하여 취할지니라. 하셨느니라. 이스라엘 자손이 그같이 하였더니 그 거둔 것이 많기도 하고 적기도 하나, 오멜로 되어 본즉 많이 거둔 자도 남음이 없고 적게 거둔 자도 부족함이 없이 각기 식량대로 거두었더라. 모세가 그들에게 이르기를 아무든지 아침까지 그것을 남겨 두지 말라 하였으나, 그들이 모세의 말을 청종치 아니하고 더러는 아침까지 두었더니 벌레가 생기고 냄새가 난지라 모세가 그들에게 노하니라. 무리가 아침마다 각기 식량대로 거두었고 해가 뜨겁게 쪼이면 그것이 스러졌더라. 제 육 일에는 각 사람이 갑절의 식물 곧 하나에 두 오멜씩 거둔지라 회중의 모든 두목이 와서 모세에게 고하매, 모세가 그들에게 이르되 여호와께서 이같이 말씀하셨느니라. 내일은 휴식이니 여호와께 거룩한 안식일이라 너희가 구울 것은 굽고 삶을 것은 삶고 그 나머지는 다 너희를 위하여 아침까지 간수하라. 그들이 모세의 명대로 아침까지 간수하였으나 냄새도 나지 아니하고 벌레도 생기지 아니한지라. 모세가 가로되 오늘은 그것을 먹으라 오늘은 여호와께 안식일인즉 오늘은 너희가 그것을 들에서 얻지 못하리라. | Z57: 미착수 | AA57: 미착수 | AB57: 미착수
A58: 57 | B58: R0057 | C58: 구약 | D58: 57 | E58: 15 | F58: ='안내'!$C$6+E58-1 | G58: =CHOOSE(WEEKDAY(F58,2),"월","화","수","목","금","토","일") | H58: 4 | I58: =INDEX('안내'!$C$11:$C$16,H58) | J58: 출애굽기 | K58: 출애굽기 16장 26절 ~ 17장 16절 | L58: 27 | M58: 2 | N58: 1241 | O58: =ROUND(N58/'안내'!$C$7*60+M58*'안내'!$C$8,0) | P58: =TEXT(O58/86400,"m:ss") | Q58: =TEXT((O58+'안내'!$C$9+'안내'!$C$10)/86400,"m:ss") | R58: 장 끝 | S58: ='안내'!$C$5&" | 출애굽기 16장 26절 ~ 17장 16절" | T58: ="#"&SUBSTITUTE('안내'!$C$5," ","")&" #성경읽기 #성경통독 #출애굽기 #개역한글" | U58: 출애굽기 16장 26절 ~ 17장 16절 (개역한글) 성경 본문: 개역한글판 · 낭독: AI 음성 | V58: 자동 입력 · 대조 필요 | W58: 줄바꿈 띄어쓰기 확인 | X58: 율법서: 광야와 장막, 돌판, 저녁 하늘 | Y58: 출애굽기 16장 26절부터. 육 일 동안은 너희가 그것을 거두되 제 칠 일은 안식일인즉 그 날에는 없으리라 하였으나, 제 칠 일에 백성 중 더러가 거두러 나갔다가 얻지 못하니라. 여호와께서 모세에게 이르시되 어느 때까지 너희가 내 계명과 내 율법을 지키지 아니하려느냐. 볼지어다. 여호와가 너희에게 안식일을 줌으로 제 육 일에는 이틀 양식을 너희에게 주는 것이니 너희는 각기 처소에 있고 제 칠 일에는 아무도 그 처소에서 나오지 말지니라. 그러므로 백성이 제 칠 일에 안식하니라. 이스라엘 족속이 그 이름을 만나라 하였으며 깟씨 같고도 희고 맛은 꿀 섞은 과자 같았더라. 모세가 가로되 여호와께서 이같이 명하시기를 이것을 오멜에 채워서 너의 대대 후손을 위하여 간수하라 이는 내가 너희를 애굽 땅에서 인도하여 낼 때에 광야에서 너희에게 먹인 양식을 그들에게 보이기 위함이니라. 하셨다 하고, 또 아론에게 이르되 항아리를 가져다가 그 속에 만나 한 오멜을 담아 여호와 앞에 두어 너희 대대로 간수하라. 아론이 여호와께서 모세에게 명하신 대로 그것을 증거판 앞에 두어 간수하게 하였고, 이스라엘 자손이 사람 사는 땅에 이르기까지 사십 년 동안 만나를 먹되 곧 가나안 지경에 이르기까지 그들이 만나를 먹었더라. 오멜은 에바 십분의 일이더라. 출애굽기 17장. 이스라엘 자손의 온 회중이 여호와의 명령대로 신 광야에서 떠나 그 노정대로 행하여 르비딤에 장막을 쳤으나 백성이 마실 물이 없는지라. 백성이 모세와 다투어 가로되 우리에게 물을 주어 마시게 하라 모세가 그들에게 이르되 너희가 어찌하여 나와 다투느냐 너희가 어찌하여 여호와를 시험하느냐. 거기서 백성이 물에 갈하매 그들이 모세를 대하여 원망하여 가로되 당신이 어찌하여 우리를 애굽에서 인도하여 내어서 우리와 우리 자녀와 우리 생축으로 목말라 죽게 하느냐. 모세가 여호와께 부르짖어 가로되 내가 이 백성에게 어떻게 하리이까 그들이 얼마 아니면 내게 돌질 하겠나이다. 여호와께서 모세에게 이르시되 백성 앞을 지나가서 이스라엘 장로들을 데리고 하수를 치던 네 지팡이를 손에 잡고 가라. 내가 거기서 호렙 산 반석 위에 너를 대하여 서리니 너는 반석을 치라 그것에서 물이 나리니 백성이 마시리라. 모세가 이스라엘 장로들의 목전에서 그대로 행하니라. 그가 그 곳 이름을 맛사라 또는 므리바라 불렀으니 이는 이스라엘 자손이 다투었음이요 또는 그들이 여호와를 시험하여 이르기를 여호와께서 우리 중에 계신가 아닌가 하였음이더라. 때에 아말렉이 이르러 이스라엘과 르비딤에서 싸우니라. 모세가 여호수아에게 이르되 우리를 위하여 사람들을 택하여 나가서 아말렉과 싸우라 내일 내가 하나님의 지팡이를 손에 잡고 산꼭대기에 서리라. 여호수아가 모세의 말대로 행하여 아말렉과 싸우고 모세와 아론과 훌은 산꼭대기에 올라가서, 모세가 손을 들면 이스라엘이 이기고 손을 내리면 아말렉이 이기더니, 모세의 팔이 피곤하매 그들이 돌을 가져다가 모세의 아래에 놓아 그로 그 위에 앉게 하고 아론과 훌이 하나는 이편에서, 하나는 저편에서 모세의 손을 붙들어 올렸더니 그 손이 해가 지도록 내려오지 아니한지라. 여호수아가 칼날로 아말렉과 그 백성을 쳐서 파하니라. 여호와께서 모세에게 이르시되 이것을 책에 기록하여 기념하게 하고 여호수아의 귀에 외워 들리라. 내가 아말렉을 도말하여 천하에서 기억함이 없게 하리라. 모세가 단을 쌓고 그 이름을 여호와 닛시라 하고, 가로되 여호와께서 맹세하시기를 여호와가 아말렉으로 더불어 대대로 싸우리라. 하셨다 하였더라. | Z58: 미착수 | AA58: 미착수 | AB58: 미착수
A59: 58 | B59: R0058 | C59: 구약 | D59: 58 | E59: 16 | F59: ='안내'!$C$6+E59-1 | G59: =CHOOSE(WEEKDAY(F59,2),"월","화","수","목","금","토","일") | H59: 1 | I59: =INDEX('안내'!$C$11:$C$16,H59) | J59: 출애굽기 | K59: 출애굽기 18장 1절 ~ 19장 12절 | L59: 39 | M59: 2 | N59: 1823 | O59: =ROUND(N59/'안내'!$C$7*60+M59*'안내'!$C$8,0) | P59: =TEXT(O59/86400,"m:ss") | Q59: =TEXT((O59+'안내'!$C$9+'안내'!$C$10)/86400,"m:ss") | R59: 문장 끝 | S59: ='안내'!$C$5&" | 출애굽기 18장 1절 ~ 19장 12절" | T59: ="#"&SUBSTITUTE('안내'!$C$5," ","")&" #성경읽기 #성경통독 #출애굽기 #개역한글" | U59: 출애굽기 18장 1절 ~ 19장 12절 (개역한글) 성경 본문: 개역한글판 · 낭독: AI 음성 | V59: 자동 입력 · 대조 필요 | W59: 줄바꿈 띄어쓰기 확인 | X59: 율법서: 광야와 장막, 돌판, 저녁 하늘 | Y59: 출애굽기 18장. 모세의 장인 미디안 제사장 이드로가 하나님이 모세에게와 자기 백성 이스라엘에게 하신 일 곧 여호와께서 이스라엘을 애굽에서 인도하여 내신 모든 일을 들으니라. 모세의 장인 이드로가 모세가 돌려 보내었던 그의 아내 십보라와, 그 두 아들을 데렸으니 그 하나의 이름은 게르솜이라 이는 모세가 이르기를 내가 이방에서 객이 되었다 함이요. 하나의 이름은 엘리에셀이라 이는 내 아버지의 하나님이 나를 도우사 바로의 칼에서 구원하셨다 함이더라. 모세의 장인 이드로가 모세의 아들들과 그 아내로 더불어 광야에 들어와 모세에게 이르니 곧 모세가 하나님의 산에 진 친 곳이라. 그가 모세에게 전언하되 그대의 장인 나 이드로가 그대의 아내와 그와 함께한 그 두 아들로 더불어 그대에게 왔노라. 모세가 나가서 그 장인을 맞아 절하고 그에게 입맞추고 그들이 서로 문안하고 함께 장막에 들어가서, 모세가 여호와께서 이스라엘을 위하여 바로와 애굽 사람에게 행하신 모든 일과 길에서 그들의 당한 모든 고난과 여호와께서 그들을 구원하신 일을 다 그 장인에게 고하매, 이드로가 여호와께서 이스라엘에게 모든 은혜를 베푸사 애굽 사람의 손에서 구원하심을 기뻐하여, 가로되 여호와를 찬송하리로다. 너희를 애굽 사람의 손에서와 바로의 손에서 건져내시고 백성을 애굽 사람의 손 밑에서 건지셨도다. 이제 내가 알았도다. 여호와는 모든 신보다 크시므로 이스라엘에게 교만히 행하는 그들을 이기셨도다 하고, 모세의 장인 이드로가 번제물과 희생을 하나님께 가져오매 아론과 이스라엘 모든 장로가 와서 모세의 장인과 함께 하나님 앞에서 떡을 먹으니라. 이튿날에 모세가 백성을 재판하느라고 앉았고 백성은 아침부터 저녁까지 모세의 곁에 섰는지라. 모세의 장인이 모세가 백성에게 행하는 모든 일을 보고 가로되 그대가 이 백성에게 행하는 이 일이 어찜이뇨 어찌하여 그대는 홀로 앉았고 백성은 아침부터 저녁까지 그대의 곁에 섰느뇨, 모세가 그 장인에게 대답하되 백성이 하나님께 물으려고 내게로 옴이라. 그들이 일이 있으면 내게로 오나니 내가 그 양편을 판단하여 하나님의 율례와 법도를 알게 하나이다. 모세의 장인이 그에게 이르되 그대의 하는 것이 선하지 못하도다. 그대와 그대와 함께한 이 백성이 필연 기력이 쇠하리니 이 일이 그대에게 너무 중함이라 그대가 혼자 할 수 없으리라. 이제 내 말을 들으라 내가 그대에게 방침을 가르치리니 하나님이 그대와 함께 계실지로다. 그대는 백성을 위하여 하나님 앞에 있어서 소송을 하나님께 베풀며, 그들에게 율례와 법도를 가르쳐서 마땅히 갈 길과 할 일을 그들에게 보이고, 그대는 또 온 백성 가운데서 재덕이 겸전한 자 곧 하나님을 두려워하며 진실무망하며 불의한 이를 미워하는 자를 빼서 백성 위에 세워 천부장과 백부장과 오십부장과 십부장을 삼아, 그들로 때를 따라 백성을 재판하게 하라 무릇 큰 일이면 그대에게 베풀 것이고 무릇 작은 일이면 그들이 스스로 재판할 것이니 그리하면 그들이 그대와 함께 담당할 것인즉 일이 그대에게 쉬우리라. 그대가 만일 이 일을 하고 하나님께서도 그대에게 인가하시면 그대가 이 일을 감당하고 이 모든 백성도 자기 곳으로 평안히 가리라. 이에 모세가 자기 장인의 말을 듣고 그 모든 말대로 하여, 이스라엘 무리 중에서 재덕이 겸전한 자를 빼서 그들로 백성의 두목 곧 천부장과 백부장과 오십부장과 십부장을 삼으매, 그들이 때를 따라 백성을 재판하되 어려운 일은 모세에게 베풀고 쉬운 일은 자단하더라. 모세가 그 장인을 보내니 그가 자기 고향으로 돌아가니라. 출애굽기 19장. 이스라엘 자손이 애굽 땅에서 나올 때부터 제 삼 월 곧 그 때에 그들이 시내 광야에 이르니라. 그들이 르비딤을 떠나 시내 광야에 이르러 그 광야에 장막을 치되 산 앞에 장막을 치니라. 모세가 하나님 앞에 올라가니 여호와께서 산에서 그를 불러 가라사대 너는 이같이 야곱 족속에게 이르고 이스라엘 자손에게 고하라. 나의 애굽 사람에게 어떻게 행하였음과 내가 어떻게 독수리 날개로 너희를 업어 내게로 인도하였음을 너희가 보았느니라. 세계가 다 내게 속하였나니 너희가 내 말을 잘 듣고 내 언약을 지키면 너희는 열국 중에서 내 소유가 되겠고, 너희가 내게 대하여 제사장 나라가 되며 거룩한 백성이 되리라. 너는 이 말을 이스라엘 자손에게 고할지니라. 모세가 와서 백성의 장로들을 불러 여호와께서 자기에게 명하신 그 모든 말씀을 그 앞에 진술하니, 백성이 일제히 응답하여 가로되 여호와의 명하신 대로 우리가 다 행하리이다 모세가 백성의 말로 여호와께 회보하매, 여호와께서 모세에게 이르시되 내가 빽빽한 구름 가운데서 네게 임함은 내가 너와 말하는 것을 백성으로 듣게 하며 또한 너를 영영히 믿게 하려 함이니라. 모세가 백성의 말로 여호와께 고하였으므로, 여호와께서 모세에게 이르시되 너는 백성에게로 가서 오늘과 내일 그들을 성결케 하며 그들로 옷을 빨고, 예비하여 제 삼 일을 기다리게 하라 이는 제 삼 일에 나 여호와가 온 백성의 목전에 시내 산에 강림할 것임이니, 너는 백성을 위하여 사면으로 지경을 정하고 이르기를 너희는 삼가 산에 오르거나 그 지경을 범하지 말지니 산을 범하는 자는 정녕 죽임을 당할 것이라. | Z59: 미착수 | AA59: 미착수 | AB59: 미착수
A60: 59 | B60: R0059 | C60: 구약 | D60: 59 | E60: 16 | F60: ='안내'!$C$6+E60-1 | G60: =CHOOSE(WEEKDAY(F60,2),"월","화","수","목","금","토","일") | H60: 2 | I60: =INDEX('안내'!$C$11:$C$16,H60) | J60: 출애굽기 | K60: 출애굽기 19장 13절 ~ 20장 26절 | L60: 39 | M60: 2 | N60: 1531 | O60: =ROUND(N60/'안내'!$C$7*60+M60*'안내'!$C$8,0) | P60: =TEXT(O60/86400,"m:ss") | Q60: =TEXT((O60+'안내'!$C$9+'안내'!$C$10)/86400,"m:ss") | R60: 장 끝 | S60: ='안내'!$C$5&" | 출애굽기 19장 13절 ~ 20장 26절" | T60: ="#"&SUBSTITUTE('안내'!$C$5," ","")&" #성경읽기 #성경통독 #출애굽기 #개역한글" | U60: 출애굽기 19장 13절 ~ 20장 26절 (개역한글) 성경 본문: 개역한글판 · 낭독: AI 음성 | V60: 자동 입력 · 대조 필요 | W60: 줄바꿈 띄어쓰기 확인 | X60: 율법서: 광야와 장막, 돌판, 저녁 하늘 | Y60: 출애굽기 19장 13절부터. 손을 그에게 댐이 없이 그런 자는 돌에 맞아 죽임을 당하거나 살에 쐬어 죽임을 당하리니 짐승이나 사람을 무론하고 살지 못하리라. 나팔을 길게 불거든 산 앞에 이를 것이니라. 하라. 모세가 산에서 내려 백성에게 이르러 백성으로 성결케 하니 그들이 자기 옷을 빨더라. 모세가 백성에게 이르되 예비하여 제 삼 일을 기다리고 여인을 가까이 말라 하니라. 제 삼 일 아침에 우뢰와 번개와 빽빽한 구름이 산 위에 있고 나팔 소리가 심히 크니 진중 모든 백성이 다 떨더라. 모세가 하나님을 맞으려고 백성을 거느리고 진에서 나오매 그들이 산 기슭에 섰더니, 시내 산에 연기가 자욱하니 여호와께서 불 가운데서 거기 강림하심이라 그 연기가 옹기점 연기같이 떠오르고 온 산이 크게 진동하며, 나팔 소리가 점점 커질 때에 모세가 말한즉 하나님이 음성으로 대답하시더라. 여호와께서 시내 산 곧 그 산꼭대기에 강림하시고 그리로 모세를 부르시니 모세가 올라가매, 여호와께서 모세에게 이르시되 내려가서 백성을 신칙하라 백성이 돌파하고 나 여호와께로 와서 보려고 하다가 많이 죽을까 하노라. 또 여호와께 가까이 하는 제사장들로 그 몸을 성결히 하게 하라 나 여호와가 그들을 돌격할까 하노라. 모세가 여호와께 고하되 주께서 우리에게 명하여 이르시기를 산 사면에 지경을 세워 산을 거룩하게 하라 하셨사온즉 백성이 시내 산에 오르지 못하리이다. 여호와께서 그에게 이르시되 가라 너는 내려가서 아론과 함께 올라오고 제사장들과 백성에게는 돌파하고 나 여호와에게로 올라오지 못하게 하라 내가 그들을 돌격할까 하노라. 모세가 백성에게 내려가서 그들에게 고하니라. 출애굽기 20장. 하나님이 이 모든 말씀으로 일러 가라사대, 나는 너를 애굽 땅, 종 되었던 집에서 인도하여 낸 너의 하나님 여호와로라. 너는 나 외에는 다른 신들을 네게 있게 말지니라. 너를 위하여 새긴 우상을 만들지 말고 또 위로 하늘에 있는 것이나 아래로 땅에 있는 것이나 땅 아래 물 속에 있는 것의 아무 형상이든지 만들지 말며, 그것들에게 절하지 말며 그것들을 섬기지 말라 나 여호와 너의 하나님은 질투하는 하나님인즉 나를 미워하는 자의 죄를 갚되 아비로부터 아들에게로 삼 사대까지 이르게 하거니와, 나를 사랑하고 내 계명을 지키는 자에게는 천대까지 은혜를 베푸느니라. 너는 너의 하나님 여호와의 이름을 망령되이 일컫지 말라 나 여호와는 나의 이름을 망령되이 일컫는 자를 죄 없다 하지 아니하리라. 안식일을 기억하여 거룩히 지키라. 엿새 동안은 힘써 네 모든 일을 행할 것이나, 제 칠 일은 너의 하나님 여호와의 안식일인즉 너나 네 아들이나 네 딸이나 네 남종이나 네 여종이나 네 육축이나 네 문 안에 유하는 객이라도 아무 일도 하지 말라. 이는 엿새 동안에 나 여호와가 하늘과 땅과 바다와 그 가운데 모든 것을 만들고 제 칠 일에 쉬었음이라 그러므로 나 여호와가 안식일을 복되게 하여 그 날을 거룩하게 하였느니라. 네 부모를 공경하라 그리하면 너의 하나님 나 여호와가 네게 준 땅에서 네 생명이 길리라. 살인하지 말지니라. 간음하지 말지니라. 도적질하지 말지니라. 네 이웃에 대하여 거짓 증거하지 말지니라. 네 이웃의 집을 탐내지 말지니라. 네 이웃의 아내나 그의 남종이나 그의 여종이나 그의 소나 그의 나귀나 무릇 네 이웃의 소유를 탐내지 말지니라. 뭇 백성이 우뢰와 번개와 나팔 소리와 산의 연기를 본지라 그들이 볼 때에 떨며 멀리 서서, 모세에게 이르되 당신이 우리에게 말씀하소서. 우리가 들으리이다 하나님이 우리에게 말씀하시지 말게 하소서. 우리가 죽을까 하나이다. 모세가 백성에게 이르되 두려워 말라 하나님이 강림하심은 너희를 시험하고 너희로 경외하여 범죄치 않게 하려 하심이니라. 백성은 멀리 섰고 모세는 하나님의 계신 암흑으로 가까이 가니라. 여호와께서 모세에게 이르시되 너는 이스라엘 자손에게 이같이 이르라 내가 하늘에서부터 너희에게 말하는 것을 너희가 친히 보았으니, 너희는 나를 비겨서 은으로 신상이나 금으로 신상을 너희를 위하여 만들지 말고, 내게 토단을 쌓고 그 위에 너의 양과 소로 너의 번제와 화목제를 드리라. 내가 무릇 내 이름을 기념하게 하는 곳에서 네게 강림하여 복을 주리라. 네가 내게 돌로 단을 쌓거든 다듬은 돌로 쌓지 말라 네가 정으로 그것을 쪼면 부정하게 함이니라. 너는 층계로 내 단에 오르지 말라 네 하체가 그 위에서 드러날까 함이니라. | Z60: 미착수 | AA60: 미착수 | AB60: 미착수
A61: 60 | B61: R0060 | C61: 구약 | D61: 60 | E61: 16 | F61: ='안내'!$C$6+E61-1 | G61: =CHOOSE(WEEKDAY(F61,2),"월","화","수","목","금","토","일") | H61: 3 | I61: =INDEX('안내'!$C$11:$C$16,H61) | J61: 출애굽기 | K61: 출애굽기 21장 | L61: 36 | M61: 1 | N61: 1311 | O61: =ROUND(N61/'안내'!$C$7*60+M61*'안내'!$C$8,0) | P61: =TEXT(O61/86400,"m:ss") | Q61: =TEXT((O61+'안내'!$C$9+'안내'!$C$10)/86400,"m:ss") | R61: 장 끝 | S61: ='안내'!$C$5&" | 출애굽기 21장" | T61: ="#"&SUBSTITUTE('안내'!$C$5," ","")&" #성경읽기 #성경통독 #출애굽기 #개역한글" | U61: 출애굽기 21장 (개역한글) 성경 본문: 개역한글판 · 낭독: AI 음성 | V61: 자동 입력 · 대조 필요 | W61: 줄바꿈 띄어쓰기 확인 | X61: 율법서: 광야와 장막, 돌판, 저녁 하늘 | Y61: 출애굽기 21장. 네가 백성 앞에 세울 율례는 이러하니라. 네가 히브리 종을 사면 그가 육 년 동안 섬길 것이요 제 칠 년에는 값없이 나가 자유할 것이며, 그가 단신으로 왔으면 단신으로 나갈 것이요 장가들었으면 그 아내도 그와 함께 나가려니와, 상전이 그에게 아내를 줌으로 그 아내가 남녀간 낳았으면 그 아내와 그 자식들은 상전에게 속할 것이요 그는 단신으로 나갈 것이로되, 종이 진정으로 말하기를 내가 상전과 내 처자를 사랑하니 나가서 자유하지 않겠노라. 하면, 상전이 그를 데리고 재판장에게로 갈 것이요 또 그를 문이나 문설주 앞으로 데리고 가서 그것에다가 송곳으로 그 귀를 뚫을 것이라 그가 영영히 그 상전을 섬기리라. 사람이 그 딸을 여종으로 팔았으면 그는 남종같이 나오지 못할지며, 만일 상전이 그를 기뻐 아니하여 상관치 아니하면 그를 속신케 할 것이나 그 여자를 속임이 되었으니 타국인에게 팔지 못할 것이요. 만일 그를 자기 아들에게 주기로 하였으면 그를 딸같이 대접할 것이요. 만일 상전이 달리 장가들지라도 그의 의복과 음식과 동침하는 것은 끊지 못할 것이요. 이 세 가지를 시행하지 아니하면 그는 속전을 내지 않고 거저 나가게 할 것이니라. 사람을 쳐죽인 자는 반드시 죽일 것이나, 만일 사람이 계획함이 아니라. 나 하나님이 사람을 그 손에 붙임이면 내가 위하여 한 곳을 정하리니 그 사람이 그리로 도망할 것이며, 사람이 그 이웃을 짐짓 모살하였으면 너는 그를 내 단에서라도 잡아내려 죽일지니라. 자기 아비나 어미를 치는 자는 반드시 죽일지니라. 사람을 후린 자가 그 사람을 팔았든지 자기 수하에 두었든지 그를 반드시 죽일지니라. 그 아비나 어미를 저주하는 자는 반드시 죽일지니라. 사람이 서로 싸우다가 하나가 돌이나 주먹으로 그 적수를 쳤으나 그가 죽지 않고 자리에 누웠다가, 지팡이를 짚고 기동하면 그를 친 자가 형벌은 면하되 기간 손해를 배상하고 그로 전치되게 할지니라. 사람이 매로 그 남종이나 여종을 쳐서 당장에 죽으면 반드시 형벌을 받으려니와, 그가 일 일이나 이 일을 연명하면 형벌을 면하리니 그는 상전의 금전임이니라. 사람이 서로 싸우다가 아이 밴 여인을 다쳐 낙태케 하였으나 다른 해가 없으면 그 남편의 청구대로 반드시 벌금을 내되 재판장의 판결을 좇아 낼 것이니라. 그러나 다른 해가 있으면 갚되 생명은 생명으로, 눈은 눈으로, 이는 이로, 손은 손으로, 발은 발로, 데운 것은 데움으로, 상하게 한 것은 상함으로, 때린 것은 때림으로 갚을지니라. 사람이 그 남종의 한 눈이나 여종의 한 눈을 쳐서 상하게 하면 그 눈 대신에 그를 놓을 것이며, 그 남종의 한 이나 여종의 한 이를 쳐서 빠뜨리면 그 이 대신에 그를 놓을지니라. 소가 남자나 여자를 받아서 죽이면 그 소는 반드시 돌에 맞아 죽을 것이요 그 고기는 먹지 말 것이며 임자는 형벌을 면하려니와, 소는 본래 받는 버릇이 있고 그 임자는 그로 인하여 경고를 받았으되 단속하지 아니하므로 남녀간에 받아 죽이면 그 소는 돌로 쳐죽일 것이고 임자도 죽일 것이며, 만일 그에게 속죄금을 명하면 무릇 그 명한 것을 생명의 속으로 낼 것이요. 아들을 받든지 딸을 받든지 이 율례대로 그 임자에게 행할 것이며, 소가 만일 남종이나 여종을 받으면 소 임자가 은 삼십 세겔을 그 상전에게 줄 것이요 소는 돌에 맞아 죽을지니라. 사람이 구덩이를 열어 두거나 구덩이를 파고 덮지 아니함으로 소나 나귀가 거기 빠지면, 그 구덩이 주인이 잘 조처하여 짐승의 임자에게 돈을 줄 것이요 죽은 것은 그의 차지가 될지니라. 이 사람의 소가 저 사람의 소를 받아 죽이면 산 소를 팔아 그 값을 반분하고 죽은 것도 반분하려니와, 그 소가 본래 받는 버릇이 있는 줄을 알고도 그 임자가 단속하지 아니하였으면 그는 소로 소를 갚을 것이요 죽은 것은 그의 차지가 될지니라. | Z61: 미착수 | AA61: 미착수 | AB61: 미착수
A62: 61 | B62: R0061 | C62: 구약 | D62: 61 | E62: 16 | F62: ='안내'!$C$6+E62-1 | G62: =CHOOSE(WEEKDAY(F62,2),"월","화","수","목","금","토","일") | H62: 4 | I62: =INDEX('안내'!$C$11:$C$16,H62) | J62: 출애굽기 | K62: 출애굽기 22장 | L62: 31 | M62: 1 | N62: 1235 | O62: =ROUND(N62/'안내'!$C$7*60+M62*'안내'!$C$8,0) | P62: =TEXT(O62/86400,"m:ss") | Q62: =TEXT((O62+'안내'!$C$9+'안내'!$C$10)/86400,"m:ss") | R62: 장 끝 | S62: ='안내'!$C$5&" | 출애굽기 22장" | T62: ="#"&SUBSTITUTE('안내'!$C$5," ","")&" #성경읽기 #성경통독 #출애굽기 #개역한글" | U62: 출애굽기 22장 (개역한글) 성경 본문: 개역한글판 · 낭독: AI 음성 | V62: 자동 입력 · 대조 필요 | W62: 줄바꿈 띄어쓰기 확인 | X62: 율법서: 광야와 장막, 돌판, 저녁 하늘 | Y62: 출애굽기 22장. 사람이 소나 양을 도적질하여 잡거나 팔면 그는 소 하나에 소 다섯으로 갚고 양 하나에 양 넷으로 갚을지니라. 도적이 뚫고 들어옴을 보고 그를 쳐죽이면 피 흘린 죄가 없으나, 해돋은 후이면 피 흘린 죄가 있으리라. 도적은 반드시 배상할 것이나 배상할 것이 없으면 그 몸을 팔아 그 도적질한 것을 배상할 것이요. 도적질한 것이 살아 그 손에 있으면 소나 나귀나 양을 무론하고 갑절을 배상할지니라. 사람이 밭에서나 포도원에서 먹이다가 그 짐승을 놓아서 남의 밭에서 먹게 하면 자기 밭의 제일 좋은 것과 자기 포도원의 제일 좋은 것으로 배상할지니라. 불이 나서 가시나무에 미쳐 낟가리나 거두지 못한 곡식이나 전원을 태우면 불 놓은 자가 반드시 배상할지니라. 사람이 돈이나 물품을 이웃에게 맡겨 지키게 하였다가 그 이웃의 집에서 봉적하였는데 그 도적이 잡히면 갑절을 배상할 것이요. 도적이 잡히지 아니하면 그 집 주인이 재판장 앞에 가서 자기가 그 이웃의 물품에 손 댄 여부의 조사를 받을 것이며, 어떠한 과실에든지 소에든지 나귀에든지 양에든지 의복에든지 또는 아무 잃은 물건에든지 그것에 대하여 혹이 이르기를 이것이 그것이라 하면 두 편이 재판장 앞에 나아갈 것이요 재판장이 죄 있다고 하는 자가 그 상대편에게 갑절을 배상할지니라. 사람이 나귀나 소나 양이나 다른 짐승을 이웃에게 맡겨 지키게 하였다가 죽거나 상하거나 몰려 가도 본 사람이 없으면, 두 사람 사이에 맡은 자가 이웃의 것에 손을 대지 아니하였다고 여호와로 맹세할 것이요 그 임자는 그대로 믿을 것이며 그 사람은 배상하지 아니하려니와, 만일 자기에게서 봉적하였으면 그 임자에게 배상할 것이며, 만일 찢겼으면 그것을 가져다가 증거할 것이요 그 찢긴 것에 대하여 배상하지 않을지니라. 만일 이웃에게 빌어온 것이 그 임자가 함께 있지 아니할 때에 상하거나 죽으면 반드시 배상하려니와, 그 임자가 그것과 함께 하였으면 배상하지 않을지며 세 낸 것도 세를 위하여 왔은즉 배상하지 않을지니라. 사람이 정혼하지 아니한 처녀를 꾀어 동침하였으면 빙폐를 드려 아내로 삼을 것이요. 만일 그 아비가 그로 그에게 주기를 거절하면 그는 처녀에게 빙폐하는 일례로 돈을 낼지니라. 너는 무당을 살려 두지 말지니라. 짐승과 행음하는 자는 반드시 죽일지니라. 여호와 외에 다른 신에게 희생을 드리는 자는 멸할지니라. 너는 이방 나그네를 압제하지 말며 그들을 학대하지 말라 너희도 애굽 땅에서 나그네이었었음이니라. 너는 과부나 고아를 해롭게 하지 말라. 네가 만일 그들을 해롭게 하므로 그들이 내게 부르짖으면 내가 반드시 그 부르짖음을 들을지라. 나의 노가 맹렬하므로 내가 칼로 너희를 죽이리니 너희 아내는 과부가 되고 너희 자녀는 고아가 되리라. 네가 만일 너와 함께한 나의 백성 중 가난한 자에게 돈을 꾸이거든 너는 그에게 채주같이 하지 말며 변리를 받지 말 것이며, 네가 만일 이웃의 옷을 전당 잡거든 해가 지기 전에 그에게 돌려 보내라. 그 몸을 가릴 것이 이뿐이라 이는 그 살의 옷인즉 그가 무엇을 입고 자겠느냐 그가 내게 부르짖으면 내가 들으리니 나는 자비한 자임이니라. 너는 재판장을 욕하지 말며 백성의 유사를 저주하지 말지니라. 너는 너의 추수한 것과 너의 짜낸 즙을 드리기에 더디게 말지며 너의 처음 난 아들들을 내게 줄지며, 너의 소와 양도 그 일례로 하되 칠 일 동안 어미와 함께 있게 하다가 팔 일 만에 내게 줄지니라. 너희는 내게 거룩한 사람이 될지니 들에서 짐승에게 찢긴 것의 고기를 먹지 말고 개에게 던질지니라. | Z62: 미착수 | AA62: 미착수 | AB62: 미착수
A63: 62 | B63: R0062 | C63: 구약 | D63: 62 | E63: 17 | F63: ='안내'!$C$6+E63-1 | G63: =CHOOSE(WEEKDAY(F63,2),"월","화","수","목","금","토","일") | H63: 1 | I63: =INDEX('안내'!$C$11:$C$16,H63) | J63: 출애굽기 | K63: 출애굽기 23장 | L63: 33 | M63: 1 | N63: 1341 | O63: =ROUND(N63/'안내'!$C$7*60+M63*'안내'!$C$8,0) | P63: =TEXT(O63/86400,"m:ss") | Q63: =TEXT((O63+'안내'!$C$9+'안내'!$C$10)/86400,"m:ss") | R63: 장 끝 | S63: ='안내'!$C$5&" | 출애굽기 23장" | T63: ="#"&SUBSTITUTE('안내'!$C$5," ","")&" #성경읽기 #성경통독 #출애굽기 #개역한글" | U63: 출애굽기 23장 (개역한글) 성경 본문: 개역한글판 · 낭독: AI 음성 | V63: 자동 입력 · 대조 필요 | W63: 줄바꿈 띄어쓰기 확인 | X63: 율법서: 광야와 장막, 돌판, 저녁 하늘 | Y63: 출애굽기 23장. 너는 허망한 풍설을 전파하지 말며 악인과 연합하여 무함하는 증인이 되지 말며, 다수를 따라 악을 행하지 말며 송사에 다수를 따라 부정당한 증거를 하지 말며, 가난한 자의 송사라고 편벽되이 두호하지 말지니라. 네가 만일 네 원수의 길 잃은 소나 나귀를 만나거든 반드시 그 사람에게로 돌릴지며, 네가 만일 너를 미워하는 자의 나귀가 짐을 싣고 엎드러짐을 보거든 삼가 버려 두지 말고 그를 도와 그 짐을 부리울지니라. 너는 가난한 자의 송사라고 공평치 않게 하지 말며, 거짓 일을 멀리하며 무죄한 자와 의로운 자를 죽이지 말라 나는 악인을 의롭다 하지 아니하겠노라. 너는 뇌물을 받지 말라 뇌물은 밝은 자의 눈을 어둡게 하고 의로운 자의 말을 굽게 하느니라. 너는 이방 나그네를 압제하지 말라 너희가 애굽 땅에서 나그네 되었었은즉 나그네의 정경을 아느니라. 너는 육 년 동안은 너의 땅에 파종하여 그 소산을 거두고, 제 칠 년에는 갈지 말고 묵여 두어서 네 백성의 가난한 자로 먹게 하라 그 남은 것은 들짐승이 먹으리라. 너의 포도원과 감람원도 그리할지니라. 너는 육 일 동안에 네 일을 하고 제 칠 일에는 쉬라 네 소와 나귀가 쉴 것이며 네 계집종의 자식과 나그네가 숨을 돌리리라. 내가 네게 이른 모든 일을 삼가 지키고 다른 신들의 이름은 부르지도 말며 네 입에서 들리게도 말지니라. 너는 매년 삼 차 내게 절기를 지킬지니라. 너는 무교병의 절기를 지키라 내가 네게 명한 대로 아빕월의 정한 때에 칠 일 동안 무교병을 먹을지니 이는 그 달에 네가 애굽에서 나왔음이라 빈 손으로 내게 보이지 말지니라. 맥추절을 지키라 이는 네가 수고하여 밭에 뿌린 것의 첫 열매를 거둠이니라. 수장절을 지키라 이는 네가 수고하여 이룬 것을 연종에 밭에서부터 거두어 저장함이니라. 너의 모든 남자는 매년 세 번씩 주 여호와께 보일지니라. 너는 내 희생의 피를 유교병과 함께 드리지 말며 내 절기 희생의 기름을 아침까지 남겨 두지 말지니라. 너의 토지에서 처음 익은 열매의 첫 것을 가져다가 너의 하나님 여호와의 전에 드릴지니라. 너는 염소 새끼를 그 어미의 젖으로 삶지 말지니라. 내가 사자를 네 앞서 보내어 길에서 너를 보호하여 너로 내가 예비한 곳에 이르게 하리니, 너희는 삼가 그 목소리를 청종하고 그를 노엽게 하지 말라 그가 너희 허물을 사하지 아니할 것은 내 이름이 그에게 있음이니라. 네가 그 목소리를 잘 청종하고 나의 모든 말대로 행하면 내가 네 원수에게 원수가 되고 네 대적에게 대적이 될지라. 나의 사자가 네 앞서 가서 너를 아모리 사람과 헷 사람과 브리스 사람과 가나안 사람과 히위 사람과 여부스 사람에게로 인도하고 나는 그들을 끊으리니, 너는 그들의 신을 숭배하지 말며 섬기지 말며 그들의 소위를 본받지 말고 그것들을 다 훼파하며 그 주상을 타파하고, 너의 하나님 여호와를 섬기라 그리하면 여호와가 너희의 양식과 물에 복을 내리고 너희 중에 병을 제하리니, 네 나라에 낙태하는 자가 없고 잉태치 못하는 자가 없을 것이라 내가 너의 날 수를 채우리라. 내가 내 위엄을 네 앞서 보내어 너의 이를 곳의 모든 백성을 파하고 너의 모든 원수로 너를 등지게 할 것이며, 내가 왕벌을 네 앞에 보내리니 그 벌이 히위 족속과 가나안 족속과 헷 족속을 네 앞에서 쫓아내리라. 그러나 그 땅이 황무하게 되어 들짐승이 번성하여 너희를 해할까 하여 일 년 안에는 그들을 네 앞에서 쫓아내지 아니하고, 네가 번성하여 그 땅을 기업으로 얻을 때까지 내가 그들을 네 앞에서 조금씩 쫓아내리라. 내가 너의 지경을 홍해에서부터 블레셋 바다까지, 광야에서부터 하수까지 정하고 그 땅의 거민을 네 손에 붙이리니 네가 그들을 네 앞에서 쫓아낼지라. 너는 그들과 그들의 신과 언약하지 말라. 그들이 네 땅에 머무르지 못할 것은 그들이 너로 내게 범죄케 할까 두려움이라 네가 그 신을 섬기면 그것이 너의 올무가 되리라. | Z63: 미착수 | AA63: 미착수 | AB63: 미착수
A64: 63 | B64: R0063 | C64: 구약 | D64: 63 | E64: 17 | F64: ='안내'!$C$6+E64-1 | G64: =CHOOSE(WEEKDAY(F64,2),"월","화","수","목","금","토","일") | H64: 2 | I64: =INDEX('안내'!$C$11:$C$16,H64) | J64: 출애굽기 | K64: 출애굽기 24~25장 | L64: 58 | M64: 2 | N64: 1855 | O64: =ROUND(N64/'안내'!$C$7*60+M64*'안내'!$C$8,0) | P64: =TEXT(O64/86400,"m:ss") | Q64: =TEXT((O64+'안내'!$C$9+'안내'!$C$10)/86400,"m:ss") | R64: 장 끝 | S64: ='안내'!$C$5&" | 출애굽기 24~25장" | T64: ="#"&SUBSTITUTE('안내'!$C$5," ","")&" #성경읽기 #성경통독 #출애굽기 #개역한글" | U64: 출애굽기 24~25장 (개역한글) 성경 본문: 개역한글판 · 낭독: AI 음성 | V64: 자동 입력 | X64: 율법서: 광야와 장막, 돌판, 저녁 하늘 | Y64: 출애굽기 24장. 또 모세에게 이르시되 너는 아론과 나답과 아비후와 이스라엘 장로 칠십 인과 함께 여호와에게로 올라와 멀리서 경배하고, 너 모세만 여호와에게 가까이 나아오고 그들은 가까이 나아오지 말며 백성은 너와 함께 올라오지 말지니라. 모세가 와서 여호와의 모든 말씀과 그 모든 율례를 백성에게 고하매 그들이 한소리로 응답하여 가로되 여호와의 명하신 모든 말씀을 우리가 준행하리이다. 모세가 여호와의 모든 말씀을 기록하고 이른 아침에 일어나 산 아래 단을 쌓고 이스라엘 십이 지파대로 열두 기둥을 세우고, 이스라엘 자손의 청년들을 보내어 번제와 소로 화목제를 여호와께 드리게 하고, 모세가 피를 취하여 반은 여러 양푼에 담고 반은 단에 뿌리고, 언약서를 가져 백성에게 낭독하여 들리매 그들이 가로되 여호와의 모든 말씀을 우리가 준행하리이다. 모세가 그 피를 취하여 백성에게 뿌려 가로되 이는 여호와께서 이 모든 말씀에 대하여 너희와 세우신 언약의 피니라. 모세와 아론과 나답과 아비후와 이스라엘 장로 칠십 인이 올라가서, 이스라엘 하나님을 보니 그 발 아래에는 청옥을 편 듯하고 하늘같이 청명하더라. 하나님이 이스라엘의 존귀한 자들에게 손을 대지 아니하셨고 그들은 하나님을 보고 먹고 마셨더라. 여호와께서 모세에게 이르시되 너는 산에 올라 내게로 와서 거기 있으라 너로 그들을 가르치려고 내가 율법과 계명을 친히 기록한 돌판을 네게 주리라. 모세가 그 종자 여호수아와 함께 일어나 하나님의 산으로 올라가며, 장로들에게 이르되 너희는 여기서 우리가 너희에게로 돌아오기까지 기다리라. 아론과 훌이 너희와 함께 하리니 무릇 일이 있는 자는 그들에게로 나아갈지니라 하고, 모세가 산에 오르매 구름이 산을 가리며, 여호와의 영광이 시내 산 위에 머무르고 구름이 육 일 동안 산을 가리더니 제 칠 일에 여호와께서 구름 가운데 모세를 부르시니라. 산 위의 여호와의 영광이 이스라엘 자손의 눈에 맹렬한 불같이 보였고, 모세는 구름 속으로 들어가서 산 위에 올랐으며 사십 일 사십 야를 산에 있으니라. 출애굽기 25장. 여호와께서 모세에게 일러 가라사대, 이스라엘 자손에게 명하여 내게 예물을 가져오라 하고 무릇 즐거운 마음으로 내는 자에게서 내게 드리는 것을 너희는 받을지니라. 너희가 그들에게서 받을 예물은 이러하니 금과 은과 놋과, 청색 자색 홍색실과 가는 베실과 염소털과, 붉은 물들인 숫양의 가죽과 해달의 가죽과 조각목과, 등유와 관유에 드는 향품과 분향할 향을 만들 향품과, 호마노며 에봇과 흉패에 물릴 보석이니라. 내가 그들 중에 거할 성소를 그들을 시켜 나를 위하여 짓되, 무릇 내가 네게 보이는 대로 장막의 식양과 그 기구의 식양을 따라 지을지니라. 그들은 조각목으로 궤를 짓되 장이 이 규빗 반, 광이 일 규빗 반, 고가 일 규빗 반이 되게 하고, 너는 정금으로 그것을 싸되 그 안팎을 싸고 윗가로 돌아가며 금테를 두르고, 금고리 넷을 부어 만들어 그 네 발에 달되 이편에 두 고리요 저편에 두 고리며, 조각목으로 채를 만들고 금으로 싸고, 그 채를 궤 양편 고리에 꿰어서 궤를 메게 하며, 채를 궤의 고리에 꿴대로 두고 빼어내지 말지며, 내가 네게 줄 증거판을 궤 속에 둘지며, 정금으로 속죄소를 만들되 장이 이 규빗 반, 광이 일 규빗 반이 되게 하고, 금으로 그룹 둘을 속죄소 두 끝에 쳐서 만들되, 한 그룹은 이 끝에, 한 그룹은 저 끝에 곧 속죄소 두 끝에 속죄소와 한 덩이로 연하게 할지며, 그룹들은 그 날개를 높이 펴서 그 날개로 속죄소를 덮으며 그 얼굴을 서로 대하여 속죄소를 향하게 하고, 속죄소를 궤 위에 얹고 내가 네게 줄 증거판을 궤 속에 넣으라. 거기서 내가 너와 만나고 속죄소 위 곧 증거궤 위에 있는 두 그룹 사이에서 내가 이스라엘 자손을 위하여 네게 명할 모든 일을 네게 이르리라. 너는 조각목으로 상을 만들되 장이 이 규빗, 광이 일 규빗, 고가 일 규빗 반이 되게 하고, 정금으로 싸고 주위에 금테를 두르고, 그 사면에 손바닥 넓이만한 턱을 만들고 그 턱 주위에 금으로 테를 만들고, 그것을 위하여 금고리 넷을 만들어 네 발 위 네 모퉁이에 달되, 턱 곁에 달라 이는 상 멜 채를 꿸 곳이며, 또 조각목으로 그 채를 만들고 금으로 싸라 상을 이것으로 멜 것이니라. 너는 대접과 숟가락과 병과 붓는 잔을 만들되 정금으로 만들지며, 상 위에 진설병을 두어 항상 내 앞에 있게 할지니라. 너는 정금으로 등대를 쳐서 만들되 그 밑판과 줄기와 잔과 꽃받침과 꽃을 한 덩이로 연하게 하고, 가지 여섯을 등대 곁에서 나오게 하되 그 세 가지는 이편으로 나오고 그 세 가지는 저편으로 나오게 하며, 이편 가지에 살구꽃 형상의 잔 셋과 꽃받침과 꽃이 있게 하고 저편 가지에도 살구꽃 형상의 잔 셋과 꽃받침과 꽃이 있게 하여 등대에서 나온 여섯 가지를 같게 할지며, 등대 줄기에는 살구꽃 형상의 잔 넷과 꽃받침과 꽃이 있게 하고, 등대에서 나온 여섯 가지를 위하여 꽃받침이 있게 하되 두 가지 아래 한 꽃받침이 있어 줄기와 연하게 하며 또 두 가지 아래 한 꽃받침이 있어 줄기와 연하게 하며 또 두 가지 아래 한 꽃받침이 있어 줄기와 연하게 하고, 그 꽃받침과 가지를 줄기와 연하게 하여 전부를 정금으로 쳐 만들고, 등잔 일곱을 만들어 그 위에 두어 앞을 비추게 하며, 그 불집게와 불똥 그릇도 정금으로 만들지니, 등대와 이 모든 기구를 정금 한 달란트로 만들되, 너는 삼가 이 산에서 네게 보인 식양대로 할지니라. | Z64: 미착수 | AA64: 미착수 | AB64: 미착수
A65: 64 | B65: R0064 | C65: 구약 | D65: 64 | E65: 17 | F65: ='안내'!$C$6+E65-1 | G65: =CHOOSE(WEEKDAY(F65,2),"월","화","수","목","금","토","일") | H65: 3 | I65: =INDEX('안내'!$C$11:$C$16,H65) | J65: 출애굽기 | K65: 출애굽기 26장 | L65: 37 | M65: 1 | N65: 1166 | O65: =ROUND(N65/'안내'!$C$7*60+M65*'안내'!$C$8,0) | P65: =TEXT(O65/86400,"m:ss") | Q65: =TEXT((O65+'안내'!$C$9+'안내'!$C$10)/86400,"m:ss") | R65: 장 끝 | S65: ='안내'!$C$5&" | 출애굽기 26장" | T65: ="#"&SUBSTITUTE('안내'!$C$5," ","")&" #성경읽기 #성경통독 #출애굽기 #개역한글" | U65: 출애굽기 26장 (개역한글) 성경 본문: 개역한글판 · 낭독: AI 음성 | V65: 자동 입력 · 대조 필요 | W65: 줄바꿈 띄어쓰기 확인 | X65: 율법서: 광야와 장막, 돌판, 저녁 하늘 | Y65: 출애굽기 26장. 너는 성막을 만들되 앙장 열 폭을 가늘게 꼰 베실과 청색 자색 홍색실로 그룹을 공교히 수놓아 만들지니, 매폭의 장은 이십팔 규빗, 광은 사 규빗으로 각 폭의 장단을 같게 하고, 그 앙장 다섯 폭을 서로 연하며 다른 다섯 폭도 서로 연하고, 그 앙장의 연락할 말폭 가에 청색 고를 만들며 다른 연락할 말폭 가에도 그와 같이 하고, 앙장 말폭 가에 고 오십을 달며 다른 앙장 말폭 가에도 고 오십을 달고 그 고들을 서로 대하게 하고, 금 갈고리 오십을 만들고 그 갈고리로 앙장을 연합하여 한 성막을 이룰지며, 그 성막을 덮는 막 곧 앙장을 염소털로 만들되 열한 폭을 만들지며, 각 폭의 장은 삼십 규빗, 광은 사 규빗으로 열한 폭의 장단을 같게 하고, 그 앙장 다섯 폭을 서로 연하며 또 여섯 폭을 서로 연하고 그 여섯째 폭 절반은 성막 전면에 접어 드리우고, 앙장을 연락할 말폭 가에 고 오십을 달며 다른 연락할 말폭 가에도 고 오십을 달고, 놋 갈고리 오십을 만들고 그 갈고리로 그 고를 꿰어 연합하여 한 막이 되게 하고, 그 막 곧 앙장의 나머지 그 반 폭은 성막 뒤에 드리우고, 막 곧 앙장의 길이의 남은 것은 이편에 한 규빗, 저편에 한 규빗씩 성막 좌우 양편에 덮어 드리우고, 붉은 물들인 숫양의 가죽으로 막의 덮개를 만들고 해달의 가죽으로 그 웃덮개를 만들지니라. 너는 조각목으로 성막을 위하여 널판을 만들어 세우되, 각 판의 장은 십 규빗, 광은 일 규빗 반으로 하고, 각 판에 두 촉씩 내어 서로 연하게 하되 너는 성막 널판을 다 그와 같이 하라. 너는 성막을 위하여 널판을 만들되 남편을 위하여 널판 스물을 만들고, 스무 널판 아래 은받침 마흔을 만들지니 이 널판 아래에도 그 두 촉을 위하여 두 받침을 만들고 저 널판 아래에도 그 두 촉을 위하여 두 받침을 만들지며, 성막 다른 편 곧 그 북편을 위하여도 널판 스물로 하고, 은받침 마흔을 이 널판 아래에도 두 받침, 저 널판 아래에도 두 받침으로 하며, 성막 뒤 곧 그 서편을 위하여는 널판 여섯을 만들고, 성막 뒤 두 모퉁이 편을 위하여는 널판 둘을 만들되, 아래에서부터 위까지 각기 두 겹 두께로 하여 윗고리에 이르게 하고 두 모퉁이 편을 다 그리하며, 그 여덞 널판에는 은받침이 열여섯이니 이 판 아래에도 두 받침이요 저 판 아래에도 두 받침이니라. 너는 조각목으로 띠를 만들지니 성막 이편 널판을 위하여 다섯이요. 성막 저편 널판을 위하여 다섯이요 성막 뒤 곧 서편 널판을 위하여 다섯이며, 널판 가운데 있는 중간 띠는 이 끝에서 저 끝에 미치게 하고, 그 널판들을 금으로 싸고 그 널판들의 띠를 꿸 금고리를 만들고 그 띠를 금으로 싸라. 너는 산에서 보인 식양대로 성막을 세울지니라. 너는 청색 자색 홍색실과 가늘게 꼰 베실로 짜서 장을 만들고 그 위에 그룹들을 공교히 수놓아서, 금 갈고리로 네 기둥 위에 드리우되 그 네 기둥을 조각목으로 만들고 금으로 싸서 네 은받침 위에 둘지며, 그 장을 갈고리 아래 드리운 후에 증거궤를 그 장 안에 들여 놓으라 그 장이 너희를 위하여 성소와 지성소를 구별하리라. 너는 지성소에 있는 증거궤 위에 속죄소를 두고, 그 장 바깥 북편에 상을 놓고 남편에 등대를 놓아 상과 대하게 할지며, 청색 자색 홍색실과 가늘게 꼰 베실로 수놓아 짜서 성막문을 위하여 장을 만들고, 그 문장을 위하여 기둥 다섯을 조각목으로 만들어 금으로 싸고 그 갈고리도 금으로 만들지며 또 그 기둥을 위하여 받침 다섯을 놋으로 부어 만들지니라. | Z65: 미착수 | AA65: 미착수 | AB65: 미착수
A66: 65 | B66: R0065 | C66: 구약 | D66: 65 | E66: 18 | F66: ='안내'!$C$6+E66-1 | G66: =CHOOSE(WEEKDAY(F66,2),"월","화","수","목","금","토","일") | H66: 1 | I66: =INDEX('안내'!$C$11:$C$16,H66) | J66: 출애굽기 | K66: 출애굽기 27장 1절 ~ 28장 19절 | L66: 40 | M66: 2 | N66: 1383 | O66: =ROUND(N66/'안내'!$C$7*60+M66*'안내'!$C$8,0) | P66: =TEXT(O66/86400,"m:ss") | Q66: =TEXT((O66+'안내'!$C$9+'안내'!$C$10)/86400,"m:ss") | R66: 문장 끝 | S66: ='안내'!$C$5&" | 출애굽기 27장 1절 ~ 28장 19절" | T66: ="#"&SUBSTITUTE('안내'!$C$5," ","")&" #성경읽기 #성경통독 #출애굽기 #개역한글" | U66: 출애굽기 27장 1절 ~ 28장 19절 (개역한글) 성경 본문: 개역한글판 · 낭독: AI 음성 | V66: 자동 입력 · 대조 필요 | W66: 줄바꿈 띄어쓰기 확인 | X66: 율법서: 광야와 장막, 돌판, 저녁 하늘 | Y66: 출애굽기 27장. 너는 조각목으로 장이 오 규빗, 광이 오 규빗의 단을 만들되 네모 반듯하게 하며 고는 삼 규빗으로 하고, 그 네 모퉁이 위에 뿔을 만들되 그 뿔이 그것에 연하게 하고 그 단을 놋으로 쌀지며, 재를 담는 통과 부삽과 대야와 고기 갈고리와 불 옮기는 그릇을 만들되 단의 그릇을 다 놋으로 만들지며, 단을 위하여 놋으로 그물을 만들고 그 위 네 모퉁이에 놋고리 넷을 만들고, 그물은 단 사면 가장자리 아래 곧 단 절반에 오르게 할지며, 또 그 단을 위하여 채를 만들되 조각목으로 만들고 놋으로 쌀지며, 단 양편 고리에 그 채를 꿰어 단을 메게 할지며, 단은 널판으로 비게 만들되 산에서 네게 보인 대로 그들이 만들지니라. 너는 성막의 뜰을 만들지니 남을 향하여 뜰 남편에 광이 백 규빗의 세마포장을 쳐서 그 한 편을 당하게 할지니, 그 기둥이 스물이며 그 받침 스물은 놋으로 하고 그 기둥의 갈고리와 가름대는 은으로 할지며, 그 북편에도 광이 백 규빗의 포장을 치되 그 기둥이 스물이며 그 기둥의 받침 스물은 놋으로 하고 그 기둥의 갈고리와 가름대는 은으로 할지며, 뜰의 옆 곧 서편에 광 오십 규빗의 포장을 치되 그 기둥이 열이요 받침이 열이며, 동을 향하여 뜰 동편의 광도 오십 규빗이 될지며, 문 이편을 위하여 포장이 십오 규빗이며 그 기둥이 셋이요 받침이 셋이요. 문 저편을 위하여도 포장이 십오 규빗이며 그 기둥이 셋이요 받침이 셋이며, 뜰 문을 위하여는 청색 자색 홍색실과 가늘게 꼰 베실로 수놓아 짠 이십 규빗의 장이 있게 할지니 그 기둥이 넷이요 받침이 넷이며, 뜰 사면 모든 기둥의 가름대와 갈고리는 은이요 그 받침은 놋이며, 뜰의 장은 백 규빗이요 광은 오십 규빗이요 세마포 장의 고는 오 규빗이요 그 받침은 놋이며, 성막에서 쓰는 모든 기구와 그 말뚝과 뜰의 포장 말뚝을 다 놋으로 할지니라. 너는 또 이스라엘 자손에게 명하여 감람으로 찧어 낸 순결한 기름을 등불을 위하여 네게로 가져오게 하고 끊이지 말고 등불을 켜되, 아론과 그 아들들로 회막안 증거궤 앞 휘장 밖에서 저녁부터 아침까지 항상 여호와 앞에 그 등불을 간검하게 하라 이는 이스라엘 자손의 대대로 영원한 규례니라. 출애굽기 28장. 너는 이스라엘 자손 중 네 형 아론과 그 아들들 곧 나답과 아비후와 엘르아살과 이다말을 그와 함께 네게로 나아오게 하여 나를 섬기는 제사장 직분을 행하게 하되, 네 형 아론을 위하여 거룩한 옷을 지어서 영화롭고 아름답게 할지니, 너는 무릇 마음에 지혜 있는 자 곧 내가 지혜로운 영으로 채운 자들에게 말하여 아론의 옷을 지어 그를 거룩하게 하여 내게 제사장 직분을 행하게 하라. 그들의 지을 옷은 이러하니 곧 흉패와 에봇과 겉옷과 반포 속옷과 관과 띠라 그들이 네 형 아론과 그 아들들을 위하여 거룩한 옷을 지어 아론으로 내게 제사장 직분을 행하게 할지며, 그들의 쓸 것은 금실과 청색 자색 홍색실과 가늘게 꼰 베실이니라. 그들이 금실과 청색 자색 홍색실과 가늘게 꼰 베실로 공교히 짜서 에봇을 짓되, 그것에 견대 둘을 달아 그 두 끝을 연하게 하고, 에봇 위에 매는 띠는 에봇 짜는 법으로 금실과 청색 자색 홍색실과 가늘게 꼰 베실로 에봇에 공교히 붙여 짤지며, 호마노 두 개를 취하여 그 위에 이스라엘 아들들의 이름을 새기되, 그들의 연치대로 여섯 이름을 한 보석에, 나머지 여섯 이름은 다른 보석에, 보석을 새기는 자가 인에 새김같이 너는 이스라엘 아들들의 이름을 그 두 보석에 새겨 금테에 물리고, 그 두 보석을 에봇 두 견대에 붙여 이스라엘 아들들의 기념 보석을 삼되 아론이 여호와 앞에서 그들의 이름을 그 두 어깨에 메어서 기념이 되게 할지며, 너는 금으로 테를 만들고, 정금으로 노끈처럼 두 사슬을 땋고 그 땋은 사슬을 그 테에 달지니라. 너는 판결 흉패를 에봇 짜는 법으로 금실과 청색 자색 홍색실과 가늘게 꼰 베실로 공교히 짜서 만들되, 장광이 한 뼘씩 두 겹으로 네모 반듯하게 하고, 그것에 네 줄로 보석을 물리되 첫 줄은 홍보석 황옥 녹주옥이요. 둘째 줄은 석류석 남보석 홍마노요. 셋째 줄은 호박 백마노 자수정이요. | Z66: 미착수 | AA66: 미착수 | AB66: 미착수
A67: 66 | B67: R0066 | C67: 구약 | D67: 66 | E67: 18 | F67: ='안내'!$C$6+E67-1 | G67: =CHOOSE(WEEKDAY(F67,2),"월","화","수","목","금","토","일") | H67: 2 | I67: =INDEX('안내'!$C$11:$C$16,H67) | J67: 출애굽기 | K67: 출애굽기 28장 20절 ~ 29장 14절 | L67: 38 | M67: 2 | N67: 1387 | O67: =ROUND(N67/'안내'!$C$7*60+M67*'안내'!$C$8,0) | P67: =TEXT(O67/86400,"m:ss") | Q67: =TEXT((O67+'안내'!$C$9+'안내'!$C$10)/86400,"m:ss") | R67: 문장 끝 | S67: ='안내'!$C$5&" | 출애굽기 28장 20절 ~ 29장 14절" | T67: ="#"&SUBSTITUTE('안내'!$C$5," ","")&" #성경읽기 #성경통독 #출애굽기 #개역한글" | U67: 출애굽기 28장 20절 ~ 29장 14절 (개역한글) 성경 본문: 개역한글판 · 낭독: AI 음성 | V67: 자동 입력 · 대조 필요 | W67: 줄바꿈 띄어쓰기 확인 | X67: 율법서: 광야와 장막, 돌판, 저녁 하늘 | Y67: 출애굽기 28장 20절부터. 넷째 줄은 녹보석 호마노 벽옥으로 다 금테에 물릴지니, 이 보석들은 이스라엘 아들들의 이름대로 열둘이라 매보석에 열두 지파의 한 이름씩 인을 새기는 법으로새기고, 정금으로 노끈처럼 땋은 사슬을 흉패 위에 붙이고, 또 금고리 둘을 만들어 흉패 위 곧 흉패 두 끝에 그 두 고리를 달고, 땋은 두 금사슬로 흉패 두 끝 두 고리에 꿰어 매고, 두 땋은 사슬의 다른 두 끝을 에봇 앞 두 견대의 금테에 매고, 또 금고리 둘을 만들어 흉패 아래 양편 가 안쪽 곧 에봇에 닿은 곳에 달고, 또 금고리 둘을 만들어 에봇 앞 두 견대 아래 매는 자리 가까운 편 곧 공교히 짠 띠 윗편에 달고, 청색 끈으로 흉패 고리와 에봇 고리에 꿰어 흉패로 공교히 짠 에봇 띠 위에 붙여 떠나지 않게 하라. 아론이 성소에 들어갈 때에는 이스라엘 아들들의 이름을 기록한 이 판결 흉패를 가슴에 붙여 여호와 앞에 영원한 기념을 삼을 것이니라. 너는 우림과 둠밈을 판결 흉패 안에 넣어 아론으로 여호와 앞에 들어갈 때에 그 가슴 위에 있게 하라 아론이 여호와 앞에서 이스라엘 자손의 판결을 항상 그 가슴 위에 둘지니라. 너는 에봇 받침 겉옷을 전부 청색으로 하되, 두 어깨 사이에 머리 들어갈 구멍을 내고 그 주위에 갑옷 깃같이 깃을 짜서 찢어지지 않게 하고, 그 옷 가장자리로 돌아가며 청색 자색 홍색실로 석류를 수놓고 금방울을 간격하여 달되, 그 옷 가장자리로 돌아가며 한 금방울, 한 석류, 한 금방울, 한 석류가 있게 하라. 아론이 입고 여호와를 섬기러 성소에 들어갈 때와 성소에서 나갈 때에 그 소리가 들릴 것이라 그리하면 그가 죽지 아니하리라. 너는 또 정금으로 패를 만들어 인을 새기는 법으로 그 위에 새기되 (여호와께 성결) 이라 하고, 그 패를 청색 끈으로 관 위에 매되 곧 전면에 있게 하라. 이 패가 아론의 이마에 있어서 그로 이스라엘 자손의 거룩하게 드리는 성물의 죄건을 담당하게 하라 그 패가 아론의 이마에 늘 있으므로 그 성물을 여호와께서 받으시게 되리라. 너는 가는 베실로 반포 속옷을 짜고 가는 베실로 관을 만들고 띠를 수놓아 만들지니라. 너는 아론의 아들들을 위하여 속옷을 만들며 그들을 위하여 띠를 만들며 그들을 위하여 관을 만들어서 영화롭고 아름답게 하되, 너는 그것들로 네 형 아론과 그와 함께한 그 아들들에게 입히고 그들에게 기름을 부어 위임하고 거룩하게 하여 그들로 제사장 직분을 내게 행하게 할지며, 또 그들을 위하여 베로 고의를 만들어 허리에서부터 넓적다리까지 이르게 하여 하체를 가리게 하라. 아론과 그 아들들이 회막에 들어갈 때에나 제단에 가까이 하여 거룩한 곳에서 섬길 때에 그것들을 입어야 죄를 지어서 죽지 아니하리니 그와 그의 후손의 영원히 지킬 규례니라. 출애굽기 29장. 너는 그들에게 나를 섬길 제사장 직분을 위임하여 그들로 거룩하게 할 일이 이러하니 곧 젊은 수소 하나와 흠 없는 숫양 둘을 취하고, 무교병과 기름 섞인 무교과자와 기름 바른 무교전병을 모두 고운 밀가루로 만들고, 그것들을 한 광주리에 담고 그것을 광주리에 담은 채 그 송아지와 두 양과 함께 가져오고, 너는 아론과 그 아들들을 회막문으로 데려다가 물로 씻기고, 의복을 가져다가 아론에게 속옷과 에봇 받침 겉옷과 에봇을 입히고 흉패를 달고 에봇에 공교히 짠 띠를 띠우고, 그 머리에 관을 씌우고 그 위에 성패를 더하고, 관유를 가져다가 그 머리에 부어 바르고, 그 아들들을 데려다가 그들에게 속옷을 입히고, 아론과 그 아들들에게 띠를 띠우며 관을 씌워서 제사장의 직분을 그들에게 맡겨 영원한 규례가 되게 하라 너는 이같이 아론과 그 아들들에게 위임하여 거룩하게 할지니라. 너는 수송아지를 회막 앞으로 끌어오고 아론과 그 아들들은 그 송아지 머리에 안수할지며, 너는 회막문 여호와 앞에서 그 송아지를 잡고, 그 피를 네 손가락으로 단 뿔들에 바르고 그 피 전부를 단 밑에 쏟을지며, 내장에 덮인 모든 기름과 간 위에 있는 꺼풀과 두 콩팥과 그 위의 기름을 취하여 단 위에 불사르고, 그 수소의 고기와 가죽과 똥은 진 밖에서 불사르라 이는 속죄제니라. | Z67: 미착수 | AA67: 미착수 | AB67: 미착수
A68: 67 | B68: R0067 | C68: 구약 | D68: 67 | E68: 18 | F68: ='안내'!$C$6+E68-1 | G68: =CHOOSE(WEEKDAY(F68,2),"월","화","수","목","금","토","일") | H68: 3 | I68: =INDEX('안내'!$C$11:$C$16,H68) | J68: 출애굽기 | K68: 출애굽기 29장 15절 ~ 46절 | L68: 32 | M68: 1 | N68: 1319 | O68: =ROUND(N68/'안내'!$C$7*60+M68*'안내'!$C$8,0) | P68: =TEXT(O68/86400,"m:ss") | Q68: =TEXT((O68+'안내'!$C$9+'안내'!$C$10)/86400,"m:ss") | R68: 장 끝 | S68: ='안내'!$C$5&" | 출애굽기 29장 15절 ~ 46절" | T68: ="#"&SUBSTITUTE('안내'!$C$5," ","")&" #성경읽기 #성경통독 #출애굽기 #개역한글" | U68: 출애굽기 29장 15절 ~ 46절 (개역한글) 성경 본문: 개역한글판 · 낭독: AI 음성 | V68: 자동 입력 · 대조 필요 | W68: 줄바꿈 띄어쓰기 확인 | X68: 율법서: 광야와 장막, 돌판, 저녁 하늘 | Y68: 출애굽기 29장 15절부터. 너는 또 숫양 하나를 취하고 아론과 그 아들들은 그 숫양의 머리 위에 안수할지며, 너는 그 숫양을 잡고 그 피를 취하여 단 위의 주위에 뿌리고, 그 숫양의 각을 뜨고 그 장부와 다리는 씻어 각 뜬 고기와 그 머리와 함께 두고, 그 숫양의 전부를 단 위에 불사르라 이는 여호와께 드리는 번제요 이는 향기로운 냄새니 여호와께 드리는 화제니라. 너는 다른 숫양을 취하고 아론과 그 아들들은 그 숫양의 머리 위에 안수할지며, 너는 그 숫양을 잡고 그 피를 취하여 아론의 오른 귓부리와 그 아들들의 오른 귓부리에 바르고 그 오른손 엄지와 오른발 엄지에 바르고 그 피를 단 주위에 뿌리고, 단 위의 피와 관유를 취하여 아론과 그 옷과 그 아들들과 그 아들들의 옷에 뿌리라. 그와 그 옷과 그 아들들과 그 아들들의 옷이 거룩하리라. 또 너는 그 숫양의 기름과 기름진 꼬리와 그 내장에 덮인 기름과 간 위의 꺼풀과 두 콩팥과 그것들 위의 기름과 우편 넓적다리를 취하라 이는 위임식의 숫양이며, 또 여호와 앞에 있는 무교병 광주리에서 떡 한 덩이와 기름 바른 과자 하나와 전병 하나를 취하고, 그 전부를 아론의 손과 그 아들들의 손에 주고 그것을 흔들어 여호와 앞에 요제를 삼을지며, 너는 그것을 그들의 손에서 취하여 단 위에서 번제물을 더하여 불사르라 이는 여호와 앞에 향기로운 냄새니 곧 여호와께 드리는 화제니라. 너는 위임식 숫양의 가슴을 취하여 여호와 앞에 흔들어 요제를 삼으라 이는 너의 분깃이니라. 너는 그 흔든 요제물 곧 아론과 그 아들들의 위임식 숫양의 가슴과 넓적다리를 거룩하게 하라. 이는 이스라엘 자손이 아론과 그 자손에게 돌릴 영원한 분깃이요 거제물이니 곧 이스라엘 자손이 화목제의 희생 중에서 취한 거제물로서 여호와께 드리는 거제물이니라. 아론의 성의는 아론의 후에 그 아들들에게 돌릴지니 그들이 그것을 입고 기름 부음으로 위임을 받을 것이며, 그를 이어 제사장이 되는 아들이 회막에 들어가서 성소에서 섬길 때에는 칠 일 동안 그것을 입을지니라. 너는 위임식 숫양을 취하여 거룩한 곳에서 그 고기를 삶고, 아론과 그 아들들이 회막문에서 그 숫양의 고기와 광주리에 있는 떡을 먹을지라. 속죄물 곧 그들을 위임하며 그들을 거룩하게 하는데 쓰는 것은 그들은 먹되 타인은 먹지 못할지니 이는 성물이 됨이며, 위임식 고기나 떡이 아침까지 남았으면 그것을 불에 사를지니 이는 거룩한즉 먹지 못할지니라. 너는 내가 무릇 네게 명한 대로 아론과 그 아들들에게 그같이 하여 칠 일 동안 위임식을 행하되, 매일 수송아지 하나로 속죄하기 위하여 속죄제를 드리며 또 단을 위하여 속죄하여 깨끗케 하고 그것에 기름을 부어 거룩하게 하라. 네가 칠 일 동안 단을 위하여 속죄하여 거룩하게 하라 그리하면 지극히 거룩한 단이 되리니 무릇 단에 접촉하는 것이 거룩하리라. 네가 단 위에 드릴 것은 이러하니라. 매일 일 년 된 어린 양 두 마리니, 한 어린 양은 아침에 드리고 한 어린 양은 저녁 때에 드릴지며, 한 어린 양에 고운 밀가루 에바 십분 일과 찧은 기름 힌의 사분 일을 더하고 또 전제로 포도주 힌의 사분 일을 더할지며, 한 어린 양은 저녁 때에 드리되 아침과 일반으로 소제와 전제를 그것과 함께 드려 향기로운 냄새가 되게 하여 여호와께 화제를 삼을지니, 이는 너희가 대대로 여호와 앞 회막문에서 늘 드릴 번제라 내가 거기서 너희와 만나고 네게 말하리라. 내가 거기서 이스라엘 자손을 만나리니 내 영광을 인하여 회막이 거룩하게 될지라. 내가 그 회막과 단을 거룩하게 하며 아론과 그 아들들도 거룩하게 하여 내게 제사장 직분을 행하게 하며, 내가 이스라엘 자손 중에 거하여 그들의 하나님이 되리니, 그들은 내가 그들의 하나님 여호와로서 그들 중에 거하려고 그들을 애굽 땅에서 인도하여 낸 줄을 알리라. 나는 그들의 하나님 여호와니라. | Z68: 미착수 | AA68: 미착수 | AB68: 미착수
A69: 68 | B69: R0068 | C69: 구약 | D69: 68 | E69: 18 | F69: ='안내'!$C$6+E69-1 | G69: =CHOOSE(WEEKDAY(F69,2),"월","화","수","목","금","토","일") | H69: 4 | I69: =INDEX('안내'!$C$11:$C$16,H69) | J69: 출애굽기 | K69: 출애굽기 30장 | L69: 38 | M69: 1 | N69: 1319 | O69: =ROUND(N69/'안내'!$C$7*60+M69*'안내'!$C$8,0) | P69: =TEXT(O69/86400,"m:ss") | Q69: =TEXT((O69+'안내'!$C$9+'안내'!$C$10)/86400,"m:ss") | R69: 장 끝 | S69: ='안내'!$C$5&" | 출애굽기 30장" | T69: ="#"&SUBSTITUTE('안내'!$C$5," ","")&" #성경읽기 #성경통독 #출애굽기 #개역한글" | U69: 출애굽기 30장 (개역한글) 성경 본문: 개역한글판 · 낭독: AI 음성 | V69: 자동 입력 · 대조 필요 | W69: 줄바꿈 띄어쓰기 확인 | X69: 율법서: 광야와 장막, 돌판, 저녁 하늘 | Y69: 출애굽기 30장. 너는 분향할 단을 만들지니 곧 조각목으로 만들되, 장이 일 규빗, 광이 일 규빗으로 네모 반듯하게 하고 고는 이 규빗으로 하며 그 뿔을 그것과 연하게 하고, 단 상면과 전후 좌우면과 뿔을 정금으로 싸고 주위에 금테를 두를지며, 금테 아래 양편에 금고리 둘을 만들되 곧 그 양편에 만들지니 이는 단을 메는 채를 꿸 곳이며, 그 채를 조각목으로 만들고 금으로 싸고, 그 단을 증거궤 위 속죄소 맞은편 곧 증거궤 앞에 있는 장 밖에 두라 그 속죄소는 내가 너와 만날 곳이며, 아론이 아침마다 그 위에 향기로운 향을 사르되 등불을 정리할 때에 사를지며, 또 저녁때 등불을 켤 때에 사를지니 이 향은 너희가 대대로 여호와 앞에 끊지 못할지며, 너희는 그 위에 다른 향을 사르지 말며 번제나 소제를 드리지 말며 전제의 술을 붓지 말며, 아론이 일 년 일 차씩 이 향단 뿔을 위하여 속죄하되 속죄제의 피로 일 년 일 차씩 대대로 속죄할지니라. 이 단은 여호와께 지극히 거룩하니라. 여호와께서 모세에게 일러 가라사대, 네가 이스라엘 자손의 수효를 따라 조사할 때에 조사받은 각 사람은 그 생명의 속전을 여호와께 드릴지니 이는 그 계수할 때에 그들 중에 온역이 없게 하려 함이라. 무릇 계수 중에 드는 자마다 성소에 세겔대로 반 세겔을 낼지니 한 세겔은 이십 게라라 그 반 세겔을 여호와께 드릴지며, 무릇 계수 중에 드는 자 곧 이십 세 이상 된 자가 여호와께 드리되, 너희의 생명을 속하기 위하여 여호와께 드릴 때에 부자라고 반 세겔에서 더 내지 말고 가난한 자라고 덜 내지 말지며, 너는 이스라엘 자손에게서 속전을 취하여 회막의 봉사에 쓰라 이것이 여호와 앞에서 이스라엘 자손의 기념이 되어서 너희의 생명을 속하리라. 여호와께서 모세에게 일러 가라사대, 너는 물두멍을 놋으로 만들고 그 받침도 놋으로 만들어 씻게 하되 그것을 회막과 단 사이에 두고 그 속에 물을 담으라. 아론과 그 아들들이 그 두멍에서 수족을 씻되, 그들이 회막에 들어갈 때에 물로 씻어 죽기를 면할 것이요 단에 가까이 가서 그 직분을 행하여 화제를 여호와 앞에 사를 때에도 그리할지니라. 이와 같이 그들이 그 수족을 씻어 죽기를 면할지니 이는 그와 그 자손이 대대로 영원히 지킬 규례니라. 여호와께서 모세에게 또 일러 가라사대, 너는 상등 향품을 취하되 액체 몰약 오백 세겔과 그 반수의 향기로운 육계 이백오십 세겔과 향기로운 창포 이백오십 세겔과, 계피 오백 세겔을 성소의 세겔대로 하고 감람 기름 한 힌을 취하여, 그것으로 거룩한 관유를 만들되 향을 제조하는 법대로 향기름을 만들지니 그것이 거룩한 관유가 될지라. 너는 그것으로 회막과 증거궤에 바르고, 상과 그 모든 기구며 등대와 그 기구며 분향단과, 및 번제단과 그 모든 기구와 물두멍과 그 받침에 발라. 그것들을 지성물로 구별하라 무릇 이것에 접촉하는 것이 거룩하리라. 너는 아론과 그 아들들에게 기름을 발라 그들을 거룩하게 하고 그들로 내게 제사장 직분을 행하게 하고, 이스라엘 자손에게 고하여 이르기를 이것은 너희 대대로 내게 거룩한 관유니, 사람의 몸에 붓지 말며 이 방법대로 이와 같은 것을 만들지 말라 이는 거룩하니 너희는 거룩히 여기라. 무릇 이와 같은 것을 만드는 자나 무릇 이것을 타인에게 붓는 자는 그 백성 중에서 끊쳐지리라. 하라. 여호와께서 모세에게 이르시되 너는 소합향과 나감향과 풍자향의 향품을 취하고 그 향품을 유향에 섞되 각기 동일한 중수로 하고, 그것으로 향을 만들되 향 만드는 법대로 만들고 그것에 소금을 쳐서 성결하게 하고, 그 향 얼마를 곱게 찧어 내가 너와 만날 회막 안 증거궤 앞에 두라 이 향은 너희에게 지극히 거룩하니라. 네가 만들 향은 여호와를 위하여 거룩한 것이니 그 방법대로 너희를 위하여 만들지 말라. 무릇 맡으려고 이같은 것을 만드는 자는 그 백성 중에서 끊쳐지리라. | Z69: 미착수 | AA69: 미착수 | AB69: 미착수
A70: 69 | B70: R0069 | C70: 구약 | D70: 69 | E70: 19 | F70: ='안내'!$C$6+E70-1 | G70: =CHOOSE(WEEKDAY(F70,2),"월","화","수","목","금","토","일") | H70: 1 | I70: =INDEX('안내'!$C$11:$C$16,H70) | J70: 출애굽기 | K70: 출애굽기 31장 1절 ~ 32장 22절 | L70: 40 | M70: 2 | N70: 1707 | O70: =ROUND(N70/'안내'!$C$7*60+M70*'안내'!$C$8,0) | P70: =TEXT(O70/86400,"m:ss") | Q70: =TEXT((O70+'안내'!$C$9+'안내'!$C$10)/86400,"m:ss") | R70: 문장 끝 | S70: ='안내'!$C$5&" | 출애굽기 31장 1절 ~ 32장 22절" | T70: ="#"&SUBSTITUTE('안내'!$C$5," ","")&" #성경읽기 #성경통독 #출애굽기 #개역한글" | U70: 출애굽기 31장 1절 ~ 32장 22절 (개역한글) 성경 본문: 개역한글판 · 낭독: AI 음성 | V70: 자동 입력 · 대조 필요 | W70: 줄바꿈 띄어쓰기 확인 | X70: 율법서: 광야와 장막, 돌판, 저녁 하늘 | Y70: 출애굽기 31장. 여호와께서 모세에게 일러 가라사대, 내가 유다 지파 훌의 손자요 우리의 아들인 브사렐을 지명하여 부르고, 하나님의 신을 그에게 충만하게 하여 지혜와 총명과 지식과 여러 가지 재주로, 공교한 일을 연구하여 금과 은과 놋으로 만들게 하며, 보석을 깎아 물리며 나무를 새겨서 여러 가지 일을 하게 하고, 내가 또 단 지파 아히사막의 아들 오홀리압을 세워 그와 함께 하게 하며 무릇 지혜로운 마음이 있는 자에게 내가 지혜를 주어 그들로 내가 네게 명한 것을 다 만들게 할지니, 곧 회막과 증거궤와 그 위의 속죄소와 회막의 모든 기구와, 상과 그 기구와 정금 등대와 그 모든 기구와 분향단과, 번제단과 그 모든 기구와 물두멍과 그 받침과, 제사직을 행할 때에 입는 공교히 짠 의복 곧 제사장 아론의 성의와 그 아들들의 옷과, 관유와 성소의 향기로운 향이라 무릇 내가 네게 명한 대로 그들이 만들지니라. 여호와께서 모세에게 일러 가라사대, 너는 이스라엘 자손에게 고하여 이르기를 너희는 나의 안식일을 지키라 이는 나와 너희 사이에 너희 대대의 표징이니 나는 너희를 거룩하게 하는 여호와인 줄 너희로 알게 함이라. 너희는 안식일을 지킬지니 이는 너희에게 성일이 됨이라 무릇 그 날을 더럽히는 자는 죽일지며 무릇 그 날에 일하는 자는 그 백성 중에서 그 생명이 끊쳐지리라. 엿새 동안은 일할 것이나 제 칠 일은 큰 안식일이니 여호와께 거룩한 것이라 무릇 안식일에 일하는 자를 반드시 죽일지니라. 이같이 이스라엘 자손이 안식일을 지켜서 그것으로 대대로 영원한 언약을 삼을 것이니, 이는 나와 이스라엘 자손 사이에 영원한 표징이며 나 여호와가 엿새 동안에 천지를 창조하고 제 칠 일에 쉬어 평안하였음이니라. 하라. 여호와께서 시내 산 위에서 모세에게 이르시기를 마치신 때에 증거판 둘을 모세에게 주시니 이는 돌판이요 하나님이 친히 쓰신 것이더라. 출애굽기 32장. 백성이 모세가 산에서 내려옴이 더딤을 보고 모여 아론에게 이르러 가로되 일어나라 우리를 인도할 신을 우리를 위하여 만들라 이 모세 곧 우리를 애굽 땅에서 인도하여 낸 사람은 어찌 되었는지 알지 못함이니라. 아론이 그들에게 이르되 너희 아내와 자녀의 귀의 금고리를 빼어 내게로 가져오라. 모든 백성이 그 귀에서 금고리를 빼어 아론에게로 가져오매, 아론이 그들의 손에서 그 고리를 받아 부어서 각도로 새겨 송아지 형상을 만드니 그들이 말하되 이스라엘아 이는 너희를 애굽 땅에서 인도하여 낸 너희 신이로다. 하는지라. 아론이 보고 그 앞에 단을 쌓고 이에 공포하여 가로되 내일은 여호와의 절일이니라 하니, 이튿날에 그들이 일찌기 일어나 번제를 드리며 화목제를 드리고 앉아서 먹고 마시며 일어나서 뛰놀더라. 여호와께서 모세에게 이르시되 너는 내려가라 네가 애굽 땅에서 인도하여 낸 네 백성이 부패하였도다. 그들이 내가 그들에게 명한 길을 속히 떠나 자기를 위하여 송아지를 부어 만들고 그것을 숭배하며 그것에게 희생을 드리며 말하기를 이스라엘아 이는 너희를 애굽 땅에서 인도하여 낸 너희 신이라 하였도다. 여호와께서 또 모세에게 이르시되 내가 이 백성을 보니 목이 곧은 백성이로다. 그런즉 나대로 하게 하라 내가 그들에게 진노하여 그들을 진멸하고 너로 큰 나라가 되게 하리라. 모세가 그 하나님 여호와께 구하여 가로되 여호와여 어찌하여 그 큰 권능과 강한 손으로 애굽 땅에서 인도하여 내신 주의 백성에게 진노하시나이까. 어찌하여 애굽 사람으로 이르기를 여호와가 화를 내려 그 백성을 산에서 죽이고 지면에서 진멸하려고 인도하여 내었다 하게 하려 하시나이까 주의 맹렬한 노를 그치시고 뜻을 돌이키사 주의 백성에게 이 화를 내리지 마옵소서, 주의 종 아브라함과 이삭과 이스라엘을 기억하소서. 주께서 주를 가리켜 그들에게 맹세하여 이르시기를 내가 너희 자손을 하늘의 별처럼 많게 하고 나의 허락한 이 온 땅을 너희의 자손에게 주어 영영한 기업이 되게 하리라. 하셨나이다. 여호와께서 뜻을 돌이키사 말씀하신 화를 그 백성에게 내리지 아니하시니라. 모세가 돌이켜 산에서 내려오는데 증거의 두 판이 그 손에 있고 그 판의 양면 이편 저편에 글자가 있으니, 그 판은 하나님이 만드신 것이요 글자는 하나님이 쓰셔서 판에 새기신 것이더라. 여호수아가 백성의 떠듦을 듣고 모세에게 말하되 진중에서 싸우는 소리가 나나이다. 모세가 가로되 이는 승전가도 아니요 패하여 부르짖는 소리도 아니라. 나의 듣기에는 노래하는 소리로다 하고, 진에 가까이 이르러 송아지와 그 춤추는 것을 보고 대노하여 손에서 그 판들을 산 아래로 던져 깨뜨리니라. 모세가 그들의 만든 송아지를 가져 불살라 부수어 가루를 만들어 물에 뿌려 이스라엘 자손에게 마시우니라. 모세가 아론에게 이르되 이 백성이 네게 어떻게 하였기에 네가 그들로 중죄에 빠지게 하였느뇨, 아론이 가로되 내 주여 노하지 마소서. 이 백성의 악함을 당신이 아나이다. | Z70: 미착수 | AA70: 미착수 | AB70: 미착수
A71: 70 | B71: R0070 | C71: 구약 | D71: 70 | E71: 19 | F71: ='안내'!$C$6+E71-1 | G71: =CHOOSE(WEEKDAY(F71,2),"월","화","수","목","금","토","일") | H71: 2 | I71: =INDEX('안내'!$C$11:$C$16,H71) | J71: 출애굽기 | K71: 출애굽기 32장 23절 ~ 33장 23절 | L71: 36 | M71: 2 | N71: 1785 | O71: =ROUND(N71/'안내'!$C$7*60+M71*'안내'!$C$8,0) | P71: =TEXT(O71/86400,"m:ss") | Q71: =TEXT((O71+'안내'!$C$9+'안내'!$C$10)/86400,"m:ss") | R71: 장 끝 | S71: ='안내'!$C$5&" | 출애굽기 32장 23절 ~ 33장 23절" | T71: ="#"&SUBSTITUTE('안내'!$C$5," ","")&" #성경읽기 #성경통독 #출애굽기 #개역한글" | U71: 출애굽기 32장 23절 ~ 33장 23절 (개역한글) 성경 본문: 개역한글판 · 낭독: AI 음성 | V71: 자동 입력 · 대조 필요 | W71: 줄바꿈 띄어쓰기 확인 | X71: 율법서: 광야와 장막, 돌판, 저녁 하늘 | Y71: 출애굽기 32장 23절부터. 그들이 내게 말하기를 우리를 위하여 우리를 인도할 신을 만들라 이 모세 곧 우리를 애굽 땅에서 인도하여 낸 사람은 어찌 되었는지 알 수 없노라. 하기에, 내가 그들에게 이르기를 금이 있는 자는 빼어 내라 한즉 그들이 그것을 내게로 가져왔기로 내가 불에 던졌더니 이 송아지가 나왔나이다. 모세가 본즉 백성이 방자하니 이는 아론이 그들로 방자하게 하여 원수에게 조롱거리가 되게 하였음이라. 이에 모세가 진문에 서서 가로되 누구든지 여호와의 편에 있는 자는 내게로 나아오라 하매 레위 자손이 다 모여 그에게로 오는지라. 모세가 그들에게 이르되 이스라엘의 하나님 여호와께서 이같이 말씀하시기를 너희는 각각 허리에 칼을 차고 진 이 문에서 저 문까지 왕래하며 각 사람이 그 형제를, 각 사람이 그 친구를, 각 사람이 그 이웃을 도륙하라 하셨느니라. 레위 자손이 모세의 말대로 행하매 이 날에 백성 중에 삼천 명 가량이 죽인 바 된지라. 모세가 이르되 각 사람이 그 아들과 그 형제를 쳤으니 오늘날 여호와께 헌신하게 되었느니라. 그가 오늘날 너희에게 복을 내리시리라. 이튿날 모세가 백성에게 이르되 너희가 큰 죄를 범하였도다. 내가 이제 여호와께로 올라가노니 혹 너희의 죄를 속할까 하노라 하고, 여호와께로 다시 나아가 여짜오되 슬프도소이다 이 백성이 자기들을 위하여 금신을 만들었사오니 큰 죄를 범하였나이다. 그러나 합의하시면 이제 그들의 죄를 사하시옵소서. 그렇지 않사오면 원컨대 주의 기록하신 책에서 내 이름을 지워 버려 주옵소서, 여호와께서 모세에게 이르시되 누구든지 내게 범죄하면 그는 내가 내 책에서 지워 버리리라. 이제 가서 내가 네게 말한 곳으로 백성을 인도하라 내 사자가 네 앞서 가리라. 그러나 내가 보응할 날에는 그들의 죄를 보응하리라. 여호와께서 백성을 치시니 이는 그들이 아론의 만든 바 그 송아지를 만들었음이더라. 출애굽기 33장. 여호와께서 모세에게 이르시되 너는 네가 애굽 땅에서 인도하여 낸 백성과 함께 여기서 떠나서 내가 아브라함과 이삭과 야곱에게 맹세하기를 네 자손에게 주마 한 그 땅으로 올라가라. 내가 사자를 네 앞서 보내어 가나안 사람과 아모리 사람과 헷 사람과 브리스 사람과 히위 사람과 여부스 사람을 쫓아내고, 너희로 젖과 꿀이 흐르는 땅에 이르게 하려니와 나는 너희와 함께 올라가지 아니하리니 너희는 목이 곧은 백성인즉 내가 중로에서 너희를 진멸할까 염려함이니라 하시니, 백성이 이 황송한 말씀을 듣고 슬퍼하여 한 사람도 그 몸을 단장하지 아니하니, 여호와께서 모세에게 이르시기를 이스라엘 자손에게 이르라 너희는 목이 곧은 백성인즉 내가 순식간이라도 너희 중에 행하면 너희를 진멸하리니 너희는 단장품을 제하라 그리하면 내가 너희에게 어떻게 할 일을 알겠노라. 하셨음이라. 이스라엘 자손이 호렙 산에서부터 그 단장품을 제하니라. 모세가 항상 장막을 취하여 진 밖에 쳐서 진과 멀리 떠나게 하고 회막이라 이름하니 여호와를 앙모하는 자는 다 진 바깥 회막으로 나아가며, 모세가 회막으로 나아갈 때에는 백성이 다 일어나 자기 장막문에 서서 모세가 회막에 들어가기까지 바라보며, 모세가 회막에 들어갈 때에 구름 기둥이 내려 회막문에 서며 여호와께서 모세와 말씀하시니, 모든 백성이 회막문에 구름 기둥이 섰음을 보고 다 일어나 각기 장막문에 서서 경배하며, 사람이 그 친구와 이야기함같이 여호와께서는 모세와 대면하여 말씀하시며 모세는 진으로 돌아오나 그 수종자 눈의 아들 청년 여호수아는 회막을 떠나지 아니하니라. 모세가 여호와께 고하되 보시옵소서. 주께서 나더러 이 백성을 인도하여 올라가라 하시면서 나와 함께 보낼 자를 내게 지시하지 아니하시나이다. 주께서 전에 말씀하시기를 나는 이름으로도 너를 알고 너도 내 앞에 은총을 입었다 하셨사온즉, 내가 참으로 주의 목전에 은총을 입었사오면 원컨데 주의 길을 내게 보이사 내게 주를 알리시고 나로 주의 목전에 은총을 입게 하시며 이 족속을 주의 백성으로 여기소서, 여호와께서 가라사대 내가 친히 가리라. 내가 너로 편케 하리라. 모세가 여호와께 고하되 주께서 친히 가지 아니하시려거든 우리를 이 곳에서 올려 보내지 마옵소서, 나와 주의 백성이 주의 목전에 은총 입은 줄을 무엇으로 알리이까 주께서 우리와 함께 행하심으로 나와 주의 백성을 천하 만민 중에 구별하심이 아니니이까. 여호와께서 모세에게 이르시되 너의 말하는 이 일도 내가 하리니 너는 내 목전에 은총을 입었고 내가 이름으로도 너를 앎이니라. 모세가 가로되 원컨대 주의 영광을 내게 보이소서, 여호와께서 가라사대 내가 나의 모든 선한 형상을 네 앞으로 지나게 하고 여호와의 이름을 네 앞에 반포하리라. 나는 은혜 줄 자에게 은혜를 주고 긍휼히 여길 자에게 긍휼을 베푸느니라. 또 가라사대 네가 내 얼굴을 보지 못하리니 나를 보고 살 자가 없음이니라. 여호와께서 가라사대 보라 내 곁에 한 곳이 있으니 너는 그 반석 위에 섰으라. 내 영광이 지날 때에 내가 너를 반석 틈에 두고 내가 지나도록 내 손으로 너를 덮었다가, 손을 거두리니 네가 내 등을 볼 것이요 얼굴은 보지 못하리라. | Z71: 미착수 | AA71: 미착수 | AB71: 미착수
A72: 71 | B72: R0071 | C72: 구약 | D72: 71 | E72: 19 | F72: ='안내'!$C$6+E72-1 | G72: =CHOOSE(WEEKDAY(F72,2),"월","화","수","목","금","토","일") | H72: 3 | I72: =INDEX('안내'!$C$11:$C$16,H72) | J72: 출애굽기 | K72: 출애굽기 34장 1절 ~ 29절 | L72: 29 | M72: 1 | N72: 1368 | O72: =ROUND(N72/'안내'!$C$7*60+M72*'안내'!$C$8,0) | P72: =TEXT(O72/86400,"m:ss") | Q72: =TEXT((O72+'안내'!$C$9+'안내'!$C$10)/86400,"m:ss") | R72: 문장 끝 | S72: ='안내'!$C$5&" | 출애굽기 34장 1절 ~ 29절" | T72: ="#"&SUBSTITUTE('안내'!$C$5," ","")&" #성경읽기 #성경통독 #출애굽기 #개역한글" | U72: 출애굽기 34장 1절 ~ 29절 (개역한글) 성경 본문: 개역한글판 · 낭독: AI 음성 | V72: 자동 입력 · 대조 필요 | W72: 줄바꿈 띄어쓰기 확인 | X72: 율법서: 광야와 장막, 돌판, 저녁 하늘 | Y72: 출애굽기 34장. 여호와께서 모세에게 이르시되 너는 돌판 둘을 처음 것과 같이 깎아 만들라 네가 깨뜨린 바 처음 판에 있던 말을 내가 그 판에 쓰리니, 아침 전에 예비하고 아침에 시내 산에 올라와 산꼭대기에서 내게 보이되, 아무도 너와 함께 오르지 말며 온 산에 인적을 금하고 양과 소도 산 앞에서 먹지 못하게 하라. 모세가 돌판 둘을 처음 것과 같이 깎아 만들고 아침에 일찌기 일어나 그 두 돌판을 손에 들고 여호와의 명대로 시내 산에 올라가니, 여호와께서 구름 가운데 강림하사 그와 함께 거기 서서 여호와의 이름을 반포하실새, 여호와께서 그의 앞으로 지나시며 반포하시되 여호와로라 여호와로라 자비롭고 은혜롭고 노하기를 더디하고 인자와 진실이 많은 하나님이로라. 인자를 천 대까지 베풀며 악과 과실과 죄를 용서하나 형벌받을 자는 결단코 면죄하지 않고 아비의 악을 자여손 삼 사 대까지 보응하리라. 모세가 급히 땅에 엎드리어 경배하며, 가로되 주여 내가 주께 은총을 입었거든 원컨대 주는 우리 중에서 행하옵소서. 이는 목이 곧은 백성이니이다. 우리의 악과 죄를 사하시고 우리로 주의 기업을 삼으소서, 여호와께서 가라사대 보라 내가 언약을 세우나니 곧 내가 아직 온 땅 아무 국민에게도 행치 아니한 이적을 너희 전체 백성 앞에 행할 것이라 너희 머무는 나라 백성이 다 여호와의 소위를 보리니 내가 너를 위하여행할 일이 두려운 것임이니라. 너는 내가 오늘 네게 명하는 것을 삼가 지키라 보라 내가 네 앞에서 아모리 사람과 가나안 사람과 헷 사람과 브리스 사람과 히위 사람과 여부스 사람을 쫓아내리니, 너는 스스로 삼가 네가 들어가는 땅의 거민과 언약을 세우지 말라 그들이 너희 중에 올무가 될까 하노라. 너희는 도리어 그들의 단들을 헐고 그들의 주상을 깨뜨리고 그들의 아세라 상을 찍을지어다. 너는 다른 신에게 절하지 말라 여호와는 질투라 이름하는 질투의 하나님임이니라. 너는 삼가 그 땅의 거민과 언약을 세우지 말지니 이는 그들이 모든 신을 음란히 섬기며 그 신들에게 희생을 드리고 너를 청하면 네가 그 희생을 먹을까 함이며, 또 네가 그들의 딸들로 네 아들들의 아내를 삼음으로 그들의 딸들이 그 신들을 음란히 섬기며 네 아들로 그들의 신들을 음란히 섬기게 할까 함이니라. 너는 신상들을 부어 만들지 말지니라. 너는 무교절을 지키되 내가 네게 명한 대로 아빕월 그 기한에 칠 일 동안 무교병을 먹으라 이는 네가 아빕월에 애굽에서 나왔음이니라. 무릇 초태생은 다 내 것이며 무릇 네 가축의 수컷 처음 난 우양도 다 그러하며, 나귀의 첫새끼는 어린 양으로 대속할 것이요 그렇게 아니하려면 그 목을 꺾을 것이며 네 아들 중 장자는 다 대속할지며 빈 손으로 내 얼굴을 보지 말지니라. 너는 엿새 동안 일하고 제 칠 일에는 쉴지니 밭 갈 때에나 거둘 때에도 쉴지며, 칠칠절 곧 맥추의 초실절을 지키고 가을에는 수장절을 지키라. 너희 모든 남자는 매년 세 번씩 주 여호와 이스라엘의 하나님 앞에 보일지라. 내가 열방을 네 앞에서 쫓아내고 네 지경을 넓히리니 네가 매년 세 번씩 여호와 너희 하나님께 보이러 올 때에 아무 사람도 네 땅을 탐내어 엿보지 못하리라. 너는 내 희생의 피를 유교병과 함께 드리지 말며 유월절 희생을 아침까지 두지 말지며, 너의 토지 소산의 처음 익은 것을 가져다가 너의 하나님 여호와의 전에 드릴지며 너는 염소 새끼를 그 어미의 젖으로 삶지 말지니라. 여호와께서 모세에게 이르시되 너는 이 말들을 기록하라 내가 이 말들의 뜻대로 너와 이스라엘과 언약을 세웠음이니라 하시니라. 모세가 여호와와 함께 사십 일 사십 야를 거기 있으면서 떡도 먹지 아니하였고 물도 마시지 아니하였으며 여호와께서는 언약의 말씀 곧 십계를 그 판들에 기록하셨더라. 모세가 그 증거의 두 판을 자기 손에 들고 시내 산에서 내려오니 그 산에서 내려올 때에 모세는 자기가 여호와와 말씀하였음을 인하여 얼굴 꺼풀에 광채가 나나 깨닫지 못하였더라. | Z72: 미착수 | AA72: 미착수 | AB72: 미착수
A73: 72 | B73: R0072 | C73: 구약 | D73: 72 | E73: 19 | F73: ='안내'!$C$6+E73-1 | G73: =CHOOSE(WEEKDAY(F73,2),"월","화","수","목","금","토","일") | H73: 4 | I73: =INDEX('안내'!$C$11:$C$16,H73) | J73: 출애굽기 | K73: 출애굽기 34장 30절 ~ 35장 35절 | L73: 41 | M73: 2 | N73: 1467 | O73: =ROUND(N73/'안내'!$C$7*60+M73*'안내'!$C$8,0) | P73: =TEXT(O73/86400,"m:ss") | Q73: =TEXT((O73+'안내'!$C$9+'안내'!$C$10)/86400,"m:ss") | R73: 장 끝 | S73: ='안내'!$C$5&" | 출애굽기 34장 30절 ~ 35장 35절" | T73: ="#"&SUBSTITUTE('안내'!$C$5," ","")&" #성경읽기 #성경통독 #출애굽기 #개역한글" | U73: 출애굽기 34장 30절 ~ 35장 35절 (개역한글) 성경 본문: 개역한글판 · 낭독: AI 음성 | V73: 자동 입력 · 대조 필요 | W73: 줄바꿈 띄어쓰기 확인 | X73: 율법서: 광야와 장막, 돌판, 저녁 하늘 | Y73: 출애굽기 34장 30절부터. 아론과 온 이스라엘 자손이 모세를 볼 때에 모세의 얼굴 꺼풀에 광채 남을 보고 그에게 가까이 하기를 두려워하더니, 모세가 그들을 부르니 아론과 회중의 모든 어른이 모세에게로 오고 모세가 그들과 말하니, 그 후에야 온 이스라엘 자손이 가까이 오는지라 모세가 여호와께서 시내 산에서 자기에게 이르신 말씀을 다 그들에게 명하고, 그들에게 말하기를 마치고 수건으로 자기 얼굴을 가리웠더라. 그러나 모세가 여호와 앞에 들어가서 함께 말씀할 때에는 나오기까지 수건을 벗고 있다가 나와서는 그 명하신 일을 이스라엘 자손에게 고하며, 이스라엘 자손이 모세의 얼굴의 광채를 보는 고로 모세가 여호와께 말씀하러 들어가기까지 다시 수건으로 자기 얼굴을 가리웠더라. 출애굽기 35장. 모세가 이스라엘의 온 회중을 모으고 그들에게 이르되 여호와께서 너희에게 명하사 행하게 하신 말씀이 이러하니라. 엿새 동안은 일하고 제 칠 일은 너희에게 성일이니 여호와께 특별한 안식일이라 무릇 이 날에 일하는 자를 죽일지니, 안식일에는 너희의 모든 처소에서 불도 피우지 말지니라. 모세가 이스라엘 자손의 온 회중에게 고하여 가로되 여호와의 명하신 일이 이러하니라 이르시기를, 너희의 소유 중에서 너희는 여호와께 드릴 것을 취하되 무릇 마음에 원하는 자는 그것을 가져다가 여호와께 드릴지니 곧 금과 은과 놋과, 청색 자색 홍색실과 가는 베실과 염소털과, 붉은 물들인 숫양의 가죽과 해달의 가죽과 조각목과, 등유와 및 관유에 드는 향품과 분향할 향을 만드는 향품과, 호마노며 에봇과 흉패에 물릴 보석이니라. 무릇 너희 중 마음이 지혜로운 자는 와서 여호와의 명하신 것을 다 만들지니, 곧 성막과 그 막과 그 덮개와 그 갈고리와 그 널판과 그 띠와 그 기둥과 그 받침과, 증거궤와 그 채와 속죄소와 그 가리는 장과, 상과 그 채와 그 모든 기구와 진설병과, 불 켜는 등대와 그 기구와 그 등잔과 등유와, 분향단과 그 채와 관유와 분향할 향품과 성막문의 장과, 번제단과 그 놋 그물과 그 채와 그 모든 기구와 물두멍과 그 받침과, 뜰의 포장과 그 기둥과 그 받침과 뜰문의 장과, 장막 말뚝과 뜰의 포장 말뚝과 그 줄과, 성소에서 섬기기 위하여 공교히 만든 옷 곧 제사 직분을 행할 때에 입는 제사장 아론의 거룩한 옷과 그 아들들의 옷이니라. 이스라엘 자손의 온 회중이 모세 앞에서 물러갔더니, 무릇 마음이 감동된 자와 무릇 자원하는 자가 와서 성막을 짓기 위하여, 그 속에서 쓸 모든 것을 위하여, 거룩한 옷을 위하여 예물을 가져 여호와께 드렸으니, 곧 마음에 원하는 남녀가 와서 가슴 핀과 귀고리와 가락지와 목거리와 여러 가지 금품을 가져왔으되 사람마다 여호와께 금 예물을 드렸으며, 무릇 청색 자색 홍색실과 가는 베실과 염소털과 붉은 물들인 숫양의 가죽과 해달의 가죽이 있는 자도 가져왔으며, 무릇 은과 놋으로 예물을 삼는 자는 가져다가 여호와께 드렸으며 무릇 섬기는 일에 소용되는 조각목이 있는 자는 가져왔으며, 마음이 슬기로운 모든 여인은 손수 실을 낳고 그 낳은 청색 자색 홍색실과 가는 베실을 가져왔으며, 마음에 감동을 받아 슬기로운 모든 여인은 염소털로 실을 낳았으며, 모든 족장은 호마노와 및 에봇과 흉패에 물릴 보석을 가져왔으며, 등불과 관유와 분향할 향에 소용되는 기름과 향품을 가져왔으니, 마음에 원하는 이스라엘 자손의 남녀마다 여호와께서 모세의 손을 빙자하여 명하신 모든 것을 만들기 위하여 물품을 가져다가 여호와께 즐거이 드림이 이러하였더라. 모세가 이스라엘 자손에게 이르되 볼지어다. 여호와께서 유다 지파 훌의 손자요 우리의 아들인 브사렐을 지명하여 부르시고, 하나님의 신을 그에게 충만케 하여 지혜와 총명과 지식으로 여러 가지 일을 하게 하시되, 공교한 일을 연구하여 금과 은과 놋으로 일하게 하시며, 보석을 깎아 물리며 나무를 새기는 여러 가지 공교한 일을 하게 하셨고, 또 그와 단 지파 아히사막의 아들 오홀리압을 감동시키사 가르치게 하시며, 지혜로운 마음을 그들에게 충만하게 하사 여러 가지 일을 하게 하시되 조각하는 일과 공교로운 일과 청색 자색 홍색실과 가는 베실로 수놓은 일과 짜는 일과 그 외에 여러 가지 일을 하게 하시고 공교로운 일을 연구하게 하셨나니, | Z73: 미착수 | AA73: 미착수 | AB73: 미착수
